PRT1
2564
6857
4 0 4 (13312 8192 -2944 ) (13312 8192 7168 ) (13312 8992 7168 ) (13312 8992 -2944 ) 
4 0 1 (14336 8192 -2944 ) (14336 8192 7168 ) (13312 8192 7168 ) (13312 8192 -2944 ) 
4 1 6 (13312 7168 -2944 ) (13312 7168 7168 ) (13312 8192 7168 ) (13312 8192 -2944 ) 
4 1 2 (14336 7168 -2944 ) (14336 7168 7168 ) (13312 7168 7168 ) (13312 7168 -2944 ) 
4 2 12 (13312 6144 -2944 ) (13312 6144 7168 ) (13312 7168 7168 ) (13312 7168 -2944 ) 
4 2 3 (14336 6144 -2944 ) (14336 6144 7168 ) (13312 6144 7168 ) (13312 6144 -2944 ) 
4 3 20 (14336 5120 -2944 ) (14336 5120 7168 ) (13312 5120 7168 ) (13312 5120 -2944 ) 
4 3 14 (13312 5120 -2944 ) (13312 5120 7168 ) (13312 6144 7168 ) (13312 6144 -2944 ) 
4 4 6 (13312 8192 -2944 ) (13312 8192 7168 ) (12288 8192 7168 ) (12288 8192 -2944 ) 
4 4 5 (12288 8192 -2944 ) (12288 8192 7168 ) (12288 8992 7168 ) (12288 8992 -2944 ) 
4 5 8 (11264 8192 -2944 ) (11264 8192 7168 ) (11264 8992 7168 ) (11264 8992 -2944 ) 
4 5 7 (12288 8192 -2944 ) (12288 8192 7168 ) (11264 8192 7168 ) (11264 8192 -2944 ) 
4 6 12 (13312 7168 -2944 ) (13312 7168 7168 ) (12288 7168 7168 ) (12288 7168 -2944 ) 
4 6 7 (12288 8192 7168 ) (12288 8192 -2944 ) (12288 7168 -2944 ) (12288 7168 7168 ) 
4 7 13 (12288 7168 -2944 ) (12288 7168 7168 ) (11264 7168 7168 ) (11264 7168 -2944 ) 
4 7 10 (11264 7168 -2944 ) (11264 7168 7168 ) (11264 8192 7168 ) (11264 8192 -2944 ) 
4 8 10 (11264 8192 -2944 ) (11264 8192 7168 ) (10240 8192 7168 ) (10240 8192 -2944 ) 
4 8 9 (10240 8192 -2944 ) (10240 8192 7168 ) (10240 8992 7168 ) (10240 8992 -2944 ) 
4 9 45 (9216 8192 -2944 ) (9216 8192 7168 ) (9216 8992 7168 ) (9216 8992 -2944 ) 
4 9 11 (10240 8192 -2944 ) (10240 8192 7168 ) (9216 8192 7168 ) (9216 8192 -2944 ) 
4 10 16 (11264 7168 -2944 ) (11264 7168 7168 ) (10240 7168 7168 ) (10240 7168 -2944 ) 
4 10 11 (10240 8192 7168 ) (10240 8192 -2944 ) (10240 7168 -2944 ) (10240 7168 7168 ) 
4 11 51 (9216 7168 -2944 ) (9216 7168 640 ) (9216 8192 640 ) (9216 8192 -2944 ) 
4 11 48 (9216 7168 640 ) (9216 7168 3392 ) (9216 8192 3392 ) (9216 8192 640 ) 
4 11 47 (9216 7168 3392 ) (9216 7168 7168 ) (9216 8192 7168 ) (9216 8192 3392 ) 
4 11 17 (10240 7168 -2944 ) (10240 7168 7168 ) (9216 7168 7168 ) (9216 7168 -2944 ) 
4 12 14 (13312 6144 -2944 ) (13312 6144 7168 ) (12288 6144 7168 ) (12288 6144 -2944 ) 
4 12 13 (12288 7168 7168 ) (12288 7168 -2944 ) (12288 6144 -2944 ) (12288 6144 7168 ) 
4 13 16 (11264 7168 7168 ) (11264 7168 -2944 ) (11264 6144 -2944 ) (11264 6144 7168 ) 
4 13 15 (12288 6144 -2944 ) (12288 6144 7168 ) (11264 6144 7168 ) (11264 6144 -2944 ) 
4 14 25 (13312 5120 -2944 ) (13312 5120 7168 ) (12288 5120 7168 ) (12288 5120 -2944 ) 
4 14 15 (12288 6144 7168 ) (12288 6144 -2944 ) (12288 5120 -2944 ) (12288 5120 7168 ) 
4 15 26 (12288 5120 -2944 ) (12288 5120 7168 ) (11264 5120 7168 ) (11264 5120 -2944 ) 
4 15 18 (11264 5120 -2944 ) (11264 5120 7168 ) (11264 6144 7168 ) (11264 6144 -2944 ) 
4 16 18 (11264 6144 -2944 ) (11264 6144 7168 ) (10240 6144 7168 ) (10240 6144 -2944 ) 
4 16 17 (10240 7168 7168 ) (10240 7168 -2944 ) (10240 6144 -2944 ) (10240 6144 7168 ) 
4 17 77 (9216 6144 -2944 ) (9216 6144 640 ) (9216 7168 640 ) (9216 7168 -2944 ) 
4 17 73 (9216 6144 640 ) (9216 6144 3392 ) (9216 7168 3392 ) (9216 7168 640 ) 
4 17 72 (9216 6144 3392 ) (9216 6144 7168 ) (9216 7168 7168 ) (9216 7168 3392 ) 
4 17 19 (10240 6144 -2944 ) (10240 6144 7168 ) (9216 6144 7168 ) (9216 6144 -2944 ) 
4 18 29 (11264 5120 -2944 ) (11264 5120 7168 ) (10240 5120 7168 ) (10240 5120 -2944 ) 
4 18 19 (10240 6144 7168 ) (10240 6144 -2944 ) (10240 5120 -2944 ) (10240 5120 7168 ) 
4 19 93 (9216 5120 -2944 ) (9216 5120 640 ) (9216 6144 640 ) (9216 6144 -2944 ) 
4 19 88 (9216 5120 640 ) (9216 5120 3392 ) (9216 6144 3392 ) (9216 6144 640 ) 
4 19 87 (9216 5120 3392 ) (9216 5120 7168 ) (9216 6144 7168 ) (9216 6144 3392 ) 
4 19 30 (10240 5120 -2944 ) (10240 5120 7168 ) (9216 5120 7168 ) (9216 5120 -2944 ) 
4 20 25 (13312 5120 7168 ) (13312 5120 -2944 ) (13312 4096 -2944 ) (13312 4096 7168 ) 
4 20 21 (14336 4096 -2944 ) (14336 4096 7168 ) (13312 4096 7168 ) (13312 4096 -2944 ) 
4 21 27 (13312 3072 -2944 ) (13312 3072 7168 ) (13312 4096 7168 ) (13312 4096 -2944 ) 
4 21 22 (14336 3072 -2944 ) (14336 3072 7168 ) (13312 3072 7168 ) (13312 3072 -2944 ) 
4 22 33 (13312 2048 -2944 ) (13312 2048 7168 ) (13312 3072 7168 ) (13312 3072 -2944 ) 
4 22 23 (14336 2048 -2944 ) (14336 2048 7168 ) (13312 2048 7168 ) (13312 2048 -2944 ) 
4 23 35 (13312 1024 -2944 ) (13312 1024 7168 ) (13312 2048 7168 ) (13312 2048 -2944 ) 
4 23 24 (13312 1024 7168 ) (13312 1024 -2944 ) (14336 1024 -2944 ) (14336 1024 7168 ) 
4 24 1621 (14336 0 -2944 ) (14336 0 7168 ) (13312 0 7168 ) (13312 0 -2944 ) 
4 24 37 (13312 0 -2944 ) (13312 0 7168 ) (13312 1024 7168 ) (13312 1024 -2944 ) 
4 25 27 (13312 4096 -2944 ) (13312 4096 7168 ) (12288 4096 7168 ) (12288 4096 -2944 ) 
4 25 26 (12288 5120 7168 ) (12288 5120 -2944 ) (12288 4096 -2944 ) (12288 4096 7168 ) 
4 26 29 (11264 5120 7168 ) (11264 5120 -2944 ) (11264 4096 -2944 ) (11264 4096 7168 ) 
4 26 28 (12288 4096 -2944 ) (12288 4096 7168 ) (11264 4096 7168 ) (11264 4096 -2944 ) 
4 27 33 (13312 3072 -2944 ) (13312 3072 7168 ) (12288 3072 7168 ) (12288 3072 -2944 ) 
4 27 28 (12288 4096 7168 ) (12288 4096 -2944 ) (12288 3072 -2944 ) (12288 3072 7168 ) 
4 28 34 (12288 3072 -2944 ) (12288 3072 7168 ) (11264 3072 7168 ) (11264 3072 -2944 ) 
4 28 31 (11264 3072 -2944 ) (11264 3072 7168 ) (11264 4096 7168 ) (11264 4096 -2944 ) 
4 29 31 (11264 4096 -2944 ) (11264 4096 7168 ) (10240 4096 7168 ) (10240 4096 -2944 ) 
4 29 30 (10240 5120 7168 ) (10240 5120 -2944 ) (10240 4096 -2944 ) (10240 4096 7168 ) 
4 30 234 (9216 4096 -2944 ) (9216 4096 640 ) (9216 5120 640 ) (9216 5120 -2944 ) 
4 30 232 (9216 4096 640 ) (9216 4096 7168 ) (9216 5120 7168 ) (9216 5120 640 ) 
4 30 32 (10240 4096 -2944 ) (10240 4096 7168 ) (9216 4096 7168 ) (9216 4096 -2944 ) 
4 31 39 (11264 3072 -2944 ) (11264 3072 7168 ) (10240 3072 7168 ) (10240 3072 -2944 ) 
4 31 32 (10240 4096 7168 ) (10240 4096 -2944 ) (10240 3072 -2944 ) (10240 3072 7168 ) 
4 32 251 (9216 3072 -2944 ) (9216 3072 640 ) (9216 4096 640 ) (9216 4096 -2944 ) 
4 32 247 (9216 3072 640 ) (9216 3072 3392 ) (9216 4096 3392 ) (9216 4096 640 ) 
4 32 246 (9216 3072 3392 ) (9216 3072 7168 ) (9216 4096 7168 ) (9216 4096 3392 ) 
4 32 40 (10240 3072 -2944 ) (10240 3072 7168 ) (9216 3072 7168 ) (9216 3072 -2944 ) 
4 33 35 (13312 2048 -2944 ) (13312 2048 7168 ) (12288 2048 7168 ) (12288 2048 -2944 ) 
4 33 34 (12288 3072 7168 ) (12288 3072 -2944 ) (12288 2048 -2944 ) (12288 2048 7168 ) 
4 34 39 (11264 3072 7168 ) (11264 3072 -2944 ) (11264 2048 -2944 ) (11264 2048 7168 ) 
4 34 36 (12288 2048 -2944 ) (12288 2048 7168 ) (11264 2048 7168 ) (11264 2048 -2944 ) 
4 35 37 (13312 1024 -2944 ) (13312 1024 7168 ) (12288 1024 7168 ) (12288 1024 -2944 ) 
4 35 36 (12288 1024 -2944 ) (12288 1024 7168 ) (12288 2048 7168 ) (12288 2048 -2944 ) 
4 36 41 (11264 1024 -2944 ) (11264 1024 7168 ) (11264 2048 7168 ) (11264 2048 -2944 ) 
4 36 38 (11264 1024 7168 ) (11264 1024 -2944 ) (12288 1024 -2944 ) (12288 1024 7168 ) 
4 37 1625 (13312 0 -2944 ) (13312 0 7168 ) (12288 0 7168 ) (12288 0 -2944 ) 
4 37 38 (12288 1024 7168 ) (12288 1024 -2944 ) (12288 0 -2944 ) (12288 0 7168 ) 
4 38 1626 (12288 0 -2944 ) (12288 0 7168 ) (11264 0 7168 ) (11264 0 -2944 ) 
4 38 43 (11264 0 -2944 ) (11264 0 7168 ) (11264 1024 7168 ) (11264 1024 -2944 ) 
4 39 41 (11264 2048 -2944 ) (11264 2048 7168 ) (10240 2048 7168 ) (10240 2048 -2944 ) 
4 39 40 (10240 3072 7168 ) (10240 3072 -2944 ) (10240 2048 -2944 ) (10240 2048 7168 ) 
4 40 286 (9216 2048 -2944 ) (9216 2048 640 ) (9216 3072 640 ) (9216 3072 -2944 ) 
4 40 285 (9216 2048 640 ) (9216 2048 2368 ) (9216 2816 2368 ) (9216 2816 640 ) 
4 40 283 (9216 2048 2368 ) (9216 2048 7168 ) (9216 2816 7168 ) (9216 2816 2368 ) 
4 40 282 (9216 3072 2944 ) (9216 3072 640 ) (9216 2816 640 ) (9216 2816 2944 ) 
4 40 281 (9216 2816 7168 ) (9216 3072 7168 ) (9216 3072 2944 ) (9216 2816 2944 ) 
4 40 42 (10240 2048 -2944 ) (10240 2048 7168 ) (9216 2048 7168 ) (9216 2048 -2944 ) 
4 41 43 (11264 1024 -2944 ) (11264 1024 7168 ) (10240 1024 7168 ) (10240 1024 -2944 ) 
4 41 42 (10240 1024 -2944 ) (10240 1024 7168 ) (10240 2048 7168 ) (10240 2048 -2944 ) 
4 42 298 (9216 1024 -2944 ) (9216 1024 2368 ) (9216 1664 2368 ) (9216 1664 -2944 ) 
4 42 297 (9216 2048 640 ) (9216 2048 -2944 ) (9216 1664 -2944 ) (9216 1664 640 ) 
4 42 296 (9216 1664 2368 ) (9216 2048 2368 ) (9216 2048 640 ) (9216 1664 640 ) 
4 42 294 (9216 1024 2368 ) (9216 1024 7168 ) (9216 2048 7168 ) (9216 2048 2368 ) 
4 42 44 (9216 1024 7168 ) (9216 1024 -2944 ) (10240 1024 -2944 ) (10240 1024 7168 ) 
4 43 1629 (11264 0 -2944 ) (11264 0 7168 ) (10240 0 7168 ) (10240 0 -2944 ) 
4 43 44 (10240 1024 7168 ) (10240 1024 -2944 ) (10240 0 -2944 ) (10240 0 7168 ) 
4 44 1630 (10240 0 -2944 ) (10240 0 7168 ) (9216 0 7168 ) (9216 0 -2944 ) 
4 44 314 (9216 0 -2944 ) (9216 0 640 ) (9216 1024 640 ) (9216 1024 -2944 ) 
4 44 312 (9216 0 640 ) (9216 0 2368 ) (9216 1024 2368 ) (9216 1024 640 ) 
4 44 309 (9216 0 2368 ) (9216 0 7168 ) (9216 1024 7168 ) (9216 1024 2368 ) 
4 45 51 (9216 8192 -2944 ) (9216 8192 640 ) (8192 8192 640 ) (8192 8192 -2944 ) 
4 45 50 (8448 8192 3392 ) (8192 8192 3392 ) (8192 8192 640 ) (8448 8192 640 ) 
4 45 49 (8576 8192 3392 ) (8448 8192 3392 ) (8448 8192 640 ) (8576 8192 640 ) 
4 45 48 (9216 8192 640 ) (9216 8192 3392 ) (8576 8192 3392 ) (8576 8192 640 ) 
4 45 47 (9216 8192 3392 ) (9216 8192 7168 ) (8192 8192 7168 ) (8192 8192 3392 ) 
4 45 46 (8192 8192 -2944 ) (8192 8192 7168 ) (8192 8992 7168 ) (8192 8992 -2944 ) 
4 46 55 (7168 8192 -2944 ) (7168 8192 7168 ) (7168 8992 7168 ) (7168 8992 -2944 ) 
4 46 54 (8192 8192 -2944 ) (8192 8192 640 ) (7168 8192 640 ) (7168 8192 -2944 ) 
4 46 52 (8192 8192 640 ) (8192 8192 7168 ) (7168 8192 7168 ) (7168 8192 640 ) 
4 47 75 (8192 7168 3840 ) (8192 7168 3392 ) (8448 7168 3392 ) (8448 7168 3840 ) 
4 47 74 (8448 7168 7168 ) (8192 7168 7168 ) (8192 7168 3840 ) (8448 7168 3840 ) 
4 47 72 (9216 7168 3392 ) (9216 7168 7168 ) (8448 7168 7168 ) (8448 7168 3392 ) 
4 47 53 (8192 7680 3392 ) (8192 7168 3392 ) (8192 7168 7168 ) (8192 7680 7168 ) 
4 47 52 (8192 8192 7168 ) (8192 8192 3392 ) (8192 7680 3392 ) (8192 7680 7168 ) 
4 47 50 (8192 7680 3392 ) (8192 8192 3392 ) (8448 8192 3392 ) (8448 7680 3392 ) 
4 47 49 (8448 8192 3392 ) (8576 8192 3392 ) (8576 7680 3392 ) (8448 7680 3392 ) 
4 47 48 (8576 8192 3392 ) (9216 8192 3392 ) (9216 7168 3392 ) (8576 7168 3392 ) 
4 48 73 (9216 7168 640 ) (9216 7168 3392 ) (8576 7168 3392 ) (8576 7168 640 ) 
4 48 51 (9216 7168 640 ) (8576 7168 640 ) (8576 8192 640 ) (9216 8192 640 ) 
4 48 49 (8576 8192 640 ) (8576 7680 640 ) (8576 7680 3392 ) (8576 8192 3392 ) 
4 49 51 (8448 7680 640 ) (8448 8192 640 ) (8576 8192 640 ) (8576 7680 640 ) 
4 49 50 (8448 8192 640 ) (8448 7680 640 ) (8448 7680 3392 ) (8448 8192 3392 ) 
4 50 52 (8192 8192 3392 ) (8192 8192 640 ) (8192 7680 640 ) (8192 7680 3392 ) 
4 50 51 (8192 7680 640 ) (8192 8192 640 ) (8448 8192 640 ) (8448 7680 640 ) 
4 51 77 (9216 7168 -2944 ) (9216 7168 640 ) (8192 7168 640 ) (8192 7168 -2944 ) 
4 51 54 (8192 8192 640 ) (8192 8192 -2944 ) (8192 7168 -2944 ) (8192 7168 640 ) 
4 52 58 (7168 8192 3968 ) (7168 8192 3840 ) (7168 7680 3840 ) (7168 7680 3968 ) 
4 52 57 (7168 7680 7168 ) (7168 8192 7168 ) (7168 8192 3968 ) (7168 7680 3968 ) 
4 52 54 (8192 8192 640 ) (8192 7680 640 ) (7168 7680 640 ) (7168 8192 640 ) 
4 52 53 (8192 7680 3392 ) (8192 7680 7168 ) (7168 7680 7168 ) (7168 7680 3392 ) 
4 53 79 (8192 7168 3392 ) (8192 7168 3840 ) (7168 7168 3840 ) (7168 7168 3392 ) 
4 53 78 (8192 7168 3840 ) (8192 7168 7168 ) (7168 7168 7168 ) (7168 7168 3840 ) 
4 53 57 (7168 7168 3968 ) (7168 7168 7168 ) (7168 7680 7168 ) (7168 7680 3968 ) 
4 54 86 (8192 7168 -2944 ) (8192 7168 640 ) (7168 7168 640 ) (7168 7168 -2944 ) 
4 54 61 (7168 7168 -2944 ) (7168 7168 640 ) (7168 8192 640 ) (7168 8192 -2944 ) 
4 55 61 (7168 8192 -2944 ) (7168 8192 640 ) (6144 8192 640 ) (6144 8192 -2944 ) 
4 55 58 (7168 8192 3840 ) (7168 8192 3968 ) (6144 8192 3968 ) (6144 8192 3840 ) 
4 55 57 (7168 8192 3968 ) (7168 8192 7168 ) (6144 8192 7168 ) (6144 8192 3968 ) 
4 55 56 (6144 8192 -2944 ) (6144 8192 7168 ) (6144 8992 7168 ) (6144 8992 -2944 ) 
4 56 141 (5120 8192 -2944 ) (5120 8192 7168 ) (5120 8992 7168 ) (5120 8992 -2944 ) 
4 56 70 (5344 8192 3840 ) (5120 8192 3840 ) (5120 8192 -2944 ) (5344 8192 -2944 ) 
4 56 69 (5344 8192 640 ) (5344 8192 -2944 ) (5728 8192 -2944 ) (5728 8192 640 ) 
4 56 68 (5344 8192 2208 ) (5344 8192 640 ) (5728 8192 640 ) (5728 8192 2208 ) 
4 56 66 (5344 8192 2720 ) (5344 8192 2208 ) (5728 8192 2208 ) (5728 8192 2720 ) 
4 56 65 (5728 8192 3840 ) (5344 8192 3840 ) (5344 8192 2720 ) (5728 8192 2720 ) 
4 56 64 (6144 8192 -2944 ) (6144 8192 640 ) (5728 8192 640 ) (5728 8192 -2944 ) 
4 56 62 (6144 8192 3840 ) (6144 8192 7168 ) (5120 8192 7168 ) (5120 8192 3840 ) 
4 57 103 (7168 7168 3968 ) (7168 7168 7168 ) (6144 7168 7168 ) (6144 7168 3968 ) 
4 57 63 (6144 7680 3968 ) (6144 7168 3968 ) (6144 7168 7168 ) (6144 7680 7168 ) 
4 57 62 (6144 8192 7168 ) (6144 8192 3968 ) (6144 7680 3968 ) (6144 7680 7168 ) 
4 57 58 (6144 8192 3968 ) (7168 8192 3968 ) (7168 7680 3968 ) (6144 7680 3968 ) 
4 58 62 (6144 8192 3968 ) (6144 8192 3840 ) (6144 7680 3840 ) (6144 7680 3968 ) 
4 59 105 (6624 7168 2336 ) (6624 7168 1824 ) (7008 7168 1824 ) (7008 7168 2336 ) 
4 59 60 (6624 7744 1824 ) (6624 7232 1824 ) (6624 7232 2336 ) (6624 7744 2336 ) 
4 61 107 (6624 7168 640 ) (6144 7168 640 ) (6144 7168 -2944 ) (6624 7168 -2944 ) 
4 61 106 (7008 7168 640 ) (6624 7168 640 ) (6624 7168 -2944 ) (7008 7168 -2944 ) 
4 61 104 (7168 7168 -2944 ) (7168 7168 640 ) (7008 7168 640 ) (7008 7168 -2944 ) 
4 61 64 (6144 8192 640 ) (6144 8192 -2944 ) (6144 7168 -2944 ) (6144 7168 640 ) 
4 62 143 (5120 7680 7168 ) (5120 8192 7168 ) (5120 8192 3840 ) (5120 7680 3840 ) 
4 62 70 (5344 7680 3840 ) (5120 7680 3840 ) (5120 8192 3840 ) (5344 8192 3840 ) 
4 62 65 (5728 7680 3840 ) (5344 7680 3840 ) (5344 8192 3840 ) (5728 8192 3840 ) 
4 62 63 (6144 7680 3968 ) (6144 7680 7168 ) (5120 7680 7168 ) (5120 7680 3968 ) 
4 63 144 (5120 7168 3968 ) (5120 7168 7168 ) (5120 7680 7168 ) (5120 7680 3968 ) 
4 63 114 (6144 7168 3968 ) (6144 7168 7168 ) (5120 7168 7168 ) (5120 7168 3968 ) 
4 64 115 (6144 7168 -2944 ) (6144 7168 640 ) (5728 7168 640 ) (5728 7168 -2944 ) 
4 64 69 (5728 8192 640 ) (5728 8192 -2944 ) (5728 7168 -2944 ) (5728 7168 640 ) 
4 65 70 (5344 7680 3840 ) (5344 8192 3840 ) (5344 8192 2720 ) (5344 7680 2720 ) 
4 65 66 (5344 7680 2720 ) (5344 8192 2720 ) (5728 8192 2720 ) (5728 7680 2720 ) 
4 66 70 (5344 7680 2720 ) (5344 8192 2720 ) (5344 8192 2208 ) (5344 7680 2208 ) 
4 66 68 (5344 7680 2208 ) (5344 8192 2208 ) (5728 8192 2208 ) (5728 7680 2208 ) 
4 67 116 (5728 7168 2208 ) (5728 7168 2720 ) (5344 7168 2720 ) (5344 7168 2208 ) 
4 68 70 (5344 7680 2208 ) (5344 8192 2208 ) (5344 8192 640 ) (5344 7680 640 ) 
4 68 69 (5344 7680 640 ) (5344 8192 640 ) (5728 8192 640 ) (5728 7680 640 ) 
4 69 117 (5728 7168 -2944 ) (5728 7168 640 ) (5344 7168 640 ) (5344 7168 -2944 ) 
4 69 71 (5344 7168 -2944 ) (5344 7168 640 ) (5344 7680 640 ) (5344 7680 -2944 ) 
4 69 70 (5344 7680 640 ) (5344 8192 640 ) (5344 8192 -2944 ) (5344 7680 -2944 ) 
4 70 146 (5120 7680 3840 ) (5120 8192 3840 ) (5120 8192 -2944 ) (5120 7680 -2944 ) 
4 70 71 (5120 7680 -2944 ) (5344 7680 -2944 ) (5344 7680 640 ) (5120 7680 640 ) 
4 71 147 (5120 7168 -2944 ) (5120 7168 640 ) (5120 7680 640 ) (5120 7680 -2944 ) 
4 71 118 (5344 7168 -2944 ) (5344 7168 640 ) (5120 7168 640 ) (5120 7168 -2944 ) 
4 72 87 (9216 6144 3392 ) (9216 6144 7168 ) (8448 6144 7168 ) (8448 6144 3392 ) 
4 72 75 (8448 7168 3840 ) (8448 7168 3392 ) (8448 6784 3392 ) (8448 6784 3840 ) 
4 72 74 (8448 7168 7168 ) (8448 7168 3840 ) (8448 6144 3840 ) (8448 6144 7168 ) 
4 72 73 (9216 6144 3392 ) (8576 6144 3392 ) (8576 7168 3392 ) (9216 7168 3392 ) 
4 73 88 (9216 6144 640 ) (9216 6144 3392 ) (8576 6144 3392 ) (8576 6144 640 ) 
4 73 77 (9216 6144 640 ) (8576 6144 640 ) (8576 7168 640 ) (9216 7168 640 ) 
4 74 89 (8192 6144 7168 ) (8192 6144 3840 ) (8448 6144 3840 ) (8448 6144 7168 ) 
4 74 80 (8192 6464 3840 ) (8192 6144 3840 ) (8192 6144 7168 ) (8192 6464 7168 ) 
4 74 78 (8192 7168 7168 ) (8192 7168 3840 ) (8192 6464 3840 ) (8192 6464 7168 ) 
4 74 75 (8192 7168 3840 ) (8448 7168 3840 ) (8448 6784 3840 ) (8192 6784 3840 ) 
4 75 79 (8192 7168 3840 ) (8192 7168 3392 ) (8192 6784 3392 ) (8192 6784 3840 ) 
4 76 90 (8192 6144 2944 ) (8192 6144 2304 ) (8448 6144 2304 ) (8448 6144 2944 ) 
4 76 81 (8192 6144 2304 ) (8192 6144 2944 ) (8192 6464 2944 ) (8192 6464 2304 ) 
4 77 93 (9216 6144 -2944 ) (9216 6144 640 ) (8192 6144 640 ) (8192 6144 -2944 ) 
4 77 86 (8192 7168 640 ) (8192 7168 -2944 ) (8192 6144 -2944 ) (8192 6144 640 ) 
4 78 103 (7168 7168 7168 ) (7168 7168 3968 ) (7168 6464 3968 ) (7168 6464 7168 ) 
4 78 82 (7552 6464 7168 ) (7168 6464 7168 ) (7168 6464 3840 ) (7552 6464 3840 ) 
4 78 80 (8192 6464 3840 ) (8192 6464 7168 ) (7552 6464 7168 ) (7552 6464 3840 ) 
4 78 79 (7168 6784 3840 ) (7168 7168 3840 ) (8192 7168 3840 ) (8192 6784 3840 ) 
4 80 94 (8192 6144 3840 ) (8192 6144 7168 ) (7552 6144 7168 ) (7552 6144 3840 ) 
4 80 82 (7552 6464 7168 ) (7552 6464 3840 ) (7552 6144 3840 ) (7552 6144 7168 ) 
4 81 95 (8192 6144 2304 ) (8192 6144 2944 ) (7552 6144 2944 ) (7552 6144 2304 ) 
4 81 85 (7552 6336 2304 ) (7552 6144 2304 ) (7552 6144 2944 ) (7552 6336 2944 ) 
4 81 83 (7552 6464 2944 ) (7552 6464 2304 ) (7552 6336 2304 ) (7552 6336 2944 ) 
4 82 103 (7168 6144 3968 ) (7168 6144 7168 ) (7168 6464 7168 ) (7168 6464 3968 ) 
4 82 98 (7552 6144 7168 ) (7168 6144 7168 ) (7168 6144 3840 ) (7552 6144 3840 ) 
4 83 109 (7168 6336 2944 ) (7168 6464 2944 ) (7168 6464 1664 ) (7168 6336 1664 ) 
4 83 85 (7552 6336 2304 ) (7552 6336 2944 ) (7168 6336 2944 ) (7168 6336 2419.200684 ) 
4 83 84 (7168 6336 1664 ) (7552 6336 1664 ) (7552 6336 2240 ) (7168 6336 2355.199707 ) 
4 84 110 (7168 6144 1664 ) (7168 6144 2355.199707 ) (7168 6336 2355.199707 ) (7168 6336 1664 ) 
4 84 99 (7168 6144 2355.199707 ) (7168 6144 1664 ) (7552 6144 1664 ) (7552 6144 2240 ) 
4 85 111 (7168 6144 2419.200684 ) (7168 6144 2944 ) (7168 6336 2944 ) (7168 6336 2419.200684 ) 
4 85 100 (7168 6144 2944 ) (7168 6144 2419.200684 ) (7552 6144 2304 ) (7552 6144 2944 ) 
4 86 113 (7168 6784 -2944 ) (7168 6144 -2944 ) (7168 6144 640 ) (7168 6784 640 ) 
4 86 104 (7168 7168 640 ) (7168 7168 -2944 ) (7168 6784 -2944 ) (7168 6784 640 ) 
4 86 102 (8192 6144 -2944 ) (8192 6144 640 ) (7168 6144 640 ) (7168 6144 -2944 ) 
4 87 233 (8576 5120 7168 ) (8448 5120 7168 ) (8448 5120 3392 ) (8576 5120 3392 ) 
4 87 232 (9216 5120 3392 ) (9216 5120 7168 ) (8576 5120 7168 ) (8576 5120 3392 ) 
4 87 89 (8448 6144 7168 ) (8448 6144 3840 ) (8448 5120 3840 ) (8448 5120 7168 ) 
4 87 88 (9216 5120 3392 ) (8576 5120 3392 ) (8576 6144 3392 ) (9216 6144 3392 ) 
4 88 232 (9216 5120 640 ) (9216 5120 3392 ) (8576 5120 3392 ) (8576 5120 640 ) 
4 88 93 (9216 5120 640 ) (8576 5120 640 ) (8576 6144 640 ) (9216 6144 640 ) 
4 89 235 (8192 5120 7168 ) (8192 5120 3840 ) (8448 5120 3840 ) (8448 5120 7168 ) 
4 89 94 (8192 6144 7168 ) (8192 6144 3840 ) (8192 5120 3840 ) (8192 5120 7168 ) 
4 90 236 (8192 5120 2944 ) (8192 5120 2304 ) (8448 5120 2304 ) (8448 5120 2944 ) 
4 90 97 (8192 5312 2304 ) (8192 5120 2304 ) (8192 5120 2944 ) (8192 5312 2944 ) 
4 90 96 (8192 5696 2304 ) (8192 5312 2304 ) (8192 5312 2944 ) (8192 5696 2944 ) 
4 90 95 (8192 6144 2944 ) (8192 6144 2304 ) (8192 5696 2304 ) (8192 5696 2944 ) 
4 90 92 (8448 5312 2304 ) (8448 5120 2304 ) (8192 5120 2304 ) (8192 5312 2304 ) 
4 90 91 (8448 5696 2304 ) (8448 5312 2304 ) (8192 5312 2304 ) (8192 5696 2304 ) 
4 91 96 (8192 5312 2176 ) (8192 5312 2304 ) (8192 5696 2304 ) (8192 5696 2176 ) 
4 91 92 (8448 5312 2176 ) (8448 5312 2304 ) (8192 5312 2304 ) (8192 5312 2176 ) 
4 92 236 (8192 5120 2304 ) (8192 5120 2048 ) (8448 5120 2048 ) (8448 5120 2304 ) 
4 92 97 (8192 5120 2048 ) (8192 5120 2304 ) (8192 5312 2304 ) (8192 5312 2048 ) 
4 93 239 (8448 5120 640 ) (8192 5120 640 ) (8192 5120 -2944 ) (8448 5120 -2944 ) 
4 93 234 (9216 5120 -2944 ) (9216 5120 640 ) (8448 5120 640 ) (8448 5120 -2944 ) 
4 93 102 (8192 6144 640 ) (8192 6144 -2944 ) (8192 5120 -2944 ) (8192 5120 640 ) 
4 94 240 (8192 5120 3840 ) (8192 5120 7168 ) (7552 5120 7168 ) (7552 5120 3840 ) 
4 94 98 (7552 6144 7168 ) (7552 6144 3840 ) (7552 5120 3840 ) (7552 5120 7168 ) 
4 95 100 (7552 6144 2944 ) (7552 6144 2304 ) (7552 5824 2304 ) (7552 5824 2944 ) 
4 95 101 (7552 5824 2304 ) (7552 5696 2304 ) (7552 5696 2944 ) (7552 5824 2944 ) 
4 95 96 (8192 5696 2944 ) (7936 5696 2944 ) (7936 5696 2304 ) (8192 5696 2304 ) 
4 96 97 (8192 5312 2176 ) (8192 5312 2944 ) (7936 5312 2944 ) (7936 5312 2176 ) 
4 97 241 (8192 5120 2048 ) (8192 5120 2944 ) (7936 5120 2944 ) (7936 5120 2048 ) 
4 98 240 (7168 5120 7168 ) (7168 5120 3840 ) (7552 5120 3840 ) (7552 5120 7168 ) 
4 98 124 (7168 5120 3968 ) (7168 5120 7168 ) (7168 6144 7168 ) (7168 6144 3968 ) 
4 99 125 (7168 6144 2355.199707 ) (7168 6144 1664 ) (7168 5824 1664 ) (7168 5824 2355.199707 ) 
4 99 101 (7168 5824 1664 ) (7552 5824 1664 ) (7552 5824 2240 ) (7168 5824 2355.199707 ) 
4 100 130 (7168 5824 2944 ) (7168 6144 2944 ) (7168 6144 2419.200684 ) (7168 5824 2419.200684 ) 
4 100 101 (7552 5824 2304 ) (7552 5824 2944 ) (7168 5824 2944 ) (7168 5824 2419.200684 ) 
4 101 244 (7168 5120 2944 ) (7168 5120 1664 ) (7552 5120 1664 ) (7552 5120 2944 ) 
4 101 132 (7168 5120 2355.199707 ) (7168 5120 2944 ) (7168 5824 2944 ) (7168 5824 2355.199707 ) 
4 101 126 (7168 5120 1664 ) (7168 5120 2355.199707 ) (7168 5248 2355.199707 ) (7168 5248 1664 ) 
4 101 125 (7168 5248 2355.199707 ) (7168 5824 2355.199707 ) (7168 5824 1664 ) (7168 5248 1664 ) 
4 102 245 (8192 5120 -2944 ) (8192 5120 640 ) (7168 5120 640 ) (7168 5120 -2944 ) 
4 102 128 (7168 5120 -2944 ) (7168 5120 640 ) (7168 6144 640 ) (7168 6144 -2944 ) 
4 103 124 (7168 6144 3968 ) (7168 6144 7168 ) (6144 6144 7168 ) (6144 6144 3968 ) 
4 103 114 (6144 7168 7168 ) (6144 7168 3968 ) (6144 6144 3968 ) (6144 6144 7168 ) 
4 104 113 (7008 6784 640 ) (7008 6784 -2944 ) (7168 6784 -2944 ) (7168 6784 640 ) 
4 104 106 (7008 6784 -2944 ) (7008 6784 640 ) (7008 7168 640 ) (7008 7168 -2944 ) 
4 105 109 (6720 6784 1824 ) (7008 6784 1824 ) (7008 6784 2336 ) (6720 6784 2336 ) 
4 105 112 (6624 6784 2336 ) (6624 6784 1824 ) (6720 6784 1824 ) (6720 6784 2336 ) 
4 106 113 (6624 6784 640 ) (6624 6784 -2944 ) (7008 6784 -2944 ) (7008 6784 640 ) 
4 106 107 (6624 6784 -2944 ) (6624 6784 640 ) (6624 7168 640 ) (6624 7168 -2944 ) 
4 107 115 (6144 7168 640 ) (6144 7168 -2944 ) (6144 6784 -2944 ) (6144 6784 640 ) 
4 107 113 (6144 6784 640 ) (6144 6784 -2944 ) (6624 6784 -2944 ) (6624 6784 640 ) 
4 108 129 (7040 6144 3840 ) (6144 6144 3840 ) (6144 6144 2944 ) (7040 6144 2944 ) 
4 108 119 (6144 6144 2944 ) (6144 6144 3840 ) (6144 6784 3840 ) (6144 6784 2944 ) 
4 108 111 (7040 6336 2944 ) (7040 6144 2944 ) (6720 6144 2944 ) (6720 6336 2944 ) 
4 108 109 (6720 6784 2944 ) (7040 6784 2944 ) (7040 6336 2944 ) (6720 6336 2944 ) 
4 108 112 (6144 6144 2944 ) (6144 6784 2944 ) (6720 6784 2944 ) (6720 6144 2944 ) 
4 109 111 (6720 6336 2944 ) (6720 6336 2553.600342 ) (7168 6336 2419.200684 ) (7168 6336 2944 ) 
4 109 110 (6720 6336 2489.599854 ) (6720 6336 704 ) (7168 6336 704 ) (7168 6336 2355.199707 ) 
4 109 112 (6720 6784 704 ) (6720 6336 704 ) (6720 6336 2944 ) (6720 6784 2944 ) 
4 110 125 (7168 6144 704 ) (7168 6144 2355.199707 ) (6720 6144 2489.599854 ) (6720 6144 704 ) 
4 110 112 (6720 6336 704 ) (6720 6144 704 ) (6720 6144 2489.599854 ) (6720 6336 2489.599854 ) 
4 111 130 (7168 6144 2419.200684 ) (7168 6144 2944 ) (6720 6144 2944 ) (6720 6144 2553.600342 ) 
4 111 112 (6720 6144 2553.600342 ) (6720 6144 2944 ) (6720 6336 2944 ) (6720 6336 2553.600342 ) 
4 112 131 (6720 6144 2944 ) (6144 6144 2944 ) (6144 6144 2662.399658 ) (6720 6144 2489.599854 ) 
4 112 125 (6144 6144 2662.399658 ) (6144 6144 704 ) (6720 6144 704 ) (6720 6144 2489.599854 ) 
4 112 119 (6144 6144 704 ) (6144 6144 2944 ) (6144 6784 2944 ) (6144 6784 704 ) 
4 113 128 (7168 6144 -2944 ) (7168 6144 640 ) (6144 6144 640 ) (6144 6144 -2944 ) 
4 113 123 (6144 6144 -2944 ) (6144 6144 640 ) (6144 6784 640 ) (6144 6784 -2944 ) 
4 114 150 (5120 6144 3968 ) (5120 6144 7168 ) (5120 7168 7168 ) (5120 7168 3968 ) 
4 114 137 (6144 6144 3968 ) (6144 6144 7168 ) (5120 6144 7168 ) (5120 6144 3968 ) 
4 115 123 (5728 6784 640 ) (5728 6784 -2944 ) (6144 6784 -2944 ) (6144 6784 640 ) 
4 115 117 (5728 6784 -2944 ) (5728 6784 640 ) (5728 7168 640 ) (5728 7168 -2944 ) 
4 116 120 (5344 6784 2720 ) (5344 6784 2208 ) (5696 6784 2208 ) (5696 6784 2720 ) 
4 116 119 (5696 6784 2208 ) (5728 6784 2208 ) (5728 6784 2720 ) (5696 6784 2720 ) 
4 117 123 (5344 6784 640 ) (5344 6784 -2944 ) (5728 6784 -2944 ) (5728 6784 640 ) 
4 117 118 (5344 6784 -2944 ) (5344 6784 640 ) (5344 7168 640 ) (5344 7168 -2944 ) 
4 118 151 (5120 6784 -2944 ) (5120 6784 640 ) (5120 7168 640 ) (5120 7168 -2944 ) 
4 118 123 (5120 6784 640 ) (5120 6784 -2944 ) (5344 6784 -2944 ) (5344 6784 640 ) 
4 119 138 (6144 6144 2662.400146 ) (6144 6144 3840 ) (5696 6144 3840 ) (5696 6144 2796.800293 ) 
4 119 133 (6144 6144 704 ) (6144 6144 2662.400146 ) (5696 6144 2796.800293 ) (5696 6144 704 ) 
4 119 122 (5696 6336 704 ) (5696 6144 704 ) (5696 6144 2796.800049 ) (5696 6336 2796.800049 ) 
4 119 121 (5696 6144 2860.800537 ) (5696 6144 3840 ) (5696 6336 3840 ) (5696 6336 2860.800537 ) 
4 119 120 (5696 6784 3840 ) (5696 6784 704 ) (5696 6336 704 ) (5696 6336 3840 ) 
4 120 152 (5120 6336 3840 ) (5120 6784 3840 ) (5120 6784 704 ) (5120 6336 704 ) 
4 120 122 (5120 6336 704 ) (5696 6336 704 ) (5696 6336 2796.800049 ) (5120 6336 2969.600098 ) 
4 120 121 (5696 6336 2860.800537 ) (5696 6336 3840 ) (5120 6336 3840 ) (5120 6336 3033.600586 ) 
4 121 153 (5120 6144 3033.600342 ) (5120 6144 3840 ) (5120 6336 3840 ) (5120 6336 3033.600586 ) 
4 121 139 (5696 6144 3840 ) (5120 6144 3840 ) (5120 6144 3033.600586 ) (5696 6144 2860.800537 ) 
4 122 154 (5120 6144 704 ) (5120 6144 2969.600098 ) (5120 6336 2969.600098 ) (5120 6336 704 ) 
4 122 133 (5120 6144 2969.600098 ) (5120 6144 704 ) (5696 6144 704 ) (5696 6144 2796.800049 ) 
4 123 155 (5120 6144 -2944 ) (5120 6144 640 ) (5120 6784 640 ) (5120 6784 -2944 ) 
4 123 136 (6144 6144 -2944 ) (6144 6144 640 ) (5120 6144 640 ) (5120 6144 -2944 ) 
4 124 255 (7168 5120 3968 ) (7168 5120 7168 ) (6144 5120 7168 ) (6144 5120 3968 ) 
4 124 137 (6144 6144 7168 ) (6144 6144 3968 ) (6144 5120 3968 ) (6144 5120 7168 ) 
4 125 133 (6144 6144 2662.400146 ) (6144 6144 704 ) (6144 5248 704 ) (6144 5248 2662.400391 ) 
4 125 131 (6720 6144 2489.598877 ) (6144 6144 2662.398682 ) (6144 5824 2662.398682 ) (6720 5824 2489.598877 ) 
4 125 132 (6144 5824 2662.398682 ) (6144 5248 2662.398682 ) (7168 5248 2355.198730 ) (7168 5824 2355.198975 ) 
4 125 127 (6144 5248 704 ) (7168 5248 704 ) (7168 5248 1600 ) (6144 5248 1907.199829 ) 
4 125 126 (7168 5248 1664 ) (7168 5248 2355.196777 ) (6144 5248 2662.396973 ) (6144 5248 1971.199707 ) 
4 126 257 (7168 5120 1664 ) (7168 5120 2355.201172 ) (6144 5120 2662.400146 ) (6144 5120 1971.199829 ) 
4 126 134 (6144 5120 1971.200073 ) (6144 5120 2662.400391 ) (6144 5248 2662.400391 ) (6144 5248 1971.199951 ) 
4 126 132 (6144 5248 2662.398682 ) (6144 5120 2662.398682 ) (7168 5120 2355.198730 ) (7168 5248 2355.198730 ) 
4 127 258 (7168 5120 704 ) (7168 5120 1600 ) (6144 5120 1907.199951 ) (6144 5120 704 ) 
4 127 135 (6144 5248 704 ) (6144 5120 704 ) (6144 5120 1907.200195 ) (6144 5248 1907.200073 ) 
4 128 261 (7168 5120 -2944 ) (7168 5120 640 ) (6144 5120 640 ) (6144 5120 -2944 ) 
4 128 136 (6144 6144 640 ) (6144 6144 -2944 ) (6144 5120 -2944 ) (6144 5120 640 ) 
4 129 256 (7040 5120 3840 ) (6144 5120 3840 ) (6144 5120 2944 ) (7040 5120 2944 ) 
4 129 138 (6144 6144 3840 ) (6144 6144 2944 ) (6144 5824 2944 ) (6144 5824 3840 ) 
4 129 140 (6144 5824 2944 ) (6144 5120 2944 ) (6144 5120 3840 ) (6144 5824 3840 ) 
4 129 130 (6720 6144 2944 ) (7040 6144 2944 ) (7040 5824 2944 ) (6720 5824 2944 ) 
4 129 131 (6144 6144 2944 ) (6720 6144 2944 ) (6720 5824 2944 ) (6144 5824 2944 ) 
4 129 132 (7040 5824 2944 ) (7040 5120 2944 ) (6144 5120 2944 ) (6144 5824 2944 ) 
4 130 131 (6720 5824 2553.600342 ) (6720 5824 2944 ) (6720 6144 2944 ) (6720 6144 2553.600342 ) 
4 130 132 (7168 5824 2944 ) (6720 5824 2944 ) (6720 5824 2553.600586 ) (7168 5824 2419.200439 ) 
4 131 138 (6144 6144 2944 ) (6144 6144 2662.400146 ) (6144 5824 2662.400146 ) (6144 5824 2944 ) 
4 131 132 (6720 5824 2944 ) (6144 5824 2944 ) (6144 5824 2662.400635 ) (6720 5824 2489.600586 ) 
4 132 257 (7168 5120 2355.201172 ) (7168 5120 2944 ) (6144 5120 2944 ) (6144 5120 2662.400146 ) 
4 132 140 (6144 5824 2662.400146 ) (6144 5120 2662.400391 ) (6144 5120 2944 ) (6144 5824 2944 ) 
4 133 173 (5120 5248 2969.599609 ) (5120 5376 2969.599609 ) (5120 5376 704 ) (5120 5248 704 ) 
4 133 170 (5120 5824 2969.599609 ) (5120 6144 2969.599609 ) (5120 6144 704 ) (5120 5824 704 ) 
4 133 171 (5120 5376 2969.599609 ) (5120 5824 2969.599609 ) (5120 5824 704 ) (5120 5376 704 ) 
4 133 138 (5696 5824 2796.799561 ) (6144 5824 2662.399414 ) (6144 6144 2662.399414 ) (5696 6144 2796.799561 ) 
4 133 140 (5120 5824 2969.599609 ) (5120 5248 2969.599609 ) (6144 5248 2662.399414 ) (6144 5824 2662.399414 ) 
4 133 135 (5120 5248 704 ) (6144 5248 704 ) (6144 5248 1907.199951 ) (5120 5248 2214.399902 ) 
4 133 134 (6144 5248 1971.199829 ) (6144 5248 2662.396973 ) (5120 5248 2969.597168 ) (5120 5248 2278.399902 ) 
5 134 264 (6144 5120 1971.199707 ) (6144 5120 2662.398438 ) (5205.331543 5120 2944 ) (5120 5120 2944 ) (5120 5120 2278.399902 ) 
3 134 263 (5205.331543 5120 2944 ) (5120 5120 2969.599609 ) (5120 5120 2944 ) 
4 134 175 (5120 5120 2278.399902 ) (5120 5120 2969.599609 ) (5120 5248 2969.599609 ) (5120 5248 2278.399902 ) 
4 134 140 (5120 5248 2969.599609 ) (5120 5120 2969.599609 ) (6144 5120 2662.399414 ) (6144 5248 2662.399414 ) 
4 135 265 (6144 5120 704 ) (6144 5120 1907.199829 ) (5120 5120 2214.399902 ) (5120 5120 704 ) 
4 135 174 (5120 5120 704 ) (5120 5120 2214.399902 ) (5120 5248 2214.399902 ) (5120 5248 704 ) 
4 136 268 (6144 5120 -2944 ) (6144 5120 640 ) (5120 5120 640 ) (5120 5120 -2944 ) 
4 136 178 (5120 5120 -2944 ) (5120 5120 640 ) (5120 6144 640 ) (5120 6144 -2944 ) 
4 137 262 (6144 5120 3968 ) (6144 5120 7168 ) (5120 5120 7168 ) (5120 5120 3968 ) 
4 137 167 (5120 5120 3968 ) (5120 5120 7168 ) (5120 6144 7168 ) (5120 6144 3968 ) 
4 138 139 (5696 5824 2860.800293 ) (5696 5824 3840 ) (5696 6144 3840 ) (5696 6144 2860.800293 ) 
4 138 140 (6144 5824 3840 ) (5696 5824 3840 ) (5696 5824 2796.800049 ) (6144 5824 2662.400146 ) 
4 139 169 (5120 6144 3488 ) (5120 6144 3033.600586 ) (5120 5824 3033.600586 ) (5120 5824 3488 ) 
4 139 168 (5120 5824 3840 ) (5120 6144 3840 ) (5120 6144 3488 ) (5120 5824 3488 ) 
4 139 140 (5696 5824 3840 ) (5120 5824 3840 ) (5120 5824 3033.600586 ) (5696 5824 2860.800537 ) 
3 140 264 (6144 5120 2662.398438 ) (6144 5120 2944 ) (5205.331543 5120 2944 ) 
5 140 263 (6144 5120 2944 ) (6144 5120 3840 ) (5120 5120 3840 ) (5120 5120 2969.599609 ) (5205.331543 5120 2944 ) 
4 140 175 (5120 5120 2969.599609 ) (5120 5120 3488 ) (5120 5248 3488 ) (5120 5248 2969.599609 ) 
4 140 173 (5120 5248 3488 ) (5120 5376 3488 ) (5120 5376 2969.599609 ) (5120 5248 2969.599609 ) 
4 140 171 (5120 5376 3488 ) (5120 5824 3488 ) (5120 5824 2969.599609 ) (5120 5376 2969.599609 ) 
4 140 168 (5120 5120 3488 ) (5120 5120 3840 ) (5120 5824 3840 ) (5120 5824 3488 ) 
4 141 146 (5120 8192 -2944 ) (5120 8192 3840 ) (4416 8192 3840 ) (4416 8192 -2944 ) 
4 141 148 (4416 8192 3840 ) (4096 8192 3840 ) (4096 8192 -2944 ) (4416 8192 -2944 ) 
4 141 143 (5120 8192 3840 ) (5120 8192 7168 ) (4416 8192 7168 ) (4416 8192 3840 ) 
4 141 145 (4416 8192 7168 ) (4096 8192 7168 ) (4096 8192 3840 ) (4416 8192 3840 ) 
4 141 142 (4096 8192 -2944 ) (4096 8192 7168 ) (4096 8992 7168 ) (4096 8992 -2944 ) 
4 142 202 (3072 8992 -2944 ) (3072 8192 -2944 ) (3072 8192 7168 ) (3072 8992 7168 ) 
4 142 149 (3072 8192 7168 ) (3072 8192 -2944 ) (4096 8192 -2944 ) (4096 8192 7168 ) 
4 143 146 (4416 8192 3840 ) (5120 8192 3840 ) (5120 7680 3840 ) (4416 7680 3840 ) 
4 143 144 (4416 7680 7168 ) (4416 7680 3968 ) (5120 7680 3968 ) (5120 7680 7168 ) 
4 143 145 (4416 8192 3840 ) (4416 7680 3840 ) (4416 7680 7168 ) (4416 8192 7168 ) 
4 144 150 (5120 7168 3968 ) (5120 7168 7168 ) (4416 7168 7168 ) (4416 7168 3968 ) 
4 144 145 (4416 7168 3968 ) (4416 7168 7168 ) (4416 7680 7168 ) (4416 7680 3968 ) 
4 145 158 (4416 7168 7168 ) (4096 7168 7168 ) (4096 7168 3840 ) (4416 7168 3840 ) 
4 145 149 (4096 8192 7168 ) (4096 8192 3840 ) (4096 7168 3840 ) (4096 7168 7168 ) 
4 145 148 (4096 8192 3840 ) (4416 8192 3840 ) (4416 7168 3840 ) (4096 7168 3840 ) 
4 146 147 (4416 7680 640 ) (4416 7680 -2944 ) (5120 7680 -2944 ) (5120 7680 640 ) 
4 146 148 (4416 8192 -2944 ) (4416 7680 -2944 ) (4416 7680 3840 ) (4416 8192 3840 ) 
4 147 151 (5120 7168 -2944 ) (5120 7168 640 ) (4416 7168 640 ) (4416 7168 -2944 ) 
4 147 148 (4416 7680 -2944 ) (4416 7168 -2944 ) (4416 7168 640 ) (4416 7680 640 ) 
4 148 165 (4096 7168 3008 ) (4096 7168 -2944 ) (4416 7168 -2944 ) (4416 7168 3008 ) 
4 148 163 (4160 7168 3008 ) (4416 7168 3008 ) (4416 7168 3072 ) (4160 7168 3072 ) 
4 148 164 (4096 7168 3072 ) (4096 7168 3008 ) (4160 7168 3008 ) (4160 7168 3072 ) 
4 148 158 (4416 7168 3840 ) (4096 7168 3840 ) (4096 7168 3072 ) (4416 7168 3072 ) 
4 148 149 (4096 8192 3840 ) (4096 8192 -2944 ) (4096 7168 -2944 ) (4096 7168 3840 ) 
4 149 203 (3072 7168 -2944 ) (3072 7168 7168 ) (3072 8192 7168 ) (3072 8192 -2944 ) 
4 149 166 (4096 7168 -2944 ) (4096 7168 7168 ) (3072 7168 7168 ) (3072 7168 -2944 ) 
4 150 167 (5120 6144 3968 ) (5120 6144 7168 ) (4416 6144 7168 ) (4416 6144 3968 ) 
4 150 160 (4416 6208 3968 ) (4416 6144 3968 ) (4416 6144 7168 ) (4416 6208 7168 ) 
4 150 159 (4416 6784 3968 ) (4416 6208 3968 ) (4416 6208 7168 ) (4416 6784 7168 ) 
4 150 158 (4416 7168 7168 ) (4416 7168 3968 ) (4416 6784 3968 ) (4416 6784 7168 ) 
4 151 165 (4416 7168 640 ) (4416 7168 -2944 ) (4416 6784 -2944 ) (4416 6784 640 ) 
4 151 157 (4992 6784 640 ) (4416 6784 640 ) (4416 6784 -2944 ) (4992 6784 -2944 ) 
4 151 155 (5120 6784 -2944 ) (5120 6784 640 ) (4992 6784 640 ) (4992 6784 -2944 ) 
4 152 156 (4992 6400 3072 ) (4992 6336 3072 ) (4992 6336 3488 ) (4992 6400 3488 ) 
4 152 154 (4992 6336 3008 ) (4992 6336 704 ) (5120 6336 704 ) (5120 6336 2969.600098 ) 
4 152 153 (4992 6336 3840 ) (4992 6336 3072 ) (5120 6336 3033.600342 ) (5120 6336 3840 ) 
4 153 169 (5120 6144 3033.600342 ) (5120 6144 3488 ) (4992 6144 3488 ) (4992 6144 3072 ) 
4 153 168 (5120 6144 3488 ) (5120 6144 3840 ) (4992 6144 3840 ) (4992 6144 3488 ) 
4 153 156 (4992 6144 3072 ) (4992 6144 3488 ) (4992 6336 3488 ) (4992 6336 3072 ) 
4 154 170 (5120 6144 704 ) (5120 6144 2969.600098 ) (4992 6144 3008 ) (4992 6144 704 ) 
4 155 178 (5120 6144 -2944 ) (5120 6144 640 ) (4992 6144 640 ) (4992 6144 -2944 ) 
4 155 157 (4992 6784 640 ) (4992 6784 -2944 ) (4992 6144 -2944 ) (4992 6144 640 ) 
4 156 172 (4992 6144 3072 ) (4992 6144 3488 ) (4416 6144 3488 ) (4416 6144 3072 ) 
4 156 161 (4416 6144 3072 ) (4416 6144 3264 ) (4416 6176 3264 ) (4416 6176 3072 ) 
4 157 178 (4992 6144 -2944 ) (4992 6144 640 ) (4416 6144 640 ) (4416 6144 -2944 ) 
4 157 165 (4416 6144 -2944 ) (4416 6144 640 ) (4416 6784 640 ) (4416 6784 -2944 ) 
4 158 166 (4096 7168 7168 ) (4096 7168 3072 ) (4096 6784 3072 ) (4096 6784 7168 ) 
4 158 163 (4160 7168 3072 ) (4416 7168 3072 ) (4416 6784 3072 ) (4160 6784 3072 ) 
4 158 164 (4096 6784 3072 ) (4096 7168 3072 ) (4160 7168 3072 ) (4160 6784 3072 ) 
4 158 159 (4416 6784 3520 ) (4416 6784 7168 ) (4096 6784 7168 ) (4096 6784 3520 ) 
4 159 166 (4096 6208 3520 ) (4096 6208 7168 ) (4096 6784 7168 ) (4096 6784 3520 ) 
4 159 160 (4416 6208 3520 ) (4416 6208 7168 ) (4096 6208 7168 ) (4096 6208 3520 ) 
4 160 179 (4416 6144 3520 ) (4416 6144 7168 ) (4096 6144 7168 ) (4096 6144 3520 ) 
4 160 166 (4096 6144 3520 ) (4096 6144 7168 ) (4096 6208 7168 ) (4096 6208 3520 ) 
4 161 180 (4416 6144 3072 ) (4416 6144 3264 ) (4384 6144 3264 ) (4384 6144 3072 ) 
4 161 162 (4384 6144 3264 ) (4384 6176 3264 ) (4384 6176 3072 ) (4384 6144 3072 ) 
4 162 181 (4384 6144 3264 ) (4160 6144 3264 ) (4160 6144 3072 ) (4384 6144 3072 ) 
4 163 165 (4160 7168 3008 ) (4416 7168 3008 ) (4416 6208 3008 ) (4160 6208 3008 ) 
4 163 164 (4160 7168 3008 ) (4160 6208 3008 ) (4160 6208 3072 ) (4160 7168 3072 ) 
4 164 186 (4160 6144 3072 ) (4096 6144 3072 ) (4096 6144 3008 ) (4160 6144 3008 ) 
4 164 166 (4096 6144 3008 ) (4096 6144 3072 ) (4096 7168 3072 ) (4096 7168 3008 ) 
4 164 165 (4096 7168 3008 ) (4160 7168 3008 ) (4160 6144 3008 ) (4096 6144 3008 ) 
4 165 188 (4416 6144 -2944 ) (4416 6144 1792 ) (4096 6144 1792 ) (4096 6144 -2944 ) 
4 165 187 (4416 6144 1792 ) (4416 6144 2752 ) (4096 6144 2752 ) (4096 6144 1792 ) 
4 165 184 (4416 6144 2752 ) (4416 6144 3008 ) (4160 6144 3008 ) (4160 6144 2752 ) 
4 165 186 (4160 6144 3008 ) (4096 6144 3008 ) (4096 6144 2752 ) (4160 6144 2752 ) 
4 165 166 (4096 6144 -2944 ) (4096 6144 3008 ) (4096 7168 3008 ) (4096 7168 -2944 ) 
4 166 208 (3072 6144 -2944 ) (3072 6144 7168 ) (3072 7168 7168 ) (3072 7168 -2944 ) 
4 166 198 (3072 6144 1792 ) (3072 6144 -2944 ) (4096 6144 -2944 ) (4096 6144 1792 ) 
4 166 197 (3072 6144 2752 ) (3072 6144 1792 ) (4096 6144 1792 ) (4096 6144 2752 ) 
4 166 196 (3072 6144 2880 ) (3072 6144 2752 ) (3328 6144 2752 ) (3328 6144 2880 ) 
4 166 195 (3072 6144 7168 ) (3072 6144 2880 ) (3328 6144 2880 ) (3328 6144 7168 ) 
4 166 194 (3328 6144 2752 ) (4096 6144 2752 ) (4096 6144 3840 ) (3328 6144 3840 ) 
4 166 193 (4096 6144 3840 ) (4096 6144 7168 ) (3328 6144 7168 ) (3328 6144 3840 ) 
4 167 353 (5120 5120 3968 ) (5120 5120 7168 ) (4416 5120 7168 ) (4416 5120 3968 ) 
4 167 183 (4416 5120 3968 ) (4416 5120 7168 ) (4416 5504 7168 ) (4416 5504 3968 ) 
4 167 182 (4416 5504 7168 ) (4416 5952 7168 ) (4416 5952 3968 ) (4416 5504 3968 ) 
4 167 179 (4416 5952 7168 ) (4416 6144 7168 ) (4416 6144 3968 ) (4416 5952 3968 ) 
4 168 354 (5120 5120 3488 ) (5120 5120 3840 ) (4992 5120 3840 ) (4992 5120 3488 ) 
4 168 175 (5120 5120 3488 ) (4992 5120 3488 ) (4992 5248 3488 ) (5120 5248 3488 ) 
4 168 173 (4992 5248 3488 ) (4992 5376 3488 ) (5120 5376 3488 ) (5120 5248 3488 ) 
4 168 169 (4992 5824 3488 ) (4992 6144 3488 ) (5120 6144 3488 ) (5120 5824 3488 ) 
4 168 171 (4992 5376 3488 ) (4992 5824 3488 ) (5120 5824 3488 ) (5120 5376 3488 ) 
4 169 172 (4992 5824 3072 ) (4992 5824 3488 ) (4992 6144 3488 ) (4992 6144 3072 ) 
4 169 171 (4992 5824 3488 ) (4992 5824 3072 ) (5120 5824 3033.600342 ) (5120 5824 3488 ) 
4 170 171 (4992 5824 3008 ) (4992 5824 704 ) (5120 5824 704 ) (5120 5824 2969.600098 ) 
4 171 173 (4992 5376 704 ) (5120 5376 704 ) (5120 5376 3488 ) (4992 5376 3488 ) 
4 171 172 (4992 5760 3488 ) (4992 5824 3488 ) (4992 5824 3072 ) (4992 5760 3072 ) 
4 172 180 (4416 6144 3264 ) (4416 6144 3072 ) (4416 5984 3072 ) (4416 5984 3264 ) 
4 173 176 (4608 5376 3488 ) (4608 5376 2432 ) (4608 5248 2432 ) (4608 5248 3488 ) 
4 173 177 (4608 5376 2368 ) (4608 5376 704 ) (4608 5248 704 ) (4608 5248 2368 ) 
4 173 175 (4608 5248 3488 ) (4608 5248 2432 ) (5120 5248 2278.400146 ) (5120 5248 3488 ) 
4 173 174 (4608 5248 2368 ) (4608 5248 704 ) (5120 5248 704 ) (5120 5248 2214.399902 ) 
4 174 355 (5120 5120 704 ) (5120 5120 2214.399902 ) (4608 5120 2368 ) (4608 5120 704 ) 
4 174 177 (4608 5248 704 ) (4608 5120 704 ) (4608 5120 2368 ) (4608 5248 2368 ) 
4 175 356 (5120 5120 2278.400146 ) (5120 5120 3488 ) (4608 5120 3488 ) (4608 5120 2432 ) 
4 175 176 (4608 5120 2432 ) (4608 5120 3488 ) (4608 5248 3488 ) (4608 5248 2432 ) 
4 176 358 (4608 5120 3488 ) (4416 5120 3488 ) (4416 5120 2432 ) (4608 5120 2432 ) 
4 176 189 (4416 5120 2432 ) (4416 5120 2752 ) (4416 5376 2752 ) (4416 5376 2432 ) 
4 177 359 (4416 5120 2368 ) (4416 5120 704 ) (4608 5120 704 ) (4608 5120 2368 ) 
4 178 360 (5120 5120 -2944 ) (5120 5120 640 ) (4416 5120 640 ) (4416 5120 -2944 ) 
4 178 190 (4416 5120 -2944 ) (4416 5120 640 ) (4416 5376 640 ) (4416 5376 -2944 ) 
4 178 188 (4416 5376 640 ) (4416 6144 640 ) (4416 6144 -2944 ) (4416 5376 -2944 ) 
4 179 194 (4096 6144 3840 ) (4096 6144 3520 ) (4096 5952 3520 ) (4096 5952 3840 ) 
4 179 193 (4096 6144 7168 ) (4096 6144 3840 ) (4096 5952 3840 ) (4096 5952 7168 ) 
4 179 182 (4416 5952 3520 ) (4416 5952 7168 ) (4096 5952 7168 ) (4096 5952 3520 ) 
4 180 181 (4384 6144 3072 ) (4384 5984 3072 ) (4384 5984 3264 ) (4384 6144 3264 ) 
4 182 194 (4096 5504 3520 ) (4096 5504 3840 ) (4096 5952 3840 ) (4096 5952 3520 ) 
4 182 193 (4096 5504 3840 ) (4096 5504 7168 ) (4096 5952 7168 ) (4096 5952 3840 ) 
4 182 183 (4096 5504 7168 ) (4096 5504 3840 ) (4416 5504 3840 ) (4416 5504 7168 ) 
4 183 361 (4416 5120 3840 ) (4416 5120 7168 ) (4096 5120 7168 ) (4096 5120 3840 ) 
4 183 193 (4096 5120 3840 ) (4096 5120 7168 ) (4096 5504 7168 ) (4096 5504 3840 ) 
4 184 187 (4160 6144 2752 ) (4416 6144 2752 ) (4416 5952 2752 ) (4160 5952 2752 ) 
4 184 185 (4160 5952 3008 ) (4160 5952 2752 ) (4416 5952 2752 ) (4416 5952 3008 ) 
4 184 186 (4160 6144 2752 ) (4160 5952 2752 ) (4160 5952 3008 ) (4160 6144 3008 ) 
4 185 187 (4416 5952 2752 ) (4416 5504 2752 ) (4160 5504 2752 ) (4160 5952 2752 ) 
4 185 186 (4160 5952 2752 ) (4160 5504 2752 ) (4160 5504 3072 ) (4160 5952 3072 ) 
4 186 194 (4096 6144 3072 ) (4096 6144 2752 ) (4096 5504 2752 ) (4096 5504 3072 ) 
4 186 187 (4096 5504 2752 ) (4096 6144 2752 ) (4160 6144 2752 ) (4160 5504 2752 ) 
4 187 197 (4096 6144 2752 ) (4096 6144 1792 ) (4096 5504 1792 ) (4096 5504 2752 ) 
4 187 188 (4096 5504 1792 ) (4096 6144 1792 ) (4416 6144 1792 ) (4416 5504 1792 ) 
4 188 198 (4096 6144 1792 ) (4096 6144 -2944 ) (4096 5376 -2944 ) (4096 5376 1792 ) 
4 188 192 (4096 5376 640 ) (4096 5376 -2944 ) (4224 5376 -2944 ) (4224 5376 640 ) 
4 188 190 (4416 5376 -2944 ) (4416 5376 640 ) (4224 5376 640 ) (4224 5376 -2944 ) 
4 189 362 (4416 5120 2432 ) (4416 5120 2752 ) (4224 5120 2752 ) (4224 5120 2432 ) 
4 189 191 (4224 5120 2432 ) (4224 5120 2752 ) (4224 5376 2752 ) (4224 5376 2432 ) 
4 190 363 (4416 5120 -2944 ) (4416 5120 640 ) (4224 5120 640 ) (4224 5120 -2944 ) 
4 190 192 (4224 5376 -2944 ) (4224 5120 -2944 ) (4224 5120 640 ) (4224 5376 640 ) 
4 191 364 (4224 5120 2752 ) (4096 5120 2752 ) (4096 5120 2048 ) (4224 5120 2048 ) 
4 191 199 (4096 5120 2048 ) (4096 5120 2752 ) (4096 5376 2752 ) (4096 5376 2048 ) 
4 192 365 (4096 5120 640 ) (4096 5120 -2944 ) (4224 5120 -2944 ) (4224 5120 640 ) 
4 192 201 (4096 5120 -2944 ) (4096 5120 640 ) (4096 5376 640 ) (4096 5376 -2944 ) 
4 193 372 (4096 5120 3840 ) (4096 5120 7168 ) (3328 5120 7168 ) (3328 5120 3840 ) 
4 193 195 (3328 6144 7168 ) (3328 6144 3840 ) (3328 5120 3840 ) (3328 5120 7168 ) 
4 193 194 (3328 5504 3840 ) (3328 6144 3840 ) (4096 6144 3840 ) (4096 5504 3840 ) 
4 194 197 (3328 6144 2752 ) (4096 6144 2752 ) (4096 5504 2752 ) (3328 5504 2752 ) 
4 194 196 (3328 6144 2880 ) (3328 6144 2752 ) (3328 5504 2752 ) (3328 5504 2880 ) 
4 194 195 (3328 6144 3840 ) (3328 6144 2880 ) (3328 5504 2880 ) (3328 5504 3840 ) 
4 195 373 (3072 5120 7168 ) (3072 5120 2880 ) (3328 5120 2880 ) (3328 5120 7168 ) 
4 195 210 (3072 5120 2880 ) (3072 5120 7168 ) (3072 5504 7168 ) (3072 5504 2880 ) 
4 195 209 (3072 5504 7168 ) (3072 6144 7168 ) (3072 6144 2880 ) (3072 5504 2880 ) 
4 195 196 (3072 5504 2880 ) (3072 6144 2880 ) (3328 6144 2880 ) (3328 5504 2880 ) 
4 196 209 (3072 5504 2880 ) (3072 6144 2880 ) (3072 6144 2752 ) (3072 5504 2752 ) 
4 196 197 (3072 5504 2752 ) (3072 6144 2752 ) (3328 6144 2752 ) (3328 5504 2752 ) 
4 197 211 (3072 5504 2752 ) (3072 6144 2752 ) (3072 6144 1792 ) (3072 5504 1792 ) 
4 197 198 (3072 5504 1792 ) (3072 6144 1792 ) (4096 6144 1792 ) (4096 5504 1792 ) 
4 198 217 (3072 5376 -2944 ) (3072 5376 1728 ) (3072 6144 1728 ) (3072 6144 -2944 ) 
4 198 212 (3072 5376 1728 ) (3072 5376 1792 ) (3072 5504 1792 ) (3072 5504 1728 ) 
4 198 211 (3072 5504 1792 ) (3072 6144 1792 ) (3072 6144 1728 ) (3072 5504 1728 ) 
4 198 201 (4096 5376 -2944 ) (4096 5376 640 ) (3072 5376 640 ) (3072 5376 -2944 ) 
4 199 374 (4096 5120 2048 ) (4096 5120 2752 ) (3136 5120 2752 ) (3136 5120 2048 ) 
4 199 200 (3136 5376 2752 ) (3136 5376 2176 ) (3136 5120 2176 ) (3136 5120 2752 ) 
4 200 375 (3136 5120 2752 ) (3072 5120 2752 ) (3072 5120 2176 ) (3136 5120 2176 ) 
4 200 215 (3072 5120 2176 ) (3072 5120 2752 ) (3072 5376 2752 ) (3072 5376 2176 ) 
4 201 376 (4096 5120 -2944 ) (4096 5120 640 ) (3072 5120 640 ) (3072 5120 -2944 ) 
4 201 217 (3072 5120 -2944 ) (3072 5120 640 ) (3072 5376 640 ) (3072 5376 -2944 ) 
4 202 204 (2048 8992 -2944 ) (2048 8192 -2944 ) (2048 8192 7168 ) (2048 8992 7168 ) 
4 202 203 (3072 8192 -2944 ) (3072 8192 7168 ) (2048 8192 7168 ) (2048 8192 -2944 ) 
4 203 208 (3072 7168 -2944 ) (3072 7168 7168 ) (2048 7168 7168 ) (2048 7168 -2944 ) 
4 203 206 (2048 7168 -2944 ) (2048 7168 7168 ) (2048 8192 7168 ) (2048 8192 -2944 ) 
4 204 206 (2048 8192 -2944 ) (2048 8192 7168 ) (1024 8192 7168 ) (1024 8192 -2944 ) 
4 204 205 (1024 8992 -2944 ) (1024 8192 -2944 ) (1024 8192 7168 ) (1024 8992 7168 ) 
4 205 789 (0 8192 -2944 ) (0 8192 7168 ) (0 8992 7168 ) (0 8992 -2944 ) 
4 205 207 (0 8192 7168 ) (0 8192 -2944 ) (1024 8192 -2944 ) (1024 8192 7168 ) 
4 206 218 (2048 7168 -2944 ) (2048 7168 7168 ) (1024 7168 7168 ) (1024 7168 -2944 ) 
4 206 207 (1024 8192 7168 ) (1024 8192 -2944 ) (1024 7168 -2944 ) (1024 7168 7168 ) 
4 207 791 (0 7168 -2944 ) (0 7168 7168 ) (0 8192 7168 ) (0 8192 -2944 ) 
4 207 219 (0 7168 7168 ) (0 7168 -2944 ) (1024 7168 -2944 ) (1024 7168 7168 ) 
4 208 218 (2048 7168 7168 ) (2048 7168 -2944 ) (2048 6144 -2944 ) (2048 6144 7168 ) 
4 208 217 (3072 6144 -2944 ) (3072 6144 1728 ) (2048 6144 1728 ) (2048 6144 -2944 ) 
4 208 213 (2688 6144 2752 ) (2048 6144 2752 ) (2048 6144 1728 ) (2688 6144 1728 ) 
4 208 211 (3072 6144 1728 ) (3072 6144 2752 ) (2688 6144 2752 ) (2688 6144 1728 ) 
4 208 209 (3072 6144 2752 ) (3072 6144 7168 ) (2048 6144 7168 ) (2048 6144 2752 ) 
4 209 221 (2048 6144 2880 ) (2048 6144 2752 ) (2048 5504 2752 ) (2048 5504 2880 ) 
4 209 220 (2048 5504 7168 ) (2048 6144 7168 ) (2048 6144 2880 ) (2048 5504 2880 ) 
4 209 213 (2048 5504 2752 ) (2048 6144 2752 ) (2688 6144 2752 ) (2688 5504 2752 ) 
4 209 211 (2688 6144 2752 ) (3072 6144 2752 ) (3072 5504 2752 ) (2688 5504 2752 ) 
4 209 210 (3072 5504 2880 ) (3072 5504 7168 ) (2048 5504 7168 ) (2048 5504 2880 ) 
4 210 429 (3072 5120 2880 ) (3072 5120 7168 ) (2048 5120 7168 ) (2048 5120 2880 ) 
4 210 220 (2048 5120 2880 ) (2048 5120 7168 ) (2048 5504 7168 ) (2048 5504 2880 ) 
4 211 217 (3072 6144 1728 ) (3072 5504 1728 ) (2688 5504 1728 ) (2688 6144 1728 ) 
4 211 213 (2688 6144 1728 ) (2688 5504 1728 ) (2688 5504 2752 ) (2688 6144 2752 ) 
4 211 212 (2688 5504 1792 ) (2688 5504 1728 ) (3072 5504 1728 ) (3072 5504 1792 ) 
4 212 217 (3072 5504 1728 ) (3072 5376 1728 ) (2688 5376 1728 ) (2688 5504 1728 ) 
4 212 214 (2688 5504 1728 ) (2688 5376 1728 ) (2688 5376 1792 ) (2688 5504 1792 ) 
4 213 223 (2048 6144 1792 ) (2048 6144 1728 ) (2048 5504 1728 ) (2048 5504 1792 ) 
4 213 222 (2048 5504 2752 ) (2048 6144 2752 ) (2048 6144 1792 ) (2048 5504 1792 ) 
4 213 217 (2048 5504 1728 ) (2048 6144 1728 ) (2688 6144 1728 ) (2688 5504 1728 ) 
4 213 214 (2048 5504 1728 ) (2688 5504 1728 ) (2688 5504 1792 ) (2048 5504 1792 ) 
4 214 223 (2048 5504 1792 ) (2048 5504 1728 ) (2048 5376 1728 ) (2048 5376 1792 ) 
4 214 217 (2688 5376 1728 ) (2048 5376 1728 ) (2048 5504 1728 ) (2688 5504 1728 ) 
4 215 432 (3072 5120 2176 ) (3072 5120 2304 ) (2944 5120 2304 ) (2944 5120 2176 ) 
4 215 430 (3072 5120 2304 ) (3072 5120 2752 ) (2944 5120 2752 ) (2944 5120 2304 ) 
4 215 216 (2944 5376 2752 ) (2944 5376 2304 ) (2944 5120 2304 ) (2944 5120 2752 ) 
4 216 430 (2944 5120 2752 ) (2688 5120 2752 ) (2688 5120 2304 ) (2944 5120 2304 ) 
4 217 443 (3072 5120 -2944 ) (3072 5120 1088 ) (2048 5120 1088 ) (2048 5120 -2944 ) 
4 217 441 (3072 5120 1088 ) (3072 5120 1536 ) (2688 5120 1536 ) (2688 5120 1088 ) 
4 217 442 (2688 5120 1536 ) (2048 5120 1536 ) (2048 5120 1088 ) (2688 5120 1088 ) 
4 217 434 (2944 5120 1728 ) (2048 5120 1728 ) (2048 5120 1536 ) (2944 5120 1536 ) 
4 217 433 (3072 5120 1536 ) (3072 5120 1728 ) (2944 5120 1728 ) (2944 5120 1536 ) 
4 217 224 (2048 5120 -2944 ) (2048 5120 1728 ) (2048 5376 1728 ) (2048 5376 -2944 ) 
4 217 223 (2048 5376 1728 ) (2048 6144 1728 ) (2048 6144 -2944 ) (2048 5376 -2944 ) 
4 218 223 (2048 6144 -2944 ) (2048 6144 1792 ) (1280 6144 1792 ) (1280 6144 -2944 ) 
4 218 225 (1280 6144 1792 ) (1024 6144 1792 ) (1024 6144 -2944 ) (1280 6144 -2944 ) 
4 218 222 (2048 6144 1792 ) (2048 6144 2752 ) (1024 6144 2752 ) (1024 6144 1792 ) 
4 218 221 (2048 6144 2752 ) (2048 6144 2880 ) (1024 6144 2880 ) (1024 6144 2752 ) 
4 218 220 (2048 6144 2880 ) (2048 6144 7168 ) (1024 6144 7168 ) (1024 6144 2880 ) 
4 218 219 (1024 7168 7168 ) (1024 7168 -2944 ) (1024 6144 -2944 ) (1024 6144 7168 ) 
4 219 797 (0 6144 -2944 ) (0 6144 7168 ) (0 7168 7168 ) (0 7168 -2944 ) 
4 219 229 (576 6144 -2944 ) (1024 6144 -2944 ) (1024 6144 2752 ) (576 6144 2752 ) 
4 219 231 (0 6144 2752 ) (0 6144 -2944 ) (576 6144 -2944 ) (576 6144 2752 ) 
4 219 226 (576 6144 2752 ) (1024 6144 2752 ) (1024 6144 7168 ) (576 6144 7168 ) 
4 219 228 (0 6144 7168 ) (0 6144 2752 ) (576 6144 2752 ) (576 6144 7168 ) 
4 220 452 (2048 5120 2880 ) (2048 5120 7168 ) (1024 5120 7168 ) (1024 5120 2880 ) 
4 220 227 (1024 5504 2880 ) (1024 5120 2880 ) (1024 5120 7168 ) (1024 5504 7168 ) 
4 220 226 (1024 6144 7168 ) (1024 6144 2880 ) (1024 5504 2880 ) (1024 5504 7168 ) 
4 220 221 (1024 6144 2880 ) (2048 6144 2880 ) (2048 5504 2880 ) (1024 5504 2880 ) 
4 221 226 (1024 6144 2880 ) (1024 6144 2752 ) (1024 5504 2752 ) (1024 5504 2880 ) 
4 221 222 (1024 5504 2752 ) (1024 6144 2752 ) (2048 6144 2752 ) (2048 5504 2752 ) 
4 222 229 (1024 6144 2752 ) (1024 6144 1792 ) (1024 5504 1792 ) (1024 5504 2752 ) 
4 222 223 (1280 6144 1792 ) (2048 6144 1792 ) (2048 5504 1792 ) (1280 5504 1792 ) 
4 222 225 (1024 6144 1792 ) (1280 6144 1792 ) (1280 5504 1792 ) (1024 5504 1792 ) 
4 223 224 (1280 5376 1728 ) (1280 5376 -2944 ) (2048 5376 -2944 ) (2048 5376 1728 ) 
4 223 225 (1280 6144 -2944 ) (1280 5376 -2944 ) (1280 5376 1792 ) (1280 6144 1792 ) 
4 224 456 (2048 5120 -2944 ) (2048 5120 1728 ) (1280 5120 1728 ) (1280 5120 -2944 ) 
4 224 225 (1280 5376 -2944 ) (1280 5120 -2944 ) (1280 5120 1728 ) (1280 5376 1728 ) 
4 225 457 (1280 5120 1792 ) (1024 5120 1792 ) (1024 5120 -2944 ) (1280 5120 -2944 ) 
4 225 230 (1024 5504 -2944 ) (1024 5120 -2944 ) (1024 5120 1792 ) (1024 5504 1792 ) 
4 225 229 (1024 6144 1792 ) (1024 6144 -2944 ) (1024 5504 -2944 ) (1024 5504 1792 ) 
4 226 229 (576 6144 2752 ) (1024 6144 2752 ) (1024 5504 2752 ) (576 5504 2752 ) 
4 226 227 (576 5504 7168 ) (576 5504 2880 ) (1024 5504 2880 ) (1024 5504 7168 ) 
4 226 228 (576 6144 2752 ) (576 5504 2752 ) (576 5504 7168 ) (576 6144 7168 ) 
4 227 464 (1024 5120 2880 ) (1024 5120 7168 ) (576 5120 7168 ) (576 5120 2880 ) 
4 227 228 (576 5120 2880 ) (576 5120 7168 ) (576 5504 7168 ) (576 5504 2880 ) 
4 228 799 (0 5120 2752 ) (0 5120 7168 ) (0 6144 7168 ) (0 6144 2752 ) 
4 228 465 (0 5120 2880 ) (0 5120 2752 ) (576 5120 2752 ) (576 5120 2880 ) 
4 228 464 (576 5120 7168 ) (0 5120 7168 ) (0 5120 2880 ) (576 5120 2880 ) 
4 228 231 (0 5120 2752 ) (0 6144 2752 ) (576 6144 2752 ) (576 5120 2752 ) 
4 229 230 (576 5504 1792 ) (576 5504 -2944 ) (1024 5504 -2944 ) (1024 5504 1792 ) 
4 229 231 (576 6144 -2944 ) (576 5504 -2944 ) (576 5504 2752 ) (576 6144 2752 ) 
4 230 472 (896 5120 1344 ) (576 5120 1344 ) (576 5120 -2944 ) (896 5120 -2944 ) 
4 230 471 (1024 5120 -2944 ) (1024 5120 1344 ) (896 5120 1344 ) (896 5120 -2944 ) 
4 230 468 (1024 5120 1344 ) (1024 5120 1792 ) (576 5120 1792 ) (576 5120 1344 ) 
4 230 231 (576 5504 -2944 ) (576 5120 -2944 ) (576 5120 1792 ) (576 5504 1792 ) 
4 231 799 (0 5120 -2944 ) (0 5120 2752 ) (0 6144 2752 ) (0 6144 -2944 ) 
4 231 472 (0 5120 1344 ) (0 5120 -2944 ) (576 5120 -2944 ) (576 5120 1344 ) 
4 231 470 (0 5120 1792 ) (0 5120 1344 ) (576 5120 1344 ) (576 5120 1792 ) 
4 231 467 (576 5120 2752 ) (0 5120 2752 ) (0 5120 1792 ) (576 5120 1792 ) 
4 232 247 (9216 4096 640 ) (9216 4096 3392 ) (8576 4096 3392 ) (8576 4096 640 ) 
4 232 246 (9216 4096 3392 ) (9216 4096 7168 ) (8576 4096 7168 ) (8576 4096 3392 ) 
4 232 234 (9216 4096 640 ) (8576 4096 640 ) (8576 5120 640 ) (9216 5120 640 ) 
4 232 233 (8576 4096 3392 ) (8576 4096 7168 ) (8576 5120 7168 ) (8576 5120 3392 ) 
4 233 246 (8576 4096 7168 ) (8448 4096 7168 ) (8448 4096 3392 ) (8576 4096 3392 ) 
4 233 235 (8448 4096 3840 ) (8448 4096 7168 ) (8448 5120 7168 ) (8448 5120 3840 ) 
4 234 251 (9216 4096 -2944 ) (9216 4096 640 ) (8448 4096 640 ) (8448 4096 -2944 ) 
4 234 239 (8448 4096 -2944 ) (8448 4096 640 ) (8448 5120 640 ) (8448 5120 -2944 ) 
4 235 249 (8448 4096 3840 ) (8448 4096 7168 ) (8192 4096 7168 ) (8192 4096 3840 ) 
4 235 240 (8192 5120 7168 ) (8192 5120 3840 ) (8192 4096 3840 ) (8192 4096 7168 ) 
4 236 241 (8192 5120 2944 ) (8192 5120 2048 ) (8192 4928 2048 ) (8192 4928 2944 ) 
4 236 237 (8448 4928 2048 ) (8448 4928 2944 ) (8192 4928 2944 ) (8192 4928 2048 ) 
4 237 242 (8192 4544 1920 ) (8192 4544 2944 ) (8192 4928 2944 ) (8192 4928 1920 ) 
4 237 238 (8448 4544 1920 ) (8448 4544 2944 ) (8192 4544 2944 ) (8192 4544 1920 ) 
4 238 243 (8192 4160 1792 ) (8192 4160 2944 ) (8192 4544 2944 ) (8192 4544 1792 ) 
4 239 251 (8448 4096 -2944 ) (8448 4096 640 ) (8192 4096 640 ) (8192 4096 -2944 ) 
4 239 245 (8192 5120 640 ) (8192 5120 -2944 ) (8192 4096 -2944 ) (8192 4096 640 ) 
4 240 255 (7168 5120 7168 ) (7168 5120 3968 ) (7168 4096 3968 ) (7168 4096 7168 ) 
4 240 252 (8192 4096 3840 ) (8192 4096 7168 ) (7168 4096 7168 ) (7168 4096 3840 ) 
4 241 242 (7936 4928 2048 ) (8192 4928 2048 ) (8192 4928 2944 ) (7936 4928 2944 ) 
4 242 244 (7552 4544 1920 ) (7552 4544 2944 ) (7552 4928 2944 ) (7552 4928 1920 ) 
4 242 243 (7552 4544 2944 ) (7552 4544 1920 ) (8192 4544 1920 ) (8192 4544 2944 ) 
4 243 244 (7552 4160 1792 ) (7552 4160 2944 ) (7552 4544 2944 ) (7552 4544 1792 ) 
4 244 257 (7168 5120 2944 ) (7168 5120 1664 ) (7168 4736 1664 ) (7168 4736 2944 ) 
4 244 259 (7168 4736 1664 ) (7168 4160 1664 ) (7168 4160 2944 ) (7168 4736 2944 ) 
4 245 261 (7168 5120 640 ) (7168 5120 -2944 ) (7168 4096 -2944 ) (7168 4096 640 ) 
4 245 254 (8192 4096 -2944 ) (8192 4096 640 ) (7168 4096 640 ) (7168 4096 -2944 ) 
4 246 281 (9216 3072 3392 ) (9216 3072 7168 ) (8448 3072 7168 ) (8448 3072 3392 ) 
4 246 249 (8448 4096 7168 ) (8448 4096 3840 ) (8448 4032 3840 ) (8448 4032 7168 ) 
4 246 250 (8448 4032 3392 ) (8448 3072 3392 ) (8448 3072 7168 ) (8448 4032 7168 ) 
4 246 248 (8576 3072 3392 ) (8448 3072 3392 ) (8448 4032 3392 ) (8576 4032 3392 ) 
4 246 247 (9216 3072 3392 ) (8576 3072 3392 ) (8576 4096 3392 ) (9216 4096 3392 ) 
4 247 282 (9216 3072 640 ) (9216 3072 2944 ) (8576 3072 2944 ) (8576 3072 640 ) 
4 247 281 (9216 3072 2944 ) (9216 3072 3392 ) (8576 3072 3392 ) (8576 3072 2944 ) 
4 247 251 (9216 3072 640 ) (8576 3072 640 ) (8576 4096 640 ) (9216 4096 640 ) 
4 247 248 (8576 4032 640 ) (8576 3072 640 ) (8576 3072 3392 ) (8576 4032 3392 ) 
4 248 282 (8448 3072 2944 ) (8448 3072 640 ) (8576 3072 640 ) (8576 3072 2944 ) 
4 248 281 (8576 3072 3392 ) (8448 3072 3392 ) (8448 3072 2944 ) (8576 3072 2944 ) 
4 248 251 (8576 3072 640 ) (8448 3072 640 ) (8448 4032 640 ) (8576 4032 640 ) 
4 248 250 (8448 3072 2944 ) (8448 3072 3392 ) (8448 4032 3392 ) (8448 4032 2944 ) 
4 249 252 (8192 4096 7168 ) (8192 4096 3840 ) (8192 4032 3840 ) (8192 4032 7168 ) 
4 249 250 (8448 4032 3840 ) (8448 4032 7168 ) (8192 4032 7168 ) (8192 4032 3840 ) 
4 250 281 (8192 3072 7168 ) (8192 3072 2944 ) (8448 3072 2944 ) (8448 3072 7168 ) 
4 250 253 (8192 4032 2944 ) (8192 3072 2944 ) (8192 3072 7168 ) (8192 4032 7168 ) 
4 251 286 (9216 3072 -2944 ) (9216 3072 640 ) (8192 3072 640 ) (8192 3072 -2944 ) 
4 251 254 (8192 4096 640 ) (8192 4096 -2944 ) (8192 3072 -2944 ) (8192 3072 640 ) 
4 252 269 (7168 4032 7168 ) (7168 4096 7168 ) (7168 4096 3968 ) (7168 4032 3968 ) 
4 252 253 (8192 4032 3840 ) (8192 4032 7168 ) (7168 4032 7168 ) (7168 4032 3840 ) 
4 253 287 (8192 3072 2944 ) (8192 3072 7168 ) (7168 3072 7168 ) (7168 3072 2944 ) 
4 253 271 (7168 3072 2944 ) (7168 3072 3840 ) (7168 4032 3840 ) (7168 4032 2944 ) 
4 253 270 (7168 3072 3840 ) (7168 3072 3968 ) (7168 4032 3968 ) (7168 4032 3840 ) 
4 253 269 (7168 3072 3968 ) (7168 3072 7168 ) (7168 4032 7168 ) (7168 4032 3968 ) 
4 254 293 (8192 3072 -2944 ) (8192 3072 640 ) (7168 3072 640 ) (7168 3072 -2944 ) 
4 254 272 (7168 3072 -2944 ) (7168 3072 640 ) (7168 4096 640 ) (7168 4096 -2944 ) 
4 255 269 (7168 4096 3968 ) (7168 4096 7168 ) (6144 4096 7168 ) (6144 4096 3968 ) 
4 255 262 (6144 5120 7168 ) (6144 5120 3968 ) (6144 4096 3968 ) (6144 4096 7168 ) 
4 256 263 (6144 5120 3840 ) (6144 5120 2944 ) (6144 4160 2944 ) (6144 4160 3840 ) 
4 256 257 (6144 4736 2944 ) (6144 5120 2944 ) (7040 5120 2944 ) (7040 4736 2944 ) 
4 256 259 (6144 4160 2944 ) (6144 4736 2944 ) (7040 4736 2944 ) (7040 4160 2944 ) 
4 257 264 (6144 5120 2944 ) (6144 5120 1971.199951 ) (6144 4736 1971.199951 ) (6144 4736 2944 ) 
4 257 259 (7168 4736 1664 ) (7168 4736 2944 ) (6144 4736 2944 ) (6144 4736 1971.199951 ) 
4 258 265 (6144 5120 1907.200073 ) (6144 5120 704 ) (6144 4736 704 ) (6144 4736 1907.200073 ) 
4 258 259 (6144 4736 704 ) (7168 4736 704 ) (7168 4736 1600 ) (6144 4736 1907.200073 ) 
4 259 266 (6144 4736 704 ) (6144 4160 704 ) (6144 4160 2944 ) (6144 4736 2944 ) 
4 259 260 (7008 4160 1824 ) (7008 4160 2336 ) (6624 4160 2336 ) (6624 4160 1824 ) 
4 261 272 (7168 4096 -2944 ) (7168 4096 640 ) (6144 4096 640 ) (6144 4096 -2944 ) 
4 261 268 (6144 5120 640 ) (6144 5120 -2944 ) (6144 4096 -2944 ) (6144 4096 640 ) 
4 262 353 (5120 5120 7168 ) (5120 5120 3968 ) (5120 4096 3968 ) (5120 4096 7168 ) 
4 262 273 (6144 4096 3968 ) (6144 4096 7168 ) (5120 4096 7168 ) (5120 4096 3968 ) 
4 263 356 (5120 5120 3488 ) (5120 5120 2944 ) (5120 4736 2944 ) (5120 4736 3488 ) 
4 263 357 (5120 4736 2944 ) (5120 4160 2944 ) (5120 4160 3488 ) (5120 4736 3488 ) 
4 263 354 (5120 5120 3840 ) (5120 5120 3488 ) (5120 4160 3488 ) (5120 4160 3840 ) 
4 263 264 (5120 5120 2944 ) (6144 5120 2944 ) (6144 4736 2944 ) (5120 4736 2944 ) 
4 263 266 (6144 4736 2944 ) (6144 4160 2944 ) (5120 4160 2944 ) (5120 4736 2944 ) 
4 264 356 (5120 5120 2944 ) (5120 5120 2278.399902 ) (5120 4736 2278.399902 ) (5120 4736 2944 ) 
4 264 266 (6144 4736 1971.199951 ) (6144 4736 2944 ) (5120 4736 2944 ) (5120 4736 2278.399902 ) 
4 265 355 (5120 5120 2214.399902 ) (5120 5120 704 ) (5120 4736 704 ) (5120 4736 2214.399902 ) 
4 265 266 (5120 4736 704 ) (6144 4736 704 ) (6144 4736 1907.200073 ) (5120 4736 2214.399902 ) 
4 266 357 (5120 4736 704 ) (5120 4160 704 ) (5120 4160 2944 ) (5120 4736 2944 ) 
4 266 267 (5728 4160 2208 ) (5728 4160 2720 ) (5344 4160 2720 ) (5344 4160 2208 ) 
4 267 277 (5344 4096 2720 ) (5344 4096 2208 ) (5728 4096 2208 ) (5728 4096 2720 ) 
4 268 360 (5120 5120 640 ) (5120 5120 -2944 ) (5120 4096 -2944 ) (5120 4096 640 ) 
4 268 280 (5344 4096 640 ) (5120 4096 640 ) (5120 4096 -2944 ) (5344 4096 -2944 ) 
4 268 279 (5728 4096 640 ) (5344 4096 640 ) (5344 4096 -2944 ) (5728 4096 -2944 ) 
4 268 276 (6144 4096 -2944 ) (6144 4096 640 ) (5728 4096 640 ) (5728 4096 -2944 ) 
4 269 329 (7168 3072 3968 ) (7168 3072 7168 ) (6144 3072 7168 ) (6144 3072 3968 ) 
4 269 273 (6144 4096 7168 ) (6144 4096 3968 ) (6144 3072 3968 ) (6144 3072 7168 ) 
4 269 270 (7168 4032 3968 ) (7168 3072 3968 ) (6144 3072 3968 ) (6144 4032 3968 ) 
4 270 329 (7168 3072 3840 ) (7168 3072 3968 ) (6144 3072 3968 ) (6144 3072 3840 ) 
4 270 274 (6144 4032 3840 ) (6144 3072 3840 ) (6144 3072 3968 ) (6144 4032 3968 ) 
4 270 271 (7168 3072 3840 ) (6144 3072 3840 ) (6144 4032 3840 ) (7168 4032 3840 ) 
4 271 329 (7168 3072 2944 ) (7168 3072 3840 ) (6144 3072 3840 ) (6144 3072 2944 ) 
4 271 275 (6144 4032 2944 ) (6144 3072 2944 ) (6144 3072 3840 ) (6144 4032 3840 ) 
4 272 330 (7168 3072 -2944 ) (7168 3072 640 ) (6144 3072 640 ) (6144 3072 -2944 ) 
4 272 276 (6144 4096 640 ) (6144 4096 -2944 ) (6144 3072 -2944 ) (6144 3072 640 ) 
4 273 406 (5120 3072 3968 ) (5120 3072 7168 ) (5120 4096 7168 ) (5120 4096 3968 ) 
4 273 335 (6144 3072 3968 ) (6144 3072 7168 ) (5120 3072 7168 ) (5120 3072 3968 ) 
4 273 274 (6144 4032 3968 ) (6144 3072 3968 ) (5120 3072 3968 ) (5120 4032 3968 ) 
4 274 407 (5120 3072 3840 ) (5120 3072 3968 ) (5120 4032 3968 ) (5120 4032 3840 ) 
4 274 335 (6144 3072 3840 ) (6144 3072 3968 ) (5120 3072 3968 ) (5120 3072 3840 ) 
4 274 275 (6144 3072 3840 ) (5120 3072 3840 ) (5120 4032 3840 ) (6144 4032 3840 ) 
4 275 409 (5120 3072 2944 ) (5120 3072 3840 ) (5120 4032 3840 ) (5120 4032 2944 ) 
4 275 335 (6144 3072 2944 ) (6144 3072 3840 ) (5120 3072 3840 ) (5120 3072 2944 ) 
4 276 338 (6144 3072 -2944 ) (6144 3072 640 ) (5728 3072 640 ) (5728 3072 -2944 ) 
4 276 279 (5728 3072 -2944 ) (5728 3072 640 ) (5728 4096 640 ) (5728 4096 -2944 ) 
4 278 336 (5728 3072 2208 ) (5728 3072 2720 ) (5344 3072 2720 ) (5344 3072 2208 ) 
4 279 338 (5728 3072 -2944 ) (5728 3072 640 ) (5344 3072 640 ) (5344 3072 -2944 ) 
4 279 280 (5344 4096 640 ) (5344 4096 -2944 ) (5344 3072 -2944 ) (5344 3072 640 ) 
4 280 411 (5120 3072 -2944 ) (5120 3072 640 ) (5120 4096 640 ) (5120 4096 -2944 ) 
4 280 338 (5344 3072 -2944 ) (5344 3072 640 ) (5120 3072 640 ) (5120 3072 -2944 ) 
4 281 287 (8192 3072 7168 ) (8192 3072 2944 ) (8192 2816 2944 ) (8192 2816 7168 ) 
4 281 284 (8192 2816 7168 ) (8192 2816 2944 ) (8384 2816 2944 ) (8384 2816 7168 ) 
4 281 283 (8384 2816 2944 ) (9216 2816 2944 ) (9216 2816 7168 ) (8384 2816 7168 ) 
4 281 282 (9216 2816 2944 ) (8448 2816 2944 ) (8448 3072 2944 ) (9216 3072 2944 ) 
4 282 286 (8448 3072 640 ) (9216 3072 640 ) (9216 2816 640 ) (8448 2816 640 ) 
4 282 285 (8448 2816 640 ) (9216 2816 640 ) (9216 2816 2368 ) (8448 2816 2368 ) 
4 282 283 (9216 2816 2368 ) (9216 2816 2944 ) (8448 2816 2944 ) (8448 2816 2368 ) 
4 283 294 (9216 2048 2368 ) (9216 2048 7168 ) (8384 2048 7168 ) (8384 2048 2368 ) 
4 283 285 (9216 2048 2368 ) (8384 2048 2368 ) (8384 2816 2368 ) (9216 2816 2368 ) 
4 283 284 (8384 2048 2944 ) (8384 2048 7168 ) (8384 2816 7168 ) (8384 2816 2944 ) 
4 284 295 (8384 2048 7168 ) (8192 2048 7168 ) (8192 2048 2944 ) (8384 2048 2944 ) 
4 284 288 (8192 2048 2944 ) (8192 2048 7168 ) (8192 2816 7168 ) (8192 2816 2944 ) 
4 285 296 (9216 2048 640 ) (9216 2048 2368 ) (8384 2048 2368 ) (8384 2048 640 ) 
4 285 286 (9216 2048 640 ) (8384 2048 640 ) (8384 2816 640 ) (9216 2816 640 ) 
4 286 297 (9216 2048 -2944 ) (9216 2048 640 ) (8192 2048 640 ) (8192 2048 -2944 ) 
4 286 293 (8192 3072 640 ) (8192 3072 -2944 ) (8192 2048 -2944 ) (8192 2048 640 ) 
4 287 329 (7168 3072 7168 ) (7168 3072 2944 ) (7168 2816 2944 ) (7168 2816 7168 ) 
4 287 288 (7168 2816 7168 ) (7168 2816 2944 ) (8192 2816 2944 ) (8192 2816 7168 ) 
4 288 331 (7168 2048 2944 ) (7168 2048 7168 ) (7168 2752 7168 ) (7168 2752 2944 ) 
4 288 329 (7168 2752 7168 ) (7168 2816 7168 ) (7168 2816 2944 ) (7168 2752 2944 ) 
4 288 303 (8192 2048 2944 ) (8192 2048 7168 ) (7168 2048 7168 ) (7168 2048 2944 ) 
4 289 332 (7168 2048 2368 ) (7168 2048 2411.885742 ) (7168 2496 2411.885742 ) (7168 2496 2368 ) 
3 289 304 (7168 2048 2411.885742 ) (7168 2048 2368 ) (7360 2048 2368 ) 
4 289 290 (7360 2048 2368 ) (7168 2048 2368 ) (7168 2496 2368 ) (7360 2496 2368 ) 
4 290 332 (7168 2048 1792 ) (7168 2048 2368 ) (7168 2496 2368 ) (7168 2496 1792 ) 
4 290 305 (7808 2048 2368 ) (7168 2048 2368 ) (7168 2048 1792 ) (7808 2048 1792 ) 
5 290 292 (7680 2048 1792 ) (7168 2048 1792 ) (7168 2496 1792 ) (7360 2496 1792 ) (7680 2176 1792 ) 
3 290 291 (7680 2048 1792 ) (7680 2176 1792 ) (7744 2112 1792 ) 
3 291 293 (7680 2048 640 ) (7680 2176 640 ) (7744 2112 640 ) 
4 291 292 (7680 2048 1792 ) (7680 2176 1792 ) (7680 2176 704 ) (7680 2048 704 ) 
4 292 332 (7168 2048 704 ) (7168 2048 1792 ) (7168 2496 1792 ) (7168 2496 704 ) 
4 292 307 (7680 2048 1792 ) (7296 2048 1792 ) (7296 2048 704 ) (7680 2048 704 ) 
4 292 306 (7296 2048 1792 ) (7168 2048 1792 ) (7168 2048 704 ) (7296 2048 704 ) 
4 293 334 (7168 2752 -2944 ) (7168 2048 -2944 ) (7168 2048 640 ) (7168 2752 640 ) 
4 293 330 (7168 3072 640 ) (7168 3072 -2944 ) (7168 2752 -2944 ) (7168 2752 640 ) 
4 293 308 (8192 2048 -2944 ) (8192 2048 640 ) (7168 2048 640 ) (7168 2048 -2944 ) 
4 294 309 (9216 1024 2368 ) (9216 1024 7168 ) (8384 1024 7168 ) (8384 1024 2368 ) 
4 294 298 (9216 1024 2368 ) (8384 1024 2368 ) (8384 1664 2368 ) (9216 1664 2368 ) 
4 294 296 (8384 1664 2368 ) (8384 2048 2368 ) (9216 2048 2368 ) (9216 1664 2368 ) 
4 294 295 (8384 1024 2944 ) (8384 1024 7168 ) (8384 2048 7168 ) (8384 2048 2944 ) 
4 295 310 (8384 1024 7168 ) (8192 1024 7168 ) (8192 1024 2944 ) (8384 1024 2944 ) 
4 295 303 (8192 1024 2944 ) (8192 1024 7168 ) (8192 2048 7168 ) (8192 2048 2944 ) 
4 296 298 (9216 1664 640 ) (9216 1664 2368 ) (8384 1664 2368 ) (8384 1664 640 ) 
4 296 297 (9216 1664 640 ) (8384 1664 640 ) (8384 2048 640 ) (9216 2048 640 ) 
4 297 308 (8192 1664 -2944 ) (8192 1664 640 ) (8192 2048 640 ) (8192 2048 -2944 ) 
4 297 302 (8320 1664 640 ) (8192 1664 640 ) (8192 1664 -2944 ) (8320 1664 -2944 ) 
4 297 299 (8384 1664 640 ) (8320 1664 640 ) (8320 1664 -2944 ) (8384 1664 -2944 ) 
4 297 298 (9216 1664 -2944 ) (9216 1664 640 ) (8384 1664 640 ) (8384 1664 -2944 ) 
4 298 314 (9216 1024 -2944 ) (9216 1024 640 ) (8384 1024 640 ) (8384 1024 -2944 ) 
4 298 312 (9216 1024 640 ) (9216 1024 2368 ) (8384 1024 2368 ) (8384 1024 640 ) 
4 298 299 (8384 1664 640 ) (8384 1664 -2944 ) (8384 1024 -2944 ) (8384 1024 640 ) 
4 299 314 (8320 1024 640 ) (8320 1024 -2944 ) (8384 1024 -2944 ) (8384 1024 640 ) 
4 299 302 (8320 1664 640 ) (8320 1664 -2944 ) (8320 1024 -2944 ) (8320 1024 640 ) 
4 300 305 (8192 1088 2368 ) (8192 1664 2368 ) (8192 1664 1984 ) (8192 1088 1984 ) 
4 300 301 (8320 1088 1984 ) (8320 1088 2368 ) (8192 1088 2368 ) (8192 1088 1984 ) 
4 301 315 (8320 1024 1792 ) (8320 1024 2368 ) (8192 1024 2368 ) (8192 1024 1792 ) 
4 301 305 (8192 1024 1792 ) (8192 1024 2368 ) (8192 1088 2368 ) (8192 1088 1792 ) 
4 302 317 (8320 1024 -2944 ) (8320 1024 640 ) (8192 1024 640 ) (8192 1024 -2944 ) 
4 302 308 (8192 1024 -2944 ) (8192 1024 640 ) (8192 1664 640 ) (8192 1664 -2944 ) 
4 303 339 (7168 1024 2944 ) (7168 1024 7168 ) (7168 2048 7168 ) (7168 2048 2944 ) 
4 303 320 (7168 1024 7168 ) (7168 1024 2944 ) (8192 1024 2944 ) (8192 1024 7168 ) 
4 304 340 (7168 1024 2368 ) (7168 1024 2411.885742 ) (7168 2048 2411.885742 ) (7168 2048 2368 ) 
3 304 325 (7168 1024 2411.885742 ) (7168 1024 2368 ) (7360 1024 2368 ) 
4 304 305 (7360 1024 2368 ) (7168 1024 2368 ) (7168 2048 2368 ) (7360 2048 2368 ) 
4 305 340 (7168 1024 1792 ) (7168 1024 2368 ) (7168 2048 2368 ) (7168 2048 1792 ) 
4 305 326 (7168 1024 2368 ) (7168 1024 1792 ) (7552 1024 1792 ) (7552 1024 2368 ) 
4 305 324 (7552 1024 1792 ) (7680 1024 1792 ) (7680 1024 2368 ) (7552 1024 2368 ) 
4 305 321 (8064 1024 1792 ) (8192 1024 1792 ) (8192 1024 2368 ) (8064 1024 2368 ) 
4 305 323 (7680 1024 1792 ) (8064 1024 1792 ) (8064 1024 2368 ) (7680 1024 2368 ) 
3 305 307 (7296 2048 1792 ) (7680 2048 1792 ) (7488 1856 1792 ) 
5 305 306 (7168 1024 1792 ) (7168 2048 1792 ) (7296 2048 1792 ) (7680 1664 1792 ) (7680 1024 1792 ) 
4 306 340 (7168 1024 704 ) (7168 1024 1792 ) (7168 2048 1792 ) (7168 2048 704 ) 
4 306 326 (7168 1024 1792 ) (7168 1024 704 ) (7552 1024 704 ) (7552 1024 1792 ) 
4 306 324 (7552 1024 704 ) (7680 1024 704 ) (7680 1024 1792 ) (7552 1024 1792 ) 
4 306 307 (7488 1856 704 ) (7296 2048 704 ) (7296 2048 1792 ) (7488 1856 1792 ) 
4 308 341 (7168 1024 -2944 ) (7168 1024 640 ) (7168 2048 640 ) (7168 2048 -2944 ) 
4 308 328 (7168 1024 640 ) (7168 1024 -2944 ) (8192 1024 -2944 ) (8192 1024 640 ) 
4 309 1726 (9216 0 2368 ) (9216 0 7168 ) (8384 0 7168 ) (8384 0 2368 ) 
4 309 312 (9216 0 2368 ) (8384 0 2368 ) (8384 1024 2368 ) (9216 1024 2368 ) 
4 309 310 (8384 64 2944 ) (8384 64 7168 ) (8384 1024 7168 ) (8384 1024 2944 ) 
4 309 311 (8384 64 2368 ) (8384 0 2368 ) (8384 0 7168 ) (8384 64 7168 ) 
4 310 320 (8192 1024 7168 ) (8192 1024 2944 ) (8192 64 2944 ) (8192 64 7168 ) 
4 310 311 (8384 64 2944 ) (8384 64 7168 ) (8192 64 7168 ) (8192 64 2944 ) 
4 311 1726 (8384 0 7168 ) (8192 0 7168 ) (8192 0 2368 ) (8384 0 2368 ) 
4 311 327 (8192 64 2368 ) (8192 0 2368 ) (8192 0 2944 ) (8192 64 2944 ) 
4 311 320 (8192 0 2944 ) (8192 0 7168 ) (8192 64 7168 ) (8192 64 2944 ) 
4 311 319 (8320 0 2368 ) (8192 0 2368 ) (8192 64 2368 ) (8320 64 2368 ) 
4 311 313 (8384 0 2368 ) (8320 0 2368 ) (8320 64 2368 ) (8384 64 2368 ) 
4 312 1726 (9216 0 640 ) (9216 0 2368 ) (8384 0 2368 ) (8384 0 640 ) 
4 312 314 (9216 0 640 ) (8384 0 640 ) (8384 1024 640 ) (9216 1024 640 ) 
4 312 313 (8384 64 640 ) (8384 0 640 ) (8384 0 2368 ) (8384 64 2368 ) 
4 313 1726 (8384 0 2368 ) (8320 0 2368 ) (8320 0 640 ) (8384 0 640 ) 
4 313 319 (8320 0 640 ) (8320 0 2368 ) (8320 64 2368 ) (8320 64 640 ) 
4 313 314 (8384 0 640 ) (8320 0 640 ) (8320 64 640 ) (8384 64 640 ) 
4 314 1726 (9216 0 -2944 ) (9216 0 640 ) (8320 0 640 ) (8320 0 -2944 ) 
4 314 318 (8320 64 640 ) (8320 384 640 ) (8320 384 -2944 ) (8320 64 -2944 ) 
4 314 319 (8320 0 -2944 ) (8320 0 640 ) (8320 64 640 ) (8320 64 -2944 ) 
4 314 317 (8320 384 640 ) (8320 1024 640 ) (8320 1024 -2944 ) (8320 384 -2944 ) 
4 315 321 (8192 1024 2368 ) (8192 1024 1792 ) (8192 704 1792 ) (8192 704 2368 ) 
4 315 316 (8320 704 2176 ) (8320 704 2368 ) (8192 704 2368 ) (8192 704 2176 ) 
4 316 322 (8192 384 2176 ) (8192 384 2368 ) (8192 704 2368 ) (8192 704 2176 ) 
4 317 328 (8192 1024 640 ) (8192 1024 -2944 ) (8192 384 -2944 ) (8192 384 640 ) 
4 317 318 (8320 384 -2944 ) (8320 384 640 ) (8192 384 640 ) (8192 384 -2944 ) 
4 318 328 (8192 384 640 ) (8192 384 -2944 ) (8192 64 -2944 ) (8192 64 640 ) 
4 318 319 (8192 64 -2944 ) (8320 64 -2944 ) (8320 64 640 ) (8192 64 640 ) 
4 319 1726 (8320 0 -2944 ) (8320 0 2368 ) (8192 0 2368 ) (8192 0 -2944 ) 
4 319 328 (8192 0 -2944 ) (8192 0 640 ) (8192 64 640 ) (8192 64 -2944 ) 
4 319 327 (8192 0 640 ) (8192 0 2368 ) (8192 64 2368 ) (8192 64 640 ) 
4 320 1728 (7552 0 7168 ) (7168 0 7168 ) (7168 0 2944 ) (7552 0 2944 ) 
4 320 1727 (8192 0 2944 ) (8192 0 7168 ) (7552 0 7168 ) (7552 0 2944 ) 
4 320 347 (7168 0 2944 ) (7168 0 7168 ) (7168 128 7168 ) (7168 128 2944 ) 
4 320 345 (7168 128 7168 ) (7168 1024 7168 ) (7168 1024 2944 ) (7168 128 2944 ) 
4 320 327 (8192 0 2944 ) (7552 0 2944 ) (7552 64 2944 ) (8192 64 2944 ) 
4 321 322 (8064 704 2368 ) (8064 704 2176 ) (8192 704 2176 ) (8192 704 2368 ) 
4 321 323 (8064 1024 1792 ) (8064 704 1792 ) (8064 704 2368 ) (8064 1024 2368 ) 
4 322 323 (8064 384 2176 ) (8064 384 2368 ) (8064 704 2368 ) (8064 704 2176 ) 
4 323 324 (7680 384 1792 ) (7680 384 2368 ) (7680 1024 2368 ) (7680 1024 1792 ) 
4 324 326 (7552 384 704 ) (7552 384 2368 ) (7552 1024 2368 ) (7552 1024 704 ) 
4 325 346 (7168 1024 2411.885742 ) (7168 1024 2368 ) (7168 128 2368 ) (7168 128 2411.885742 ) 
4 325 326 (7360 128 2368 ) (7168 128 2368 ) (7168 1024 2368 ) (7360 1024 2368 ) 
4 326 346 (7168 1024 2368 ) (7168 1024 704 ) (7168 128 704 ) (7168 128 2368 ) 
4 327 1727 (8192 0 640 ) (8192 0 2944 ) (7552 0 2944 ) (7552 0 640 ) 
4 327 328 (7552 64 640 ) (8192 64 640 ) (8192 0 640 ) (7552 0 640 ) 
4 328 1730 (8192 0 -2944 ) (8192 0 640 ) (7168 0 640 ) (7168 0 -2944 ) 
4 328 348 (7168 0 -2944 ) (7168 0 640 ) (7168 1024 640 ) (7168 1024 -2944 ) 
4 329 335 (6144 3072 7168 ) (6144 3072 2944 ) (6144 2752 2944 ) (6144 2752 7168 ) 
4 329 331 (7168 2752 2944 ) (7168 2752 7168 ) (6144 2752 7168 ) (6144 2752 2944 ) 
4 330 338 (6144 3072 640 ) (6144 3072 -2944 ) (6144 2752 -2944 ) (6144 2752 640 ) 
4 330 334 (7168 2752 -2944 ) (7168 2752 640 ) (6144 2752 640 ) (6144 2752 -2944 ) 
4 331 339 (7168 2048 2944 ) (7168 2048 7168 ) (6144 2048 7168 ) (6144 2048 2944 ) 
4 331 335 (6144 2048 2944 ) (6144 2048 7168 ) (6144 2752 7168 ) (6144 2752 2944 ) 
4 332 340 (7168 2048 704 ) (7168 2048 2411.885742 ) (6720 2048 2514.285645 ) (6720 2048 704 ) 
4 332 333 (6720 2496 704 ) (6720 2048 704 ) (6720 2048 2514.283447 ) (6720 2496 2514.283447 ) 
4 333 340 (6720 2048 2514.285645 ) (6144 2048 2645.942871 ) (6144 2048 704 ) (6720 2048 704 ) 
4 333 337 (6144 2048 704 ) (6144 2048 2645.942871 ) (6144 2752 2645.942871 ) (6144 2752 704 ) 
4 334 341 (7168 2048 -2944 ) (7168 2048 640 ) (6144 2048 640 ) (6144 2048 -2944 ) 
4 334 338 (6144 2048 -2944 ) (6144 2048 640 ) (6144 2752 640 ) (6144 2752 -2944 ) 
4 335 513 (5120 2048 2944 ) (5120 2048 7168 ) (5120 2496 7168 ) (5120 2496 2944 ) 
4 335 511 (5120 2496 7168 ) (5120 3072 7168 ) (5120 3072 2944 ) (5120 2496 2944 ) 
4 335 342 (6144 2048 2944 ) (6144 2048 7168 ) (5120 2048 7168 ) (5120 2048 2944 ) 
4 336 337 (5728 2752 2208 ) (5728 2752 2720 ) (5344 2752 2720 ) (5344 2752 2208 ) 
4 337 518 (5120 2048 704 ) (5120 2048 1856 ) (5120 2496 1856 ) (5120 2496 704 ) 
4 337 517 (5120 2048 1856 ) (5120 2048 2112 ) (5120 2496 2112 ) (5120 2496 1856 ) 
4 337 514 (5120 2048 2112 ) (5120 2048 2880 ) (5120 2496 2880 ) (5120 2496 2112 ) 
4 337 343 (6144 2048 704 ) (6144 2048 2645.942871 ) (5120 2048 2880 ) (5120 2048 704 ) 
4 338 521 (5120 2048 -2944 ) (5120 2048 640 ) (5120 2496 640 ) (5120 2496 -2944 ) 
4 338 512 (5120 2496 640 ) (5120 3072 640 ) (5120 3072 -2944 ) (5120 2496 -2944 ) 
4 338 344 (6144 2048 -2944 ) (6144 2048 640 ) (5120 2048 640 ) (5120 2048 -2944 ) 
4 339 345 (7168 1024 2944 ) (7168 1024 7168 ) (6144 1024 7168 ) (6144 1024 2944 ) 
4 339 342 (6144 1024 2944 ) (6144 1024 7168 ) (6144 2048 7168 ) (6144 2048 2944 ) 
4 340 346 (7168 1024 704 ) (7168 1024 2411.885742 ) (6144 1024 2645.942871 ) (6144 1024 704 ) 
4 340 343 (6144 1024 704 ) (6144 1024 2645.942871 ) (6144 2048 2645.942871 ) (6144 2048 704 ) 
4 341 348 (7168 1024 -2944 ) (7168 1024 640 ) (6144 1024 640 ) (6144 1024 -2944 ) 
4 341 344 (6144 1024 -2944 ) (6144 1024 640 ) (6144 2048 640 ) (6144 2048 -2944 ) 
4 342 548 (5120 1024 2944 ) (5120 1024 7168 ) (5120 2048 7168 ) (5120 2048 2944 ) 
4 342 349 (5120 1024 7168 ) (5120 1024 2944 ) (6144 1024 2944 ) (6144 1024 7168 ) 
4 343 567 (5120 1024 704 ) (5120 1024 1088 ) (5120 2048 1088 ) (5120 2048 704 ) 
4 343 556 (5120 1024 1088 ) (5120 1024 1536 ) (5120 2048 1536 ) (5120 2048 1088 ) 
4 343 553 (5120 1024 1536 ) (5120 1024 1856 ) (5120 1040 1856 ) (5120 1040 1536 ) 
4 343 552 (5120 1040 1856 ) (5120 2048 1856 ) (5120 2048 1536 ) (5120 1040 1536 ) 
4 343 549 (5120 1024 1856 ) (5120 1024 2880 ) (5120 2048 2880 ) (5120 2048 1856 ) 
4 343 350 (5120 1024 2880 ) (5120 1024 704 ) (6144 1024 704 ) (6144 1024 2645.942871 ) 
4 344 571 (5120 1024 -2944 ) (5120 1024 640 ) (5120 2048 640 ) (5120 2048 -2944 ) 
4 344 352 (5120 1024 640 ) (5120 1024 -2944 ) (6144 1024 -2944 ) (6144 1024 640 ) 
4 345 349 (6144 1024 7168 ) (6144 1024 2944 ) (6144 128 2944 ) (6144 128 7168 ) 
4 345 347 (6144 128 7168 ) (6144 128 2944 ) (7168 128 2944 ) (7168 128 7168 ) 
4 346 350 (6144 1024 2645.942871 ) (6144 1024 704 ) (6144 128 704 ) (6144 128 2645.942871 ) 
4 347 1733 (7168 0 2944 ) (7168 0 7168 ) (6144 0 7168 ) (6144 0 2944 ) 
4 347 349 (6144 0 2944 ) (6144 0 7168 ) (6144 128 7168 ) (6144 128 2944 ) 
4 348 1735 (7168 0 -2944 ) (7168 0 640 ) (6144 0 640 ) (6144 0 -2944 ) 
4 348 352 (6144 1024 640 ) (6144 1024 -2944 ) (6144 0 -2944 ) (6144 0 640 ) 
4 349 1739 (5344 0 7168 ) (5120 0 7168 ) (5120 0 2944 ) (5344 0 2944 ) 
4 349 1737 (5728 0 7168 ) (5344 0 7168 ) (5344 0 2944 ) (5728 0 2944 ) 
4 349 1736 (6144 0 2944 ) (6144 0 7168 ) (5728 0 7168 ) (5728 0 2944 ) 
4 349 616 (5120 0 2944 ) (5120 0 7168 ) (5120 384 7168 ) (5120 384 2944 ) 
4 349 592 (5120 384 7168 ) (5120 1024 7168 ) (5120 1024 2944 ) (5120 384 2944 ) 
4 350 619 (5120 1024 1536 ) (5120 1024 704 ) (5120 384 704 ) (5120 384 1536 ) 
4 350 612 (5120 784 1536 ) (5120 720 1536 ) (5120 720 1567.619995 ) (5120 784 1567.619995 ) 
4 350 614 (5120 720 1536 ) (5120 384 1536 ) (5120 384 1567.619995 ) (5120 720 1567.619995 ) 
4 350 603 (5120 976 1536 ) (5120 784 1536 ) (5120 784 1567.619995 ) (5120 976 1567.619995 ) 
4 350 602 (5120 1024 1567.619995 ) (5120 1024 1536 ) (5120 976 1536 ) (5120 976 1567.619995 ) 
4 350 593 (5120 1024 2880 ) (5120 1024 1567.619995 ) (5120 976 1567.619995 ) (5120 976 2880 ) 
4 350 595 (5120 976 1567.619995 ) (5120 384 1567.619995 ) (5120 384 2880 ) (5120 976 2880 ) 
4 350 351 (5344 128 2720 ) (5344 128 2208 ) (5728 128 2208 ) (5728 128 2720 ) 
4 351 1738 (5344 0 2720 ) (5344 0 2208 ) (5728 0 2208 ) (5728 0 2720 ) 
4 352 1740 (6144 0 -2944 ) (6144 0 640 ) (5120 0 640 ) (5120 0 -2944 ) 
4 352 623 (5120 0 -2944 ) (5120 0 640 ) (5120 1024 640 ) (5120 1024 -2944 ) 
4 353 406 (5120 4096 3968 ) (5120 4096 7168 ) (4416 4096 7168 ) (4416 4096 3968 ) 
4 353 366 (4416 4096 3968 ) (4416 4096 7168 ) (4416 4608 7168 ) (4416 4608 3968 ) 
4 353 361 (4416 4608 7168 ) (4416 5120 7168 ) (4416 5120 3968 ) (4416 4608 3968 ) 
4 354 356 (4992 4736 3488 ) (4992 5120 3488 ) (5120 5120 3488 ) (5120 4736 3488 ) 
4 354 357 (5120 4160 3488 ) (4992 4160 3488 ) (4992 4736 3488 ) (5120 4736 3488 ) 
4 355 359 (4608 5120 704 ) (4608 4736 704 ) (4608 4736 2368 ) (4608 5120 2368 ) 
4 355 357 (4608 4736 2368 ) (4608 4736 704 ) (5120 4736 704 ) (5120 4736 2214.399902 ) 
4 356 358 (4608 4736 2432 ) (4608 4736 3488 ) (4608 5120 3488 ) (4608 5120 2432 ) 
4 356 357 (5120 4736 3488 ) (4608 4736 3488 ) (4608 4736 2432 ) (5120 4736 2278.400146 ) 
4 357 358 (4608 4160 2432 ) (4608 4160 3488 ) (4608 4736 3488 ) (4608 4736 2432 ) 
4 357 359 (4608 4736 704 ) (4608 4160 704 ) (4608 4160 2368 ) (4608 4736 2368 ) 
4 358 362 (4416 5120 2752 ) (4416 5120 2432 ) (4416 4608 2432 ) (4416 4608 2752 ) 
4 360 411 (5120 4096 -2944 ) (5120 4096 640 ) (4416 4096 640 ) (4416 4096 -2944 ) 
4 360 367 (4416 4096 -2944 ) (4416 4096 640 ) (4416 4608 640 ) (4416 4608 -2944 ) 
4 360 363 (4416 4608 640 ) (4416 5120 640 ) (4416 5120 -2944 ) (4416 4608 -2944 ) 
4 361 372 (4096 5120 7168 ) (4096 5120 3840 ) (4096 4608 3840 ) (4096 4608 7168 ) 
4 361 366 (4096 4608 7168 ) (4096 4608 3840 ) (4416 4608 3840 ) (4416 4608 7168 ) 
4 362 364 (4224 4608 2432 ) (4224 4608 2752 ) (4224 5120 2752 ) (4224 5120 2432 ) 
4 363 367 (4224 4608 -2944 ) (4416 4608 -2944 ) (4416 4608 640 ) (4224 4608 640 ) 
4 363 365 (4224 5120 -2944 ) (4224 4608 -2944 ) (4224 4608 640 ) (4224 5120 640 ) 
4 364 374 (4096 5120 2752 ) (4096 5120 2048 ) (4096 4608 2048 ) (4096 4608 2752 ) 
4 365 376 (4096 5120 640 ) (4096 5120 -2944 ) (4096 4608 -2944 ) (4096 4608 640 ) 
4 365 371 (4096 4608 640 ) (4096 4608 -2944 ) (4160 4608 -2944 ) (4160 4608 640 ) 
4 365 367 (4160 4608 -2944 ) (4224 4608 -2944 ) (4224 4608 640 ) (4160 4608 640 ) 
4 366 408 (4416 4096 3840 ) (4416 4096 3968 ) (4096 4096 3968 ) (4096 4096 3840 ) 
4 366 406 (4416 4096 3968 ) (4416 4096 7168 ) (4096 4096 7168 ) (4096 4096 3968 ) 
4 366 377 (4096 4096 3840 ) (4096 4096 7168 ) (4096 4608 7168 ) (4096 4608 3840 ) 
4 367 411 (4416 4096 -2944 ) (4416 4096 640 ) (4160 4096 640 ) (4160 4096 -2944 ) 
4 367 371 (4160 4608 640 ) (4160 4608 -2944 ) (4160 4096 -2944 ) (4160 4096 640 ) 
4 368 412 (4160 4096 1280 ) (4160 4096 1917.023193 ) (4096 4096 1917.023315 ) (4096 4096 1280 ) 
4 368 393 (4096 4400 1536 ) (4096 4528 1536 ) (4096 4528 1280 ) (4096 4400 1280 ) 
4 368 392 (4096 4528 1536 ) (4096 4608 1536 ) (4096 4608 1280 ) (4096 4528 1280 ) 
4 368 398 (4096 4096 1280 ) (4096 4096 1536 ) (4096 4400 1536 ) (4096 4400 1280 ) 
4 368 381 (4096 4096 1536 ) (4096 4096 1917.023193 ) (4096 4384 1756.279053 ) (4096 4384 1536 ) 
4 368 378 (4096 4384 1756.279053 ) (4096 4608 1631.255859 ) (4096 4608 1536 ) (4096 4384 1536 ) 
4 368 370 (4096 4096 1280 ) (4096 4160 1280 ) (4160 4160 1280 ) (4160 4096 1280 ) 
4 368 369 (4160 4320 1792 ) (4160 4608 1631.255249 ) (4096 4608 1631.255249 ) (4096 4320 1792 ) 
3 369 382 (4096 4384 1756.279053 ) (4096 4320 1792 ) (4096 4384 1792 ) 
4 369 378 (4096 4608 1792 ) (4096 4608 1631.255859 ) (4096 4384 1756.279053 ) (4096 4384 1792 ) 
4 370 412 (4160 4096 896 ) (4160 4096 1280 ) (4096 4096 1280 ) (4096 4096 896 ) 
4 370 399 (4096 4096 896 ) (4096 4096 1280 ) (4096 4160 1280 ) (4096 4160 896 ) 
4 371 413 (4160 4096 -2944 ) (4160 4096 832 ) (4096 4096 832 ) (4096 4096 -2944 ) 
4 371 400 (4096 4096 -2944 ) (4096 4096 832 ) (4096 4608 832 ) (4096 4608 -2944 ) 
4 372 377 (4096 4608 3840 ) (4096 4608 7168 ) (3328 4608 7168 ) (3328 4608 3840 ) 
4 372 373 (3328 4608 3840 ) (3328 4608 7168 ) (3328 5120 7168 ) (3328 5120 3840 ) 
4 373 429 (3072 5120 7168 ) (3072 5120 2880 ) (3072 4608 2880 ) (3072 4608 7168 ) 
4 373 401 (3072 4608 7168 ) (3072 4608 2944 ) (3328 4608 2944 ) (3328 4608 7168 ) 
4 374 375 (3136 4608 2176 ) (3136 4608 2752 ) (3136 5120 2752 ) (3136 5120 2176 ) 
4 375 432 (3072 5120 2304 ) (3072 5120 2176 ) (3072 4608 2176 ) (3072 4608 2304 ) 
4 375 430 (3072 5120 2752 ) (3072 5120 2304 ) (3072 4608 2304 ) (3072 4608 2752 ) 
4 376 443 (3072 5120 640 ) (3072 5120 -2944 ) (3072 4608 -2944 ) (3072 4608 640 ) 
4 376 405 (3328 4608 640 ) (3072 4608 640 ) (3072 4608 -2944 ) (3328 4608 -2944 ) 
4 376 400 (4096 4608 -2944 ) (4096 4608 640 ) (3328 4608 640 ) (3328 4608 -2944 ) 
4 377 414 (4096 4096 3840 ) (4096 4096 7168 ) (3328 4096 7168 ) (3328 4096 3840 ) 
4 377 401 (3328 4608 7168 ) (3328 4608 3840 ) (3328 4096 3840 ) (3328 4096 7168 ) 
4 378 393 (4096 4528 1536 ) (4096 4400 1536 ) (4080 4400 1536 ) (4080 4528 1536 ) 
4 378 392 (4080 4608 1536 ) (4096 4608 1536 ) (4096 4528 1536 ) (4080 4528 1536 ) 
4 378 398 (4096 4400 1536 ) (4096 4384 1536 ) (4080 4384 1536 ) (4080 4400 1536 ) 
4 378 382 (4096 4384 1756.279053 ) (4096 4384 1792 ) (4080 4384 1792 ) (4080 4384 1756.279053 ) 
4 378 381 (4080 4384 1536 ) (4096 4384 1536 ) (4096 4384 1756.279053 ) (4080 4384 1756.279053 ) 
4 378 379 (4080 4608 1536 ) (4080 4544 1536 ) (4080 4544 1792 ) (4080 4608 1792 ) 
4 379 392 (3920 4608 1536 ) (4080 4608 1536 ) (4080 4544 1536 ) (3920 4544 1536 ) 
4 379 380 (3920 4608 1536 ) (3920 4544 1536 ) (3920 4544 1792 ) (3920 4608 1792 ) 
4 380 395 (3920 4528 1536 ) (3920 4400 1536 ) (3824 4400 1536 ) (3824 4528 1536 ) 
4 380 392 (3824 4608 1536 ) (3920 4608 1536 ) (3920 4528 1536 ) (3824 4528 1536 ) 
4 380 398 (3920 4400 1536 ) (3920 4384 1536 ) (3824 4384 1536 ) (3824 4400 1536 ) 
4 380 383 (3824 4608 1536 ) (3824 4544 1536 ) (3824 4544 1792 ) (3824 4608 1792 ) 
4 380 382 (3824 4384 1792 ) (3824 4384 1756.279053 ) (3920 4384 1756.279053 ) (3920 4384 1792 ) 
4 380 381 (3824 4384 1756.279053 ) (3824 4384 1536 ) (3920 4384 1536 ) (3920 4384 1756.279053 ) 
4 381 416 (4096 4096 1536 ) (4096 4096 1917.023193 ) (3824 4096 1917.023193 ) (3824 4096 1536 ) 
4 381 398 (4096 4384 1536 ) (4096 4096 1536 ) (3824 4096 1536 ) (3824 4384 1536 ) 
4 381 385 (3824 4384 1536 ) (3824 4096 1536 ) (3824 4096 1917.023193 ) (3824 4384 1756.279175 ) 
4 381 382 (4096 4384 1756.277344 ) (3824 4384 1756.277344 ) (3824 4319.997070 1792 ) (4096 4319.997070 1792 ) 
3 382 386 (3824 4384 1792 ) (3824 4384 1756.279175 ) (3824 4320 1792 ) 
4 383 392 (3664 4608 1536 ) (3824 4608 1536 ) (3824 4544 1536 ) (3664 4544 1536 ) 
4 383 387 (3664 4608 1536 ) (3664 4544 1536 ) (3664 4544 1792 ) (3664 4608 1792 ) 
4 384 395 (3808 4400 1536 ) (3680 4400 1536 ) (3680 4528 1536 ) (3808 4528 1536 ) 
4 385 416 (3664 4096 1917.023193 ) (3664 4096 1536 ) (3824 4096 1536 ) (3824 4096 1917.023193 ) 
4 385 398 (3824 4384 1536 ) (3824 4096 1536 ) (3664 4096 1536 ) (3664 4384 1536 ) 
4 385 390 (3664 4384 1536 ) (3664 4096 1536 ) (3664 4096 1917.023193 ) (3664 4384 1756.279053 ) 
4 385 386 (3824 4384 1756.277344 ) (3664 4384 1756.277344 ) (3664 4319.997070 1792 ) (3824 4319.997070 1792 ) 
3 386 391 (3664 4384 1792 ) (3664 4384 1756.279053 ) (3664 4320 1792 ) 
4 387 395 (3664 4528 1536 ) (3664 4400 1536 ) (3568 4400 1536 ) (3568 4528 1536 ) 
4 387 392 (3568 4608 1536 ) (3664 4608 1536 ) (3664 4528 1536 ) (3568 4528 1536 ) 
4 387 398 (3664 4400 1536 ) (3664 4384 1536 ) (3568 4384 1536 ) (3568 4400 1536 ) 
4 387 391 (3664 4384 1756.279053 ) (3664 4384 1792 ) (3568 4384 1792 ) (3568 4384 1756.279053 ) 
4 387 390 (3568 4384 1536 ) (3664 4384 1536 ) (3664 4384 1756.279053 ) (3568 4384 1756.279053 ) 
4 387 388 (3568 4608 1536 ) (3568 4544 1536 ) (3568 4544 1792 ) (3568 4608 1792 ) 
4 388 392 (3408 4608 1536 ) (3568 4608 1536 ) (3568 4544 1536 ) (3408 4544 1536 ) 
4 388 389 (3408 4608 1536 ) (3408 4544 1536 ) (3408 4544 1792 ) (3408 4608 1792 ) 
4 389 397 (3328 4400 1536 ) (3328 4528 1536 ) (3408 4528 1536 ) (3408 4400 1536 ) 
4 389 392 (3328 4528 1536 ) (3328 4608 1536 ) (3408 4608 1536 ) (3408 4528 1536 ) 
4 389 398 (3328 4384 1536 ) (3328 4400 1536 ) (3408 4400 1536 ) (3408 4384 1536 ) 
4 389 391 (3408 4384 1756.279053 ) (3408 4384 1792 ) (3328 4384 1792 ) (3328 4384 1756.279053 ) 
4 389 390 (3328 4384 1536 ) (3408 4384 1536 ) (3408 4384 1756.279053 ) (3328 4384 1756.279053 ) 
4 390 416 (3328 4096 1917.023193 ) (3328 4096 1536 ) (3664 4096 1536 ) (3664 4096 1917.023193 ) 
4 390 398 (3328 4096 1536 ) (3328 4384 1536 ) (3664 4384 1536 ) (3664 4096 1536 ) 
4 390 391 (3664 4384 1756.277344 ) (3328 4384 1756.277344 ) (3328 4319.997070 1792 ) (3664 4319.997070 1792 ) 
4 392 396 (3552 4528 1408 ) (3552 4528 1536 ) (3424 4528 1536 ) (3424 4528 1408 ) 
4 392 395 (3552 4528 1280 ) (3936 4528 1280 ) (3936 4528 1536 ) (3552 4528 1536 ) 
4 392 397 (3328 4528 1280 ) (3424 4528 1280 ) (3424 4528 1536 ) (3328 4528 1536 ) 
4 392 394 (4064 4528 1472 ) (4064 4528 1536 ) (3936 4528 1536 ) (3936 4528 1472 ) 
4 392 393 (4064 4528 1280 ) (4096 4528 1280 ) (4096 4528 1536 ) (4064 4528 1536 ) 
4 393 394 (4064 4528 1536 ) (4064 4528 1472 ) (4064 4400 1472 ) (4064 4400 1536 ) 
4 393 398 (4064 4400 1280 ) (4096 4400 1280 ) (4096 4400 1536 ) (4064 4400 1536 ) 
4 394 395 (3936 4528 1536 ) (3936 4528 1472 ) (3936 4400 1472 ) (3936 4400 1536 ) 
4 394 398 (4064 4400 1472 ) (4064 4400 1536 ) (3936 4400 1536 ) (3936 4400 1472 ) 
4 395 396 (3552 4528 1536 ) (3552 4528 1408 ) (3552 4400 1408 ) (3552 4400 1536 ) 
4 395 398 (3552 4400 1280 ) (3936 4400 1280 ) (3936 4400 1536 ) (3552 4400 1536 ) 
4 396 398 (3552 4400 1408 ) (3552 4400 1536 ) (3424 4400 1536 ) (3424 4400 1408 ) 
4 396 397 (3424 4528 1536 ) (3424 4528 1408 ) (3424 4400 1408 ) (3424 4400 1536 ) 
4 397 398 (3328 4400 1280 ) (3424 4400 1280 ) (3424 4400 1536 ) (3328 4400 1536 ) 
4 398 416 (4096 4096 1280 ) (4096 4096 1536 ) (3328 4096 1536 ) (3328 4096 1280 ) 
4 398 399 (4096 4096 1280 ) (3328 4096 1280 ) (3328 4160 1280 ) (4096 4160 1280 ) 
4 399 416 (4096 4096 896 ) (4096 4096 1280 ) (3328 4096 1280 ) (3328 4096 896 ) 
4 399 405 (3328 4096 896 ) (3328 4096 1088 ) (3328 4160 1088 ) (3328 4160 896 ) 
4 400 417 (4096 4096 -2944 ) (4096 4096 832 ) (3328 4096 832 ) (3328 4096 -2944 ) 
4 400 405 (3328 4608 832 ) (3328 4608 -2944 ) (3328 4096 -2944 ) (3328 4096 832 ) 
4 401 435 (3072 4096 2944 ) (3072 4096 7168 ) (3072 4608 7168 ) (3072 4608 2944 ) 
4 401 422 (3312 4096 7168 ) (3072 4096 7168 ) (3072 4096 2944 ) (3312 4096 2944 ) 
4 401 418 (3328 4096 2944 ) (3328 4096 7168 ) (3312 4096 7168 ) (3312 4096 2944 ) 
4 401 402 (3072 4096 2944 ) (3072 4352 2944 ) (3312 4352 2944 ) (3312 4096 2944 ) 
4 402 436 (3072 4096 2880 ) (3072 4096 2944 ) (3072 4352 2944 ) (3072 4352 2880 ) 
4 402 422 (3312 4096 2944 ) (3072 4096 2944 ) (3072 4096 2880 ) (3312 4096 2880 ) 
4 403 438 (3072 4096 2048 ) (3072 4096 2752 ) (3072 4352 2752 ) (3072 4352 2048 ) 
4 403 424 (3152 4096 2048 ) (3312 4096 2048 ) (3312 4096 2208 ) (3152 4096 2208 ) 
4 403 426 (3072 4096 2208 ) (3072 4096 2048 ) (3152 4096 2048 ) (3152 4096 2208 ) 
4 403 423 (3312 4096 2752 ) (3072 4096 2752 ) (3072 4096 2208 ) (3312 4096 2208 ) 
4 403 404 (3312 4096 2048 ) (3072 4096 2048 ) (3072 4352 2048 ) (3312 4352 2048 ) 
4 404 438 (3072 4096 1792 ) (3072 4096 2048 ) (3072 4352 2048 ) (3072 4352 1792 ) 
4 404 424 (3312 4096 2048 ) (3152 4096 2048 ) (3152 4096 1792 ) (3312 4096 1792 ) 
4 404 426 (3152 4096 2048 ) (3072 4096 2048 ) (3072 4096 1792 ) (3152 4096 1792 ) 
4 405 445 (3072 4096 -2944 ) (3072 4096 1088 ) (3072 4352 1088 ) (3072 4352 -2944 ) 
4 405 443 (3072 4352 1088 ) (3072 4608 1088 ) (3072 4608 -2944 ) (3072 4352 -2944 ) 
4 405 428 (3328 4096 -2944 ) (3328 4096 1088 ) (3072 4096 1088 ) (3072 4096 -2944 ) 
4 406 522 (4352 3072 7168 ) (4096 3072 7168 ) (4096 3072 3968 ) (4352 3072 3968 ) 
4 406 511 (5120 3072 3968 ) (5120 3072 7168 ) (4352 3072 7168 ) (4352 3072 3968 ) 
4 406 414 (4096 4096 7168 ) (4096 4096 3968 ) (4096 3072 3968 ) (4096 3072 7168 ) 
4 406 407 (5120 3072 3968 ) (4416 3072 3968 ) (4416 4032 3968 ) (5120 4032 3968 ) 
4 406 408 (4416 3072 3968 ) (4096 3072 3968 ) (4096 4096 3968 ) (4416 4096 3968 ) 
4 407 511 (5120 3072 3840 ) (5120 3072 3968 ) (4416 3072 3968 ) (4416 3072 3840 ) 
4 407 409 (5120 4032 3840 ) (5120 3072 3840 ) (4416 3072 3840 ) (4416 4032 3840 ) 
4 407 408 (4416 4032 3840 ) (4416 3072 3840 ) (4416 3072 3968 ) (4416 4032 3968 ) 
4 408 522 (4352 3072 3968 ) (4096 3072 3968 ) (4096 3072 3840 ) (4352 3072 3840 ) 
4 408 511 (4416 3072 3968 ) (4352 3072 3968 ) (4352 3072 3840 ) (4416 3072 3840 ) 
4 408 414 (4096 4096 3968 ) (4096 4096 3840 ) (4096 3072 3840 ) (4096 3072 3968 ) 
4 408 410 (4096 3072 3840 ) (4096 4032 3840 ) (4416 4032 3840 ) (4416 3072 3840 ) 
4 409 511 (5120 3072 2944 ) (5120 3072 3840 ) (4416 3072 3840 ) (4416 3072 2944 ) 
4 409 410 (4416 4032 2944 ) (4416 3072 2944 ) (4416 3072 3840 ) (4416 4032 3840 ) 
4 410 522 (4352 3072 3840 ) (4096 3072 3840 ) (4096 3072 2944 ) (4352 3072 2944 ) 
4 410 511 (4416 3072 3840 ) (4352 3072 3840 ) (4352 3072 2944 ) (4416 3072 2944 ) 
4 410 415 (4096 4032 2944 ) (4096 3072 2944 ) (4096 3072 3840 ) (4096 4032 3840 ) 
4 411 523 (4352 3072 640 ) (4160 3072 640 ) (4160 3072 -2944 ) (4352 3072 -2944 ) 
4 411 512 (5120 3072 -2944 ) (5120 3072 640 ) (4352 3072 640 ) (4352 3072 -2944 ) 
4 411 413 (4160 4096 640 ) (4160 4096 -2944 ) (4160 3072 -2944 ) (4160 3072 640 ) 
4 412 524 (4160 3072 896 ) (4160 3072 2488.558105 ) (4096 3072 2488.558350 ) (4096 3072 896 ) 
4 412 416 (4096 4096 1917.023438 ) (4096 4096 896 ) (4096 3072 896 ) (4096 3072 2488.558105 ) 
4 413 525 (4160 3072 -2944 ) (4160 3072 832 ) (4096 3072 832 ) (4096 3072 -2944 ) 
4 413 417 (4096 4096 832 ) (4096 4096 -2944 ) (4096 3072 -2944 ) (4096 3072 832 ) 
4 414 532 (4096 3072 3840 ) (4096 3072 7168 ) (3328 3072 7168 ) (3328 3072 3840 ) 
4 414 418 (3328 3072 3840 ) (3328 3072 7168 ) (3328 4096 7168 ) (3328 4096 3840 ) 
4 414 415 (3328 3072 3840 ) (3328 4032 3840 ) (4096 4032 3840 ) (4096 3072 3840 ) 
4 415 532 (4096 3072 2944 ) (4096 3072 3840 ) (3328 3072 3840 ) (3328 3072 2944 ) 
4 415 418 (3328 3072 2944 ) (3328 3072 3840 ) (3328 4032 3840 ) (3328 4032 2944 ) 
4 416 533 (4096 3072 896 ) (4096 3072 2488.558105 ) (3328 3072 2488.558350 ) (3328 3072 896 ) 
4 416 428 (3328 3072 896 ) (3328 3072 1088 ) (3328 4096 1088 ) (3328 4096 896 ) 
4 416 419 (3328 3232 2048 ) (3328 3784 2048 ) (3328 3784 1840 ) (3328 3232 1840 ) 
4 417 534 (4096 3072 -2944 ) (4096 3072 832 ) (3328 3072 832 ) (3328 3072 -2944 ) 
4 417 428 (3328 3072 -2944 ) (3328 3072 832 ) (3328 4096 832 ) (3328 4096 -2944 ) 
4 418 532 (3328 3072 2944 ) (3328 3072 7168 ) (3312 3072 7168 ) (3312 3072 2944 ) 
4 418 427 (3312 3072 2944 ) (3312 3072 7168 ) (3312 3200 7168 ) (3312 3200 2944 ) 
4 418 422 (3312 3200 7168 ) (3312 4096 7168 ) (3312 4096 2944 ) (3312 3200 2944 ) 
4 419 420 (3324 3784 2048 ) (3324 3784 1840 ) (3324 3232 1840 ) (3324 3232 2048 ) 
4 420 421 (3320 3784 2048 ) (3320 3784 1840 ) (3320 3232 1840 ) (3320 3232 2048 ) 
4 421 425 (3312 3232 1840 ) (3312 3232 2048 ) (3312 3784 2048 ) (3312 3784 1840 ) 
4 422 446 (3072 4096 7168 ) (3072 4096 2880 ) (3072 3200 2880 ) (3072 3200 7168 ) 
4 422 427 (3072 3200 7168 ) (3072 3200 2944 ) (3312 3200 2944 ) (3312 3200 7168 ) 
4 423 447 (3072 4096 2752 ) (3072 4096 2208 ) (3072 3200 2208 ) (3072 3200 2752 ) 
4 423 424 (3152 3968 2208 ) (3152 4096 2208 ) (3312 4096 2208 ) (3312 3968 2208 ) 
4 423 425 (3312 3200 2208 ) (3152 3200 2208 ) (3152 3840 2208 ) (3312 3840 2208 ) 
4 423 426 (3152 3200 2208 ) (3072 3200 2208 ) (3072 4096 2208 ) (3152 4096 2208 ) 
4 424 426 (3152 4096 1792 ) (3152 3968 1792 ) (3152 3968 2208 ) (3152 4096 2208 ) 
4 425 426 (3152 3840 1792 ) (3152 3200 1792 ) (3152 3200 2208 ) (3152 3840 2208 ) 
4 426 447 (3072 4096 2208 ) (3072 4096 1792 ) (3072 3200 1792 ) (3072 3200 2208 ) 
4 427 532 (3072 3072 7168 ) (3072 3072 2944 ) (3312 3072 2944 ) (3312 3072 7168 ) 
4 427 446 (3072 3072 2944 ) (3072 3072 7168 ) (3072 3200 7168 ) (3072 3200 2944 ) 
4 428 535 (3328 3072 -2944 ) (3328 3072 1088 ) (3072 3072 1088 ) (3072 3072 -2944 ) 
4 428 450 (3072 3072 -2944 ) (3072 3072 1088 ) (3072 4096 1088 ) (3072 4096 -2944 ) 
4 429 452 (2048 5120 7168 ) (2048 5120 2880 ) (2048 4608 2880 ) (2048 4608 7168 ) 
4 429 437 (2688 4608 2944 ) (2048 4608 2944 ) (2048 4608 2880 ) (2688 4608 2880 ) 
4 429 435 (3072 4608 2944 ) (3072 4608 7168 ) (2048 4608 7168 ) (2048 4608 2944 ) 
4 430 432 (3072 4608 2304 ) (2944 4608 2304 ) (2944 5120 2304 ) (3072 5120 2304 ) 
4 430 431 (2688 4992 2304 ) (2688 4608 2304 ) (2688 4608 2752 ) (2688 4992 2752 ) 
4 431 453 (2048 4992 2304 ) (2048 4608 2304 ) (2048 4608 2752 ) (2048 4992 2752 ) 
4 431 439 (2688 4608 2752 ) (2048 4608 2752 ) (2048 4608 2304 ) (2688 4608 2304 ) 
4 433 441 (2944 5120 1536 ) (3072 5120 1536 ) (3072 4608 1536 ) (2944 4608 1536 ) 
4 433 434 (2944 5120 1536 ) (2944 4608 1536 ) (2944 4608 1728 ) (2944 5120 1728 ) 
4 434 456 (2048 5120 1728 ) (2048 5120 1536 ) (2048 4608 1536 ) (2048 4608 1728 ) 
4 434 441 (2688 5120 1536 ) (2944 5120 1536 ) (2944 4608 1536 ) (2688 4608 1536 ) 
4 434 442 (2048 4608 1536 ) (2048 5120 1536 ) (2688 5120 1536 ) (2688 4608 1536 ) 
4 435 452 (2048 4096 2944 ) (2048 4096 7168 ) (2048 4608 7168 ) (2048 4608 2944 ) 
4 435 446 (3072 4096 2944 ) (3072 4096 7168 ) (2048 4096 7168 ) (2048 4096 2944 ) 
4 435 437 (2048 4096 2944 ) (2048 4608 2944 ) (2688 4608 2944 ) (2688 4096 2944 ) 
4 435 436 (3072 4352 2944 ) (3072 4096 2944 ) (2688 4096 2944 ) (2688 4352 2944 ) 
4 436 446 (3072 4096 2880 ) (3072 4096 2944 ) (2688 4096 2944 ) (2688 4096 2880 ) 
4 436 437 (2688 4096 2880 ) (2688 4096 2944 ) (2688 4352 2944 ) (2688 4352 2880 ) 
4 437 452 (2048 4096 2880 ) (2048 4096 2944 ) (2048 4608 2944 ) (2048 4608 2880 ) 
4 437 446 (2688 4096 2944 ) (2048 4096 2944 ) (2048 4096 2880 ) (2688 4096 2880 ) 
4 438 448 (2816 4096 2752 ) (2688 4096 2752 ) (2688 4096 1792 ) (2816 4096 1792 ) 
4 438 447 (3072 4096 1792 ) (3072 4096 2752 ) (2816 4096 2752 ) (2816 4096 1792 ) 
4 438 440 (2816 4096 1792 ) (2688 4096 1792 ) (2688 4352 1792 ) (2816 4352 1792 ) 
4 438 439 (2688 4352 1792 ) (2688 4096 1792 ) (2688 4096 2752 ) (2688 4352 2752 ) 
4 439 454 (2048 4096 1792 ) (2048 4096 2752 ) (2048 4608 2752 ) (2048 4608 1792 ) 
4 439 448 (2688 4096 2752 ) (2048 4096 2752 ) (2048 4096 1792 ) (2688 4096 1792 ) 
4 439 440 (2048 4096 1792 ) (2048 4352 1792 ) (2688 4352 1792 ) (2688 4096 1792 ) 
4 440 460 (2048 4096 1664 ) (2048 4096 1792 ) (2048 4352 1792 ) (2048 4352 1664 ) 
4 440 448 (2816 4096 1792 ) (2048 4096 1792 ) (2048 4096 1664 ) (2816 4096 1664 ) 
4 441 443 (2688 4608 1088 ) (2688 5120 1088 ) (3072 5120 1088 ) (3072 4608 1088 ) 
4 441 442 (2688 5120 1088 ) (2688 4608 1088 ) (2688 4608 1536 ) (2688 5120 1536 ) 
4 442 458 (2048 4352 1088 ) (2048 4352 1536 ) (2048 4608 1536 ) (2048 4608 1088 ) 
4 442 456 (2048 4608 1536 ) (2048 5120 1536 ) (2048 5120 1088 ) (2048 4608 1088 ) 
4 442 445 (2048 4352 1408 ) (2048 4352 1088 ) (2688 4352 1088 ) (2688 4352 1408 ) 
4 442 443 (2688 4352 1088 ) (2048 4352 1088 ) (2048 5120 1088 ) (2688 5120 1088 ) 
4 443 458 (2048 4352 -2944 ) (2048 4352 1088 ) (2048 4608 1088 ) (2048 4608 -2944 ) 
4 443 456 (2048 4608 1088 ) (2048 5120 1088 ) (2048 5120 -2944 ) (2048 4608 -2944 ) 
4 443 445 (3072 4352 -2944 ) (3072 4352 1088 ) (2048 4352 1088 ) (2048 4352 -2944 ) 
4 444 450 (3072 4096 1408 ) (3072 4096 1536 ) (2816 4096 1536 ) (2816 4096 1408 ) 
4 444 445 (2816 4352 1408 ) (3072 4352 1408 ) (3072 4096 1408 ) (2816 4096 1408 ) 
4 445 462 (2048 4096 -2944 ) (2048 4096 1408 ) (2048 4352 1408 ) (2048 4352 -2944 ) 
4 445 451 (2816 4096 1408 ) (2048 4096 1408 ) (2048 4096 -2944 ) (2816 4096 -2944 ) 
4 445 450 (3072 4096 -2944 ) (3072 4096 1408 ) (2816 4096 1408 ) (2816 4096 -2944 ) 
4 446 634 (3072 3072 2880 ) (3072 3072 7168 ) (2048 3072 7168 ) (2048 3072 2880 ) 
4 446 474 (2048 3072 2880 ) (2048 3072 7168 ) (2048 4096 7168 ) (2048 4096 2880 ) 
4 447 635 (3072 3072 1792 ) (3072 3072 2752 ) (2816 3072 2752 ) (2816 3072 1792 ) 
4 447 449 (2816 3072 1792 ) (2816 3072 2752 ) (2816 3328 2752 ) (2816 3328 1792 ) 
4 447 448 (2816 3328 2752 ) (2816 4096 2752 ) (2816 4096 1792 ) (2816 3328 1792 ) 
4 448 476 (2048 3520 2752 ) (2048 3776 2752 ) (2048 3776 2624 ) (2048 3520 2624 ) 
4 448 475 (2048 3776 2752 ) (2048 4096 2752 ) (2048 4096 1536 ) (2048 3776 1536 ) 
4 448 477 (2048 3328 2752 ) (2048 3520 2752 ) (2048 3520 1536 ) (2048 3328 1536 ) 
4 448 449 (2816 3328 1664 ) (2816 3328 2752 ) (2048 3328 2752 ) (2048 3328 1664 ) 
4 449 637 (2432 3072 2752 ) (2048 3072 2752 ) (2048 3072 1792 ) (2432 3072 1792 ) 
4 449 635 (2816 3072 2752 ) (2432 3072 2752 ) (2432 3072 1792 ) (2816 3072 1792 ) 
4 449 479 (2048 3072 1664 ) (2048 3072 2752 ) (2048 3328 2752 ) (2048 3328 1664 ) 
4 450 640 (3072 3072 -2944 ) (3072 3072 1536 ) (2816 3072 1536 ) (2816 3072 -2944 ) 
4 450 451 (2816 4096 -2944 ) (2816 3072 -2944 ) (2816 3072 1408 ) (2816 4096 1408 ) 
4 451 640 (2048 3072 1408 ) (2048 3072 -2944 ) (2816 3072 -2944 ) (2816 3072 1408 ) 
4 451 484 (2048 3072 -2944 ) (2048 3072 1408 ) (2048 4096 1408 ) (2048 4096 -2944 ) 
4 452 474 (2048 4096 2880 ) (2048 4096 7168 ) (1024 4096 7168 ) (1024 4096 2880 ) 
4 452 464 (1024 4096 2880 ) (1024 4096 7168 ) (1024 5120 7168 ) (1024 5120 2880 ) 
4 453 454 (1280 4608 2752 ) (1280 4608 2304 ) (2048 4608 2304 ) (2048 4608 2752 ) 
4 454 480 (1536 4096 2752 ) (1280 4096 2752 ) (1280 4096 1792 ) (1536 4096 1792 ) 
4 454 475 (2048 4096 1792 ) (2048 4096 2752 ) (1792 4096 2752 ) (1792 4096 1792 ) 
4 454 478 (1792 4096 2752 ) (1536 4096 2752 ) (1536 4096 1792 ) (1792 4096 1792 ) 
4 454 460 (2048 4096 1792 ) (1536 4096 1792 ) (1536 4352 1792 ) (2048 4352 1792 ) 
4 454 455 (1280 4352 1792 ) (1280 4096 1792 ) (1280 4096 2752 ) (1280 4352 2752 ) 
4 455 481 (1280 4096 2752 ) (1024 4096 2752 ) (1024 4096 1792 ) (1280 4096 1792 ) 
4 455 466 (1024 4096 1792 ) (1024 4096 2752 ) (1024 4352 2752 ) (1024 4352 1792 ) 
4 456 458 (2048 4608 -2944 ) (2048 4608 1536 ) (1280 4608 1536 ) (1280 4608 -2944 ) 
4 456 457 (1280 5120 -2944 ) (1280 4608 -2944 ) (1280 4608 1728 ) (1280 5120 1728 ) 
4 457 471 (1024 4608 -2944 ) (1024 4608 1344 ) (1024 5120 1344 ) (1024 5120 -2944 ) 
4 457 468 (1024 4608 1344 ) (1024 4608 1792 ) (1024 5120 1792 ) (1024 5120 1344 ) 
4 457 459 (1280 4608 1792 ) (1024 4608 1792 ) (1024 4608 -2944 ) (1280 4608 -2944 ) 
4 458 462 (1536 4352 -2944 ) (2048 4352 -2944 ) (2048 4352 1408 ) (1536 4352 1408 ) 
4 458 463 (1280 4352 1536 ) (1280 4352 -2944 ) (1536 4352 -2944 ) (1536 4352 1536 ) 
4 458 459 (1280 4608 1536 ) (1280 4608 -2944 ) (1280 4352 -2944 ) (1280 4352 1536 ) 
4 459 471 (1024 4352 -2944 ) (1024 4352 1344 ) (1024 4608 1344 ) (1024 4608 -2944 ) 
4 459 468 (1024 4352 1344 ) (1024 4352 1792 ) (1024 4608 1792 ) (1024 4608 1344 ) 
4 459 463 (1024 4352 1536 ) (1024 4352 -2944 ) (1280 4352 -2944 ) (1280 4352 1536 ) 
4 459 461 (1024 4352 1728 ) (1024 4352 1536 ) (1280 4352 1536 ) (1280 4352 1728 ) 
4 460 475 (2048 4096 1664 ) (2048 4096 1792 ) (1792 4096 1792 ) (1792 4096 1664 ) 
4 460 478 (1792 4096 1792 ) (1536 4096 1792 ) (1536 4096 1664 ) (1792 4096 1664 ) 
4 461 482 (1024 4096 1728 ) (1024 4096 1536 ) (1280 4096 1536 ) (1280 4096 1728 ) 
4 461 469 (1024 4096 1536 ) (1024 4096 1728 ) (1024 4352 1728 ) (1024 4352 1536 ) 
4 461 463 (1280 4096 1536 ) (1024 4096 1536 ) (1024 4352 1536 ) (1280 4352 1536 ) 
4 462 484 (2048 4096 -2944 ) (2048 4096 1408 ) (1536 4096 1408 ) (1536 4096 -2944 ) 
4 462 463 (1536 4352 -2944 ) (1536 4096 -2944 ) (1536 4096 1408 ) (1536 4352 1408 ) 
4 463 485 (1536 4096 1536 ) (1024 4096 1536 ) (1024 4096 -2944 ) (1536 4096 -2944 ) 
4 463 471 (1024 4096 -2944 ) (1024 4096 1344 ) (1024 4352 1344 ) (1024 4352 -2944 ) 
4 463 469 (1024 4096 1344 ) (1024 4096 1536 ) (1024 4352 1536 ) (1024 4352 1344 ) 
4 464 822 (0 4096 2880 ) (0 4096 7168 ) (0 4416 7168 ) (0 4416 2880 ) 
4 464 821 (0 4416 7168 ) (0 5120 7168 ) (0 5120 2880 ) (0 4416 2880 ) 
4 464 486 (576 4096 2880 ) (1024 4096 2880 ) (1024 4096 7168 ) (576 4096 7168 ) 
4 464 487 (0 4096 7168 ) (0 4096 2880 ) (576 4096 2880 ) (576 4096 7168 ) 
4 464 465 (0 5120 2880 ) (576 5120 2880 ) (576 4096 2880 ) (0 4096 2880 ) 
4 465 822 (0 4096 2752 ) (0 4096 2880 ) (0 4416 2880 ) (0 4416 2752 ) 
4 465 821 (0 4416 2880 ) (0 5120 2880 ) (0 5120 2752 ) (0 4416 2752 ) 
4 465 487 (0 4096 2880 ) (0 4096 2752 ) (576 4096 2752 ) (576 4096 2880 ) 
4 465 467 (576 4096 2752 ) (0 4096 2752 ) (0 5120 2752 ) (576 5120 2752 ) 
4 466 488 (592 4096 1792 ) (1024 4096 1792 ) (1024 4096 2752 ) (592 4096 2752 ) 
4 467 822 (0 4096 1792 ) (0 4096 2752 ) (0 4416 2752 ) (0 4416 1792 ) 
4 467 821 (0 4416 2752 ) (0 5120 2752 ) (0 5120 1792 ) (0 4416 1792 ) 
4 467 489 (0 4096 2752 ) (0 4096 1792 ) (576 4096 1792 ) (576 4096 2752 ) 
4 467 470 (0 5120 1792 ) (576 5120 1792 ) (576 4096 1792 ) (0 4096 1792 ) 
4 468 472 (576 5120 1344 ) (896 5120 1344 ) (896 4416 1344 ) (576 4416 1344 ) 
4 468 471 (896 5120 1344 ) (1024 5120 1344 ) (1024 4352 1344 ) (896 4352 1344 ) 
4 468 469 (576 4352 1728 ) (576 4352 1344 ) (1024 4352 1344 ) (1024 4352 1728 ) 
4 468 470 (576 5120 1344 ) (576 4352 1344 ) (576 4352 1792 ) (576 5120 1792 ) 
4 469 490 (576 4096 1344 ) (1024 4096 1344 ) (1024 4096 1728 ) (576 4096 1728 ) 
4 469 471 (1024 4352 1344 ) (1024 4096 1344 ) (896 4096 1344 ) (896 4352 1344 ) 
4 469 470 (576 4352 1344 ) (576 4096 1344 ) (576 4096 1728 ) (576 4352 1728 ) 
4 470 822 (0 4096 1344 ) (0 4096 1792 ) (0 4416 1792 ) (0 4416 1344 ) 
4 470 821 (0 4416 1792 ) (0 5120 1792 ) (0 5120 1344 ) (0 4416 1344 ) 
4 470 491 (0 4096 1792 ) (0 4096 1344 ) (576 4096 1344 ) (576 4096 1792 ) 
4 470 472 (0 5120 1344 ) (576 5120 1344 ) (576 4416 1344 ) (0 4416 1344 ) 
4 471 510 (896 4096 -2944 ) (1024 4096 -2944 ) (1024 4096 -1024 ) (896 4096 -1024 ) 
4 471 507 (1024 4096 -1024 ) (1024 4096 -256 ) (896 4096 -256 ) (896 4096 -1024 ) 
4 471 494 (1024 4096 -256 ) (1024 4096 1344 ) (896 4096 1344 ) (896 4096 -256 ) 
4 471 473 (896 4416 -2944 ) (896 4096 -2944 ) (896 4096 -960 ) (896 4416 -960 ) 
4 471 472 (896 5120 -2944 ) (896 4416 -2944 ) (896 4416 1344 ) (896 5120 1344 ) 
4 472 823 (0 5120 -960 ) (0 5120 -2944 ) (0 4416 -2944 ) (0 4416 -960 ) 
4 472 821 (0 4416 1344 ) (0 5120 1344 ) (0 5120 -960 ) (0 4416 -960 ) 
4 472 473 (0 4416 -2944 ) (896 4416 -2944 ) (896 4416 -960 ) (0 4416 -960 ) 
4 473 823 (0 4096 -2944 ) (0 4096 -960 ) (0 4416 -960 ) (0 4416 -2944 ) 
4 473 510 (0 4096 -1024 ) (0 4096 -2944 ) (896 4096 -2944 ) (896 4096 -1024 ) 
4 473 508 (0 4096 -960 ) (0 4096 -1024 ) (896 4096 -1024 ) (896 4096 -960 ) 
4 474 641 (2048 3072 2880 ) (2048 3072 7168 ) (1024 3072 7168 ) (1024 3072 2880 ) 
4 474 486 (1024 4096 7168 ) (1024 4096 2880 ) (1024 3072 2880 ) (1024 3072 7168 ) 
4 475 476 (1792 3776 2752 ) (1792 3776 2624 ) (2048 3776 2624 ) (2048 3776 2752 ) 
4 475 478 (1792 4096 1536 ) (1792 3776 1536 ) (1792 3776 2752 ) (1792 4096 2752 ) 
4 476 478 (1792 3520 2624 ) (1792 3520 2752 ) (1792 3776 2752 ) (1792 3776 2624 ) 
4 476 477 (1792 3520 2752 ) (1792 3520 2624 ) (2048 3520 2624 ) (2048 3520 2752 ) 
4 477 479 (2048 3328 1664 ) (2048 3328 2752 ) (1792 3328 2752 ) (1792 3328 1664 ) 
4 477 478 (1792 3520 1536 ) (1792 3328 1536 ) (1792 3328 2752 ) (1792 3520 2752 ) 
4 478 480 (1536 3328 1792 ) (1536 3328 2752 ) (1536 4096 2752 ) (1536 4096 1792 ) 
4 478 479 (1536 3328 2752 ) (1536 3328 1664 ) (1792 3328 1664 ) (1792 3328 2752 ) 
4 479 642 (2048 3072 1792 ) (2048 3072 2752 ) (1536 3072 2752 ) (1536 3072 1792 ) 
4 479 480 (1536 3072 1792 ) (1536 3072 2752 ) (1536 3328 2752 ) (1536 3328 1792 ) 
4 480 644 (1536 3072 2752 ) (1280 3072 2752 ) (1280 3072 1792 ) (1536 3072 1792 ) 
4 480 481 (1280 3200 2752 ) (1280 4096 2752 ) (1280 4096 1792 ) (1280 3200 1792 ) 
4 481 488 (1024 4096 2752 ) (1024 4096 1792 ) (1024 3200 1792 ) (1024 3200 2752 ) 
4 482 490 (1024 4096 1728 ) (1024 4096 1536 ) (1024 3200 1536 ) (1024 3200 1728 ) 
4 482 485 (1024 4096 1536 ) (1280 4096 1536 ) (1280 3200 1536 ) (1024 3200 1536 ) 
4 482 483 (1024 3200 1536 ) (1280 3200 1536 ) (1280 3200 1728 ) (1024 3200 1728 ) 
4 483 648 (1024 3072 1792 ) (1024 3072 1536 ) (1280 3072 1536 ) (1280 3072 1792 ) 
4 483 492 (1024 3200 1536 ) (1024 3072 1536 ) (1024 3072 1792 ) (1024 3200 1792 ) 
4 483 485 (1280 3200 1536 ) (1280 3072 1536 ) (1024 3072 1536 ) (1024 3200 1536 ) 
4 484 647 (2048 3072 -2944 ) (2048 3072 1408 ) (1536 3072 1408 ) (1536 3072 -2944 ) 
4 484 485 (1536 4096 -2944 ) (1536 3072 -2944 ) (1536 3072 1408 ) (1536 4096 1408 ) 
4 485 647 (1536 3072 1536 ) (1280 3072 1536 ) (1280 3072 -2944 ) (1536 3072 -2944 ) 
4 485 648 (1280 3072 1536 ) (1024 3072 1536 ) (1024 3072 -2944 ) (1280 3072 -2944 ) 
4 485 510 (1024 4096 -1024 ) (1024 4096 -2944 ) (1024 3072 -2944 ) (1024 3072 -1024 ) 
4 485 509 (1024 4032 -1024 ) (1024 3072 -1024 ) (1024 3072 -256 ) (1024 4032 -256 ) 
4 485 507 (1024 4096 -256 ) (1024 4096 -1024 ) (1024 4032 -1024 ) (1024 4032 -256 ) 
4 485 495 (1024 4032 -256 ) (1024 3072 -256 ) (1024 3072 1344 ) (1024 4032 1344 ) 
4 485 494 (1024 4096 1344 ) (1024 4096 -256 ) (1024 4032 -256 ) (1024 4032 1344 ) 
4 485 492 (1024 3200 1344 ) (1024 3072 1344 ) (1024 3072 1536 ) (1024 3200 1536 ) 
4 485 490 (1024 4096 1536 ) (1024 4096 1344 ) (1024 3200 1344 ) (1024 3200 1536 ) 
4 486 649 (1024 3072 2880 ) (1024 3072 7168 ) (576 3072 7168 ) (576 3072 2880 ) 
4 486 487 (576 3072 2880 ) (576 3072 7168 ) (576 4096 7168 ) (576 4096 2880 ) 
4 487 830 (0 3072 2752 ) (0 3072 7168 ) (0 4096 7168 ) (0 4096 2752 ) 
4 487 650 (0 3072 2880 ) (0 3072 2752 ) (576 3072 2752 ) (576 3072 2880 ) 
4 487 649 (576 3072 7168 ) (0 3072 7168 ) (0 3072 2880 ) (576 3072 2880 ) 
4 487 493 (0 3072 2752 ) (0 3200 2752 ) (576 3200 2752 ) (576 3072 2752 ) 
4 487 489 (0 3200 2752 ) (0 4096 2752 ) (576 4096 2752 ) (576 3200 2752 ) 
4 489 830 (0 3200 2752 ) (0 4096 2752 ) (0 4096 1792 ) (0 3200 1792 ) 
4 489 493 (576 3200 2752 ) (0 3200 2752 ) (0 3200 1792 ) (576 3200 1792 ) 
4 489 491 (576 3200 1792 ) (0 3200 1792 ) (0 4096 1792 ) (576 4096 1792 ) 
4 490 495 (1024 4032 1344 ) (1024 3200 1344 ) (896 3200 1344 ) (896 4032 1344 ) 
4 490 494 (896 4096 1344 ) (1024 4096 1344 ) (1024 4032 1344 ) (896 4032 1344 ) 
4 490 492 (576 3200 1344 ) (1024 3200 1344 ) (1024 3200 1728 ) (576 3200 1728 ) 
4 490 491 (576 4096 1344 ) (576 3200 1344 ) (576 3200 1728 ) (576 4096 1728 ) 
4 491 830 (0 4096 1792 ) (0 4096 1344 ) (0 3200 1344 ) (0 3200 1792 ) 
4 491 493 (0 3200 1344 ) (576 3200 1344 ) (576 3200 1792 ) (0 3200 1792 ) 
4 492 651 (1024 3072 1344 ) (1024 3072 1792 ) (576 3072 1792 ) (576 3072 1344 ) 
4 492 495 (1024 3072 1344 ) (896 3072 1344 ) (896 3200 1344 ) (1024 3200 1344 ) 
4 492 493 (576 3200 1792 ) (576 3200 1344 ) (576 3072 1344 ) (576 3072 1792 ) 
4 493 830 (0 3072 1344 ) (0 3072 2752 ) (0 3200 2752 ) (0 3200 1344 ) 
4 493 652 (576 3072 2752 ) (0 3072 2752 ) (0 3072 1344 ) (576 3072 1344 ) 
4 494 507 (896 4096 -256 ) (1024 4096 -256 ) (1024 4032 -256 ) (896 4032 -256 ) 
4 494 495 (896 4032 -256 ) (1024 4032 -256 ) (1024 4032 1344 ) (896 4032 1344 ) 
4 495 663 (1024 3072 -256 ) (1024 3072 0 ) (896 3072 0 ) (896 3072 -256 ) 
4 495 655 (1024 3072 0 ) (1024 3072 152 ) (896 3072 152 ) (896 3072 0 ) 
4 495 653 (1024 3072 152 ) (1024 3072 1344 ) (896 3072 1344 ) (896 3072 152 ) 
4 495 509 (1024 4032 -256 ) (1024 3072 -256 ) (896 3072 -256 ) (896 4032 -256 ) 
4 495 496 (896 4032 0 ) (896 4032 -256 ) (896 3072 -256 ) (896 3072 0 ) 
4 496 663 (832 3072 0 ) (832 3072 -256 ) (896 3072 -256 ) (896 3072 0 ) 
4 496 509 (896 3072 -256 ) (832 3072 -256 ) (832 4032 -256 ) (896 4032 -256 ) 
4 497 831 (0 4032 1280 ) (0 4032 0 ) (0 3584 0 ) (0 3584 1280 ) 
4 497 501 (832 3584 0 ) (832 3584 1280 ) (0 3584 1280 ) (0 3584 0 ) 
4 497 499 (320 3584 0 ) (192 3584 0 ) (192 3904 0 ) (320 3904 0 ) 
4 497 500 (192 3584 0 ) (0 3584 0 ) (0 3904 0 ) (192 3904 0 ) 
4 497 498 (0 3904 0 ) (0 4032 0 ) (192 4032 0 ) (192 3904 0 ) 
4 498 832 (0 4032 -104 ) (0 4032 -223.817993 ) (0 3904 -223.817993 ) (0 3904 -104 ) 
4 498 831 (0 4032 0 ) (0 4032 -104 ) (0 3904 -104 ) (0 3904 0 ) 
4 498 836 (0 4032 -223.817993 ) (0 4032 -256 ) (0 3904 -256 ) (0 3904 -223.817993 ) 
4 498 500 (0 3904 -256 ) (192 3904 -256 ) (192 3904 0 ) (0 3904 0 ) 
4 499 500 (192 3904 0 ) (192 3904 -128 ) (192 3584 -128 ) (192 3584 0 ) 
4 500 832 (0 3584 -223.817993 ) (0 3584 -104 ) (0 3904 -104 ) (0 3904 -223.817993 ) 
4 500 831 (0 3584 -104 ) (0 3584 0 ) (0 3904 0 ) (0 3904 -104 ) 
4 500 836 (0 3904 -256 ) (0 3584 -256 ) (0 3584 -223.817993 ) (0 3904 -223.817993 ) 
4 500 503 (0 3584 -256 ) (112 3584 -256 ) (112 3584 0 ) (0 3584 0 ) 
4 500 502 (112 3584 -256 ) (192 3584 -256 ) (192 3584 0 ) (112 3584 0 ) 
4 501 831 (0 3072 0 ) (0 3072 1280 ) (0 3584 1280 ) (0 3584 0 ) 
4 501 660 (0 3072 152 ) (0 3072 32.181999 ) (112 3072 32.181999 ) (112 3072 152 ) 
4 501 657 (208 3072 32.181999 ) (272 3072 32.181999 ) (272 3072 152 ) (208 3072 152 ) 
4 501 659 (112 3072 32.181999 ) (208 3072 32.181999 ) (208 3072 152 ) (112 3072 152 ) 
4 501 662 (0 3072 32.181999 ) (0 3072 0 ) (272 3072 0 ) (272 3072 32.181999 ) 
4 501 656 (272 3072 0 ) (832 3072 0 ) (832 3072 152 ) (272 3072 152 ) 
4 501 654 (0 3072 1280 ) (0 3072 152 ) (832 3072 152 ) (832 3072 1280 ) 
4 501 504 (0 3488 0 ) (0 3552 0 ) (112 3552 0 ) (112 3488 0 ) 
4 501 503 (0 3552 0 ) (0 3584 0 ) (112 3584 0 ) (112 3552 0 ) 
4 501 506 (0 3072 0 ) (0 3488 0 ) (112 3488 0 ) (112 3072 0 ) 
4 501 502 (112 3584 0 ) (192 3584 0 ) (192 3072 0 ) (112 3072 0 ) 
4 502 664 (112 3072 -256 ) (192 3072 -256 ) (192 3072 0 ) (112 3072 0 ) 
4 502 504 (112 3488 0 ) (112 3552 0 ) (112 3552 -104 ) (112 3488 -104 ) 
4 502 505 (112 3552 -223.817993 ) (112 3552 -256 ) (112 3488 -256 ) (112 3488 -223.817993 ) 
4 502 503 (112 3552 0 ) (112 3584 0 ) (112 3584 -256 ) (112 3552 -256 ) 
4 502 506 (112 3072 0 ) (112 3488 0 ) (112 3488 -256 ) (112 3072 -256 ) 
4 503 832 (0 3584 -104 ) (0 3584 -223.817993 ) (0 3552 -223.817993 ) (0 3552 -104 ) 
4 503 831 (0 3552 0 ) (0 3584 0 ) (0 3584 -104 ) (0 3552 -104 ) 
4 503 836 (0 3584 -223.817993 ) (0 3584 -256 ) (0 3552 -256 ) (0 3552 -223.817993 ) 
4 503 504 (112 3552 -104 ) (112 3552 0 ) (0 3552 0 ) (0 3552 -104 ) 
4 503 505 (0 3552 -256 ) (112 3552 -256 ) (112 3552 -223.817993 ) (0 3552 -223.817993 ) 
4 504 831 (0 3488 0 ) (0 3552 0 ) (0 3552 -104 ) (0 3488 -104 ) 
4 504 506 (112 3488 -104 ) (112 3488 0 ) (0 3488 0 ) (0 3488 -104 ) 
4 505 836 (0 3552 -223.817993 ) (0 3552 -256 ) (0 3488 -256 ) (0 3488 -223.817993 ) 
4 505 506 (0 3488 -256 ) (112 3488 -256 ) (112 3488 -223.817993 ) (0 3488 -223.817993 ) 
4 506 833 (0 3072 -223.817993 ) (0 3072 -104 ) (0 3488 -104 ) (0 3488 -223.817993 ) 
4 506 831 (0 3072 -104 ) (0 3072 0 ) (0 3488 0 ) (0 3488 -104 ) 
4 506 836 (0 3072 -256 ) (0 3072 -223.817993 ) (0 3488 -223.817993 ) (0 3488 -256 ) 
4 506 664 (0 3072 0 ) (0 3072 -256 ) (112 3072 -256 ) (112 3072 0 ) 
4 507 510 (896 4096 -1024 ) (1024 4096 -1024 ) (1024 4032 -1024 ) (896 4032 -1024 ) 
4 507 509 (896 4032 -1024 ) (1024 4032 -1024 ) (1024 4032 -256 ) (896 4032 -256 ) 
4 507 508 (896 4096 -1024 ) (896 4032 -1024 ) (896 4032 -960 ) (896 4096 -960 ) 
4 508 838 (0 4096 -960 ) (0 4096 -1024 ) (0 4032 -1024 ) (0 4032 -960 ) 
4 508 510 (0 4032 -1024 ) (0 4096 -1024 ) (896 4096 -1024 ) (896 4032 -1024 ) 
4 508 509 (192 4032 -1024 ) (896 4032 -1024 ) (896 4032 -960 ) (192 4032 -960 ) 
4 509 665 (1024 3072 -1024 ) (1024 3072 -256 ) (192 3072 -256 ) (192 3072 -1024 ) 
4 509 510 (1024 3072 -1024 ) (192 3072 -1024 ) (192 4032 -1024 ) (1024 4032 -1024 ) 
4 510 839 (0 3072 -2944 ) (0 3072 -1024 ) (0 4096 -1024 ) (0 4096 -2944 ) 
4 510 667 (1024 3072 -2944 ) (1024 3072 -1024 ) (0 3072 -1024 ) (0 3072 -2944 ) 
4 511 526 (4352 2496 2944 ) (4352 2496 7168 ) (4352 2944 7168 ) (4352 2944 2944 ) 
4 511 522 (4352 2944 7168 ) (4352 3072 7168 ) (4352 3072 2944 ) (4352 2944 2944 ) 
4 511 515 (4352 2496 7168 ) (4352 2496 2944 ) (4672 2496 2944 ) (4672 2496 7168 ) 
4 511 513 (4672 2496 2944 ) (5120 2496 2944 ) (5120 2496 7168 ) (4672 2496 7168 ) 
4 512 531 (4352 2496 -2944 ) (4352 2496 640 ) (4352 2944 640 ) (4352 2944 -2944 ) 
4 512 523 (4352 2944 640 ) (4352 3072 640 ) (4352 3072 -2944 ) (4352 2944 -2944 ) 
4 512 521 (4352 2496 640 ) (4352 2496 -2944 ) (5120 2496 -2944 ) (5120 2496 640 ) 
4 513 548 (5120 2048 2944 ) (5120 2048 7168 ) (4672 2048 7168 ) (4672 2048 2944 ) 
4 513 515 (4672 2496 7168 ) (4672 2496 2944 ) (4672 2048 2944 ) (4672 2048 7168 ) 
4 514 549 (5120 2048 2112 ) (5120 2048 2880 ) (4672 2048 2880 ) (4672 2048 2112 ) 
4 514 517 (5120 2048 2112 ) (4672 2048 2112 ) (4672 2496 2112 ) (5120 2496 2112 ) 
4 514 516 (4672 2368 2112 ) (4672 2176 2112 ) (4672 2176 2368 ) (4672 2368 2368 ) 
4 515 550 (4352 2048 7168 ) (4352 2048 2944 ) (4672 2048 2944 ) (4672 2048 7168 ) 
4 515 526 (4352 2048 2944 ) (4352 2048 7168 ) (4352 2496 7168 ) (4352 2496 2944 ) 
4 516 527 (4352 2368 2112 ) (4352 2176 2112 ) (4352 2176 2368 ) (4352 2368 2368 ) 
4 517 549 (5120 2048 1856 ) (5120 2048 2112 ) (4672 2048 2112 ) (4672 2048 1856 ) 
4 517 519 (4672 2496 1856 ) (4992 2496 1856 ) (4992 2048 1856 ) (4672 2048 1856 ) 
4 517 518 (4992 2496 1856 ) (5120 2496 1856 ) (5120 2048 1856 ) (4992 2048 1856 ) 
4 518 567 (5120 2048 704 ) (5120 2048 1088 ) (4992 2048 1088 ) (4992 2048 704 ) 
4 518 556 (5120 2048 1088 ) (5120 2048 1536 ) (4992 2048 1536 ) (4992 2048 1088 ) 
4 518 552 (5120 2048 1536 ) (5120 2048 1856 ) (4992 2048 1856 ) (4992 2048 1536 ) 
4 518 519 (4992 2048 1536 ) (4992 2048 1856 ) (4992 2496 1856 ) (4992 2496 1536 ) 
4 519 552 (4992 2048 1856 ) (4416 2048 1856 ) (4416 2048 1536 ) (4992 2048 1536 ) 
4 520 568 (4352 2048 1088 ) (4352 2048 640 ) (4416 2048 640 ) (4416 2048 1088 ) 
4 520 531 (4352 2048 640 ) (4352 2048 832 ) (4352 2496 832 ) (4352 2496 640 ) 
4 520 521 (4416 2048 640 ) (4352 2048 640 ) (4352 2496 640 ) (4416 2496 640 ) 
4 521 571 (5120 2048 -2944 ) (5120 2048 640 ) (4352 2048 640 ) (4352 2048 -2944 ) 
4 521 531 (4352 2048 -2944 ) (4352 2048 640 ) (4352 2496 640 ) (4352 2496 -2944 ) 
4 522 532 (4096 3072 7168 ) (4096 3072 2944 ) (4096 2944 2944 ) (4096 2944 7168 ) 
4 522 526 (4096 2944 7168 ) (4096 2944 2944 ) (4352 2944 2944 ) (4352 2944 7168 ) 
4 523 531 (4352 2944 -2944 ) (4352 2944 640 ) (4160 2944 640 ) (4160 2944 -2944 ) 
4 523 525 (4160 2944 -2944 ) (4160 2944 640 ) (4160 3072 640 ) (4160 3072 -2944 ) 
4 524 533 (4096 3072 2488.558350 ) (4096 3072 896 ) (4096 2944 896 ) (4096 2944 2560 ) 
4 524 529 (4096 2944 1856 ) (4096 2944 1088 ) (4160 2944 1088 ) (4160 2944 1856 ) 
4 524 528 (4096 2944 2112 ) (4096 2944 1856 ) (4160 2944 1856 ) (4160 2944 2112 ) 
4 524 527 (4096 2944 2560 ) (4096 2944 2112 ) (4160 2944 2112 ) (4160 2944 2560 ) 
4 525 534 (4096 3072 832 ) (4096 3072 -2944 ) (4096 2944 -2944 ) (4096 2944 832 ) 
4 525 531 (4096 2944 832 ) (4096 2944 -2944 ) (4160 2944 -2944 ) (4160 2944 832 ) 
4 526 551 (4352 2048 2944 ) (4352 2048 7168 ) (4096 2048 7168 ) (4096 2048 2944 ) 
4 526 536 (4096 2048 2944 ) (4096 2048 7168 ) (4096 2944 7168 ) (4096 2944 2944 ) 
4 527 537 (4096 2944 2560 ) (4096 2944 2112 ) (4096 2112 2112 ) (4096 2112 2560 ) 
4 527 528 (4096 2944 2112 ) (4352 2944 2112 ) (4352 2176 2112 ) (4096 2176 2112 ) 
4 528 540 (4096 2176 2112 ) (4096 2944 2112 ) (4096 2944 1856 ) (4096 2176 1856 ) 
4 528 530 (4352 2368 1856 ) (4352 2176 1856 ) (4096 2176 1856 ) (4096 2368 1856 ) 
4 528 529 (4096 2944 1856 ) (4352 2944 1856 ) (4352 2368 1856 ) (4096 2368 1856 ) 
4 529 543 (4096 2624 1088 ) (4096 2368 1088 ) (4096 2368 1344 ) (4096 2624 1344 ) 
4 529 542 (4096 2944 1344 ) (4096 2944 1088 ) (4096 2624 1088 ) (4096 2624 1344 ) 
4 529 541 (4096 2368 1856 ) (4096 2944 1856 ) (4096 2944 1344 ) (4096 2368 1344 ) 
4 529 530 (4352 2368 1344 ) (4352 2368 1856 ) (4096 2368 1856 ) (4096 2368 1344 ) 
4 530 560 (4096 2048 1792 ) (4096 2048 1344 ) (4224 2048 1344 ) (4224 2048 1792 ) 
4 530 559 (4224 2048 1856 ) (4096 2048 1856 ) (4096 2048 1792 ) (4224 2048 1792 ) 
4 530 541 (4096 2048 1344 ) (4096 2048 1856 ) (4096 2368 1856 ) (4096 2368 1344 ) 
4 531 571 (4352 2048 -2944 ) (4352 2048 640 ) (4096 2048 640 ) (4096 2048 -2944 ) 
4 531 569 (4352 2048 640 ) (4352 2048 832 ) (4096 2048 832 ) (4096 2048 640 ) 
4 531 546 (4096 2048 -2944 ) (4096 2048 832 ) (4096 2944 832 ) (4096 2944 -2944 ) 
4 532 634 (3072 3072 7168 ) (3072 3072 2944 ) (3072 2944 2944 ) (3072 2944 7168 ) 
4 532 538 (3136 2944 7168 ) (3072 2944 7168 ) (3072 2944 2944 ) (3136 2944 2944 ) 
4 532 536 (4096 2944 2944 ) (4096 2944 7168 ) (3136 2944 7168 ) (3136 2944 2944 ) 
4 533 542 (4096 2944 1088 ) (4096 2944 1344 ) (3328 2944 1344 ) (3328 2944 1088 ) 
4 533 541 (4096 2944 1344 ) (4096 2944 1856 ) (3328 2944 1856 ) (3328 2944 1344 ) 
4 533 540 (4096 2944 1856 ) (4096 2944 2112 ) (3328 2944 2112 ) (3328 2944 1856 ) 
4 533 537 (4096 2944 2112 ) (4096 2944 2560 ) (3328 2944 2560 ) (3328 2944 2112 ) 
4 533 535 (3328 2944 896 ) (3328 2944 1088 ) (3328 3072 1088 ) (3328 3072 896 ) 
4 534 546 (4096 2944 -2944 ) (4096 2944 832 ) (3328 2944 832 ) (3328 2944 -2944 ) 
4 534 535 (3328 2944 -2944 ) (3328 2944 832 ) (3328 3072 832 ) (3328 3072 -2944 ) 
4 535 640 (3072 3072 1088 ) (3072 3072 -2944 ) (3072 2944 -2944 ) (3072 2944 1088 ) 
4 535 546 (3328 2944 -2944 ) (3328 2944 832 ) (3136 2944 832 ) (3136 2944 -2944 ) 
4 535 547 (3136 2944 1088 ) (3072 2944 1088 ) (3072 2944 -2944 ) (3136 2944 -2944 ) 
4 536 572 (4096 2048 2944 ) (4096 2048 7168 ) (3136 2048 7168 ) (3136 2048 2944 ) 
4 536 538 (3136 2944 7168 ) (3136 2944 2944 ) (3136 2048 2944 ) (3136 2048 7168 ) 
4 537 540 (3136 2176 2112 ) (3136 2944 2112 ) (4096 2944 2112 ) (4096 2176 2112 ) 
4 537 539 (3136 2368 2112 ) (3136 2176 2112 ) (3136 2176 2368 ) (3136 2368 2368 ) 
4 538 634 (3072 2048 2880 ) (3072 2048 7168 ) (3072 2944 7168 ) (3072 2944 2880 ) 
4 538 573 (3072 2048 7168 ) (3072 2048 2880 ) (3136 2048 2880 ) (3136 2048 7168 ) 
4 539 636 (3072 2368 2368 ) (3072 2368 2112 ) (3072 2176 2112 ) (3072 2176 2368 ) 
4 540 541 (3136 2176 1856 ) (3136 2944 1856 ) (4096 2944 1856 ) (4096 2176 1856 ) 
4 541 577 (4096 2048 1344 ) (4096 2048 1792 ) (3712 2048 1792 ) (3712 2048 1344 ) 
4 541 576 (4096 2048 1792 ) (4096 2048 1856 ) (3712 2048 1856 ) (3712 2048 1792 ) 
4 541 545 (3392 2048 1344 ) (3136 2048 1344 ) (3136 2624 1344 ) (3392 2624 1344 ) 
4 541 544 (3392 2368 1344 ) (3392 2624 1344 ) (3904 2624 1344 ) (3904 2368 1344 ) 
4 541 543 (3904 2368 1344 ) (3904 2624 1344 ) (4096 2624 1344 ) (4096 2368 1344 ) 
4 541 542 (3136 2624 1344 ) (3136 2944 1344 ) (4096 2944 1344 ) (4096 2624 1344 ) 
4 542 545 (3392 2624 1344 ) (3136 2624 1344 ) (3136 2624 1216 ) (3392 2624 1216 ) 
4 542 544 (3904 2624 1344 ) (3392 2624 1344 ) (3392 2624 1216 ) (3904 2624 1216 ) 
4 542 543 (4096 2624 1344 ) (3904 2624 1344 ) (3904 2624 1088 ) (4096 2624 1088 ) 
4 543 544 (3904 2624 1344 ) (3904 2624 1216 ) (3904 2368 1216 ) (3904 2368 1344 ) 
4 544 545 (3392 2624 1344 ) (3392 2624 1216 ) (3392 2368 1216 ) (3392 2368 1344 ) 
4 546 583 (4096 2048 -2944 ) (4096 2048 832 ) (3136 2048 832 ) (3136 2048 -2944 ) 
4 546 547 (3136 2944 -2944 ) (3136 2048 -2944 ) (3136 2048 832 ) (3136 2944 832 ) 
4 547 640 (3072 2048 -2944 ) (3072 2048 1088 ) (3072 2944 1088 ) (3072 2944 -2944 ) 
4 547 585 (3136 2048 1088 ) (3072 2048 1088 ) (3072 2048 -2944 ) (3136 2048 -2944 ) 
4 548 592 (5120 1024 2944 ) (5120 1024 7168 ) (4672 1024 7168 ) (4672 1024 2944 ) 
4 548 550 (4672 2048 7168 ) (4672 2048 2944 ) (4672 1024 2944 ) (4672 1024 7168 ) 
4 549 594 (4740 1024 2880 ) (4672 1024 2880 ) (4672 1024 1856 ) (4740 1024 1856 ) 
4 549 593 (5120 1024 1856 ) (5120 1024 2880 ) (4740 1024 2880 ) (4740 1024 1856 ) 
4 549 554 (4740 1024 1856 ) (4672 1024 1856 ) (4672 1040 1856 ) (4740 1040 1856 ) 
4 549 553 (5120 1024 1856 ) (4740 1024 1856 ) (4740 1040 1856 ) (5120 1040 1856 ) 
4 549 552 (4672 1040 1856 ) (4672 2048 1856 ) (5120 2048 1856 ) (5120 1040 1856 ) 
4 550 592 (4352 1024 7168 ) (4352 1024 2944 ) (4672 1024 2944 ) (4672 1024 7168 ) 
4 550 551 (4352 1024 2944 ) (4352 1024 7168 ) (4352 2048 7168 ) (4352 2048 2944 ) 
4 551 600 (4096 1024 7168 ) (4096 1024 2944 ) (4352 1024 2944 ) (4352 1024 7168 ) 
4 551 586 (4096 1024 2944 ) (4096 1024 7168 ) (4096 1216 7168 ) (4096 1216 2944 ) 
4 551 572 (4096 1216 7168 ) (4096 2048 7168 ) (4096 2048 2944 ) (4096 1216 2944 ) 
4 552 558 (4416 1040 1856 ) (4416 1216 1856 ) (4416 1216 1536 ) (4416 1040 1536 ) 
4 552 557 (4416 1280 1856 ) (4416 1984 1856 ) (4416 1984 1536 ) (4416 1280 1536 ) 
4 552 556 (4992 2048 1536 ) (5120 2048 1536 ) (5120 1040 1536 ) (4992 1040 1536 ) 
4 552 554 (4740 1040 1599.619995 ) (4740 1040 1856 ) (4644 1040 1856 ) (4644 1040 1599.619995 ) 
4 552 555 (4416 1040 1856 ) (4416 1040 1536 ) (4644 1040 1536 ) (4644 1040 1856 ) 
4 552 553 (4740 1040 1536 ) (5120 1040 1536 ) (5120 1040 1856 ) (4740 1040 1856 ) 
4 553 602 (5120 1024 1536 ) (5120 1024 1567.619995 ) (4740 1024 1567.619995 ) (4740 1024 1536 ) 
4 553 593 (5120 1024 1567.619995 ) (5120 1024 1856 ) (4740 1024 1856 ) (4740 1024 1567.619995 ) 
4 553 556 (5120 1024 1536 ) (4992 1024 1536 ) (4992 1040 1536 ) (5120 1040 1536 ) 
4 553 554 (4740 1040 1856 ) (4740 1040 1599.619995 ) (4740 1024 1599.619995 ) (4740 1024 1856 ) 
4 554 596 (4672 1024 1856 ) (4644 1024 1856 ) (4644 1024 1599.619995 ) (4672 1024 1599.619995 ) 
4 554 594 (4740 1024 1856 ) (4672 1024 1856 ) (4672 1024 1599.619995 ) (4740 1024 1599.619995 ) 
4 554 555 (4644 1040 1856 ) (4644 1040 1599.619995 ) (4644 1024 1599.619995 ) (4644 1024 1856 ) 
4 555 608 (4516 1024 1536 ) (4644 1024 1536 ) (4644 1024 1551.619995 ) (4516 1024 1551.619995 ) 
4 555 607 (4416 1024 1551.619995 ) (4416 1024 1536 ) (4516 1024 1536 ) (4516 1024 1551.619995 ) 
4 555 604 (4416 1024 1567.619995 ) (4416 1024 1551.619995 ) (4644 1024 1551.619995 ) (4644 1024 1567.619995 ) 
4 555 597 (4644 1024 1856 ) (4416 1024 1856 ) (4416 1024 1567.619995 ) (4644 1024 1567.619995 ) 
4 555 558 (4416 1024 1536 ) (4416 1024 1856 ) (4416 1040 1856 ) (4416 1040 1536 ) 
4 556 619 (5120 1024 1088 ) (5120 1024 1536 ) (4992 1024 1536 ) (4992 1024 1088 ) 
4 556 567 (4992 2048 1088 ) (5120 2048 1088 ) (5120 1024 1088 ) (4992 1024 1088 ) 
4 558 607 (4224 1024 1551.619995 ) (4224 1024 1536 ) (4416 1024 1536 ) (4416 1024 1551.619995 ) 
4 558 604 (4224 1024 1567.619995 ) (4224 1024 1551.619995 ) (4416 1024 1551.619995 ) (4416 1024 1567.619995 ) 
4 558 601 (4352 1024 1856 ) (4224 1024 1856 ) (4224 1024 1567.619995 ) (4352 1024 1567.619995 ) 
4 558 597 (4416 1024 1856 ) (4352 1024 1856 ) (4352 1024 1567.619995 ) (4416 1024 1567.619995 ) 
4 558 566 (4224 1024 1536 ) (4224 1024 1856 ) (4224 1216 1856 ) (4224 1216 1536 ) 
4 559 576 (4096 1248 1856 ) (4096 2048 1856 ) (4096 2048 1792 ) (4096 1248 1792 ) 
4 559 563 (4096 1248 1792 ) (4096 1600 1792 ) (4160 1600 1792 ) (4160 1248 1792 ) 
4 559 562 (4160 1600 1792 ) (4224 1600 1792 ) (4224 1248 1792 ) (4160 1248 1792 ) 
4 559 561 (4096 1600 1792 ) (4096 1984 1792 ) (4224 1984 1792 ) (4224 1600 1792 ) 
4 559 560 (4096 1984 1792 ) (4096 2048 1792 ) (4224 2048 1792 ) (4224 1984 1792 ) 
4 560 577 (4096 2048 1792 ) (4096 2048 1344 ) (4096 1984 1344 ) (4096 1984 1792 ) 
4 560 561 (4224 1984 1472 ) (4224 1984 1792 ) (4096 1984 1792 ) (4096 1984 1472 ) 
4 561 578 (4096 1600 1472 ) (4096 1600 1792 ) (4096 1984 1792 ) (4096 1984 1472 ) 
4 561 563 (4160 1600 1792 ) (4096 1600 1792 ) (4096 1600 1536 ) (4160 1600 1536 ) 
4 561 562 (4224 1600 1536 ) (4224 1600 1792 ) (4160 1600 1792 ) (4160 1600 1536 ) 
4 562 563 (4160 1600 1792 ) (4160 1600 1536 ) (4160 1248 1536 ) (4160 1248 1792 ) 
4 563 579 (4096 1236 1792 ) (4096 1600 1792 ) (4096 1600 1536 ) (4096 1236 1536 ) 
4 563 564 (4096 1236 1536 ) (4160 1236 1536 ) (4160 1236 1584 ) (4096 1236 1584 ) 
4 564 580 (4096 1236 1584 ) (4096 1236 1536 ) (4096 1228 1536 ) (4096 1228 1584 ) 
4 564 565 (4096 1228 1536 ) (4160 1228 1536 ) (4160 1228 1584 ) (4096 1228 1584 ) 
4 565 581 (4096 1216 1536 ) (4096 1216 1792 ) (4096 1228 1792 ) (4096 1228 1536 ) 
4 565 566 (4160 1216 1792 ) (4096 1216 1792 ) (4096 1216 1536 ) (4160 1216 1536 ) 
4 566 607 (4096 1024 1551.619995 ) (4096 1024 1536 ) (4224 1024 1536 ) (4224 1024 1551.619995 ) 
4 566 604 (4096 1024 1567.619995 ) (4096 1024 1551.619995 ) (4224 1024 1551.619995 ) (4224 1024 1567.619995 ) 
4 566 601 (4224 1024 1856 ) (4096 1024 1856 ) (4096 1024 1567.619995 ) (4224 1024 1567.619995 ) 
4 566 588 (4096 1024 1536 ) (4096 1024 1856 ) (4096 1216 1856 ) (4096 1216 1536 ) 
4 567 619 (5120 1024 704 ) (5120 1024 1088 ) (4992 1024 1088 ) (4992 1024 704 ) 
4 568 621 (4416 1024 1088 ) (4352 1024 1088 ) (4352 1024 640 ) (4416 1024 640 ) 
4 568 571 (4416 1024 640 ) (4352 1024 640 ) (4352 2048 640 ) (4416 2048 640 ) 
4 568 569 (4352 2048 640 ) (4352 1600 640 ) (4352 1600 832 ) (4352 2048 832 ) 
4 568 570 (4352 1600 640 ) (4352 1024 640 ) (4352 1024 1088 ) (4352 1600 1088 ) 
4 569 583 (4096 2048 832 ) (4096 2048 640 ) (4096 1600 640 ) (4096 1600 832 ) 
4 569 571 (4096 1600 640 ) (4096 2048 640 ) (4352 2048 640 ) (4352 1600 640 ) 
4 569 570 (4096 1600 640 ) (4352 1600 640 ) (4352 1600 832 ) (4096 1600 832 ) 
4 570 621 (4352 1024 1088 ) (4096 1024 1088 ) (4096 1024 640 ) (4352 1024 640 ) 
4 570 589 (4096 1024 640 ) (4096 1024 1088 ) (4096 1216 1088 ) (4096 1216 640 ) 
4 570 584 (4096 1216 1088 ) (4096 1600 1088 ) (4096 1600 640 ) (4096 1216 640 ) 
4 570 571 (4352 1024 640 ) (4096 1024 640 ) (4096 1600 640 ) (4352 1600 640 ) 
4 571 623 (5120 1024 -2944 ) (5120 1024 640 ) (4096 1024 640 ) (4096 1024 -2944 ) 
4 571 589 (4096 1024 -2944 ) (4096 1024 640 ) (4096 1216 640 ) (4096 1216 -2944 ) 
4 571 583 (4096 1600 640 ) (4096 2048 640 ) (4096 2048 -2944 ) (4096 1600 -2944 ) 
4 571 584 (4096 1216 640 ) (4096 1600 640 ) (4096 1600 -2944 ) (4096 1216 -2944 ) 
4 572 586 (4096 1216 2944 ) (4096 1216 7168 ) (3136 1216 7168 ) (3136 1216 2944 ) 
4 572 573 (3136 2048 7168 ) (3136 2048 2944 ) (3136 1216 2944 ) (3136 1216 7168 ) 
4 573 668 (3072 1920 7168 ) (3072 2048 7168 ) (3072 2048 2880 ) (3072 1920 2880 ) 
4 573 669 (3072 1216 2880 ) (3072 1216 7168 ) (3072 1920 7168 ) (3072 1920 2880 ) 
4 573 587 (3072 1216 2944 ) (3072 1216 2880 ) (3136 1216 2880 ) (3136 1216 2944 ) 
4 573 586 (3072 1216 7168 ) (3072 1216 2944 ) (3136 1216 2944 ) (3136 1216 7168 ) 
4 573 574 (3136 1920 2880 ) (3136 1216 2880 ) (3072 1216 2880 ) (3072 1920 2880 ) 
4 574 669 (3072 1216 2752 ) (3072 1216 2880 ) (3072 1920 2880 ) (3072 1920 2752 ) 
4 574 587 (3072 1216 2880 ) (3072 1216 2752 ) (3136 1216 2752 ) (3136 1216 2880 ) 
4 574 575 (3136 1920 2752 ) (3136 1216 2752 ) (3072 1216 2752 ) (3072 1920 2752 ) 
4 575 670 (3072 1216 1856 ) (3072 1216 2752 ) (3072 1920 2752 ) (3072 1920 1856 ) 
4 575 591 (3072 1216 2112 ) (3072 1216 1856 ) (3136 1216 1856 ) (3136 1216 2112 ) 
4 575 587 (3072 1216 2752 ) (3072 1216 2112 ) (3136 1216 2112 ) (3136 1216 2752 ) 
4 576 582 (3712 1248 1792 ) (3712 1600 1792 ) (3776 1600 1792 ) (3776 1248 1792 ) 
4 576 579 (3776 1600 1792 ) (4096 1600 1792 ) (4096 1248 1792 ) (3776 1248 1792 ) 
4 576 578 (3712 1600 1792 ) (3712 1984 1792 ) (4096 1984 1792 ) (4096 1600 1792 ) 
4 576 577 (3712 1984 1792 ) (3712 2048 1792 ) (4096 2048 1792 ) (4096 1984 1792 ) 
4 577 578 (4096 1984 1792 ) (3712 1984 1792 ) (3712 1984 1472 ) (4096 1984 1472 ) 
4 578 582 (3776 1600 1792 ) (3712 1600 1792 ) (3712 1600 1536 ) (3776 1600 1536 ) 
4 578 579 (4096 1600 1792 ) (3776 1600 1792 ) (3776 1600 1536 ) (4096 1600 1536 ) 
4 579 582 (3776 1600 1792 ) (3776 1600 1536 ) (3776 1248 1536 ) (3776 1248 1792 ) 
4 579 580 (3776 1236 1584 ) (3776 1236 1536 ) (4096 1236 1536 ) (4096 1236 1584 ) 
4 580 581 (3776 1228 1584 ) (3776 1228 1536 ) (4096 1228 1536 ) (4096 1228 1584 ) 
4 581 588 (4096 1216 1536 ) (4096 1216 1792 ) (3776 1216 1792 ) (3776 1216 1536 ) 
4 583 584 (3136 1600 832 ) (3136 1600 -2944 ) (4096 1600 -2944 ) (4096 1600 832 ) 
4 583 585 (3136 2048 -2944 ) (3136 1600 -2944 ) (3136 1600 832 ) (3136 2048 832 ) 
4 584 590 (3520 1216 -2944 ) (3648 1216 -2944 ) (3648 1216 640 ) (3520 1216 640 ) 
4 584 591 (3136 1216 -2944 ) (3520 1216 -2944 ) (3520 1216 1088 ) (3136 1216 1088 ) 
4 584 589 (3648 1216 -2944 ) (4096 1216 -2944 ) (4096 1216 1088 ) (3648 1216 1088 ) 
4 584 585 (3136 1600 -2944 ) (3136 1216 -2944 ) (3136 1216 1088 ) (3136 1600 1088 ) 
4 585 671 (3072 1216 -2944 ) (3072 1216 1088 ) (3072 2048 1088 ) (3072 2048 -2944 ) 
4 585 591 (3072 1216 1088 ) (3072 1216 -2944 ) (3136 1216 -2944 ) (3136 1216 1088 ) 
4 586 669 (3072 1024 2944 ) (3072 1024 7168 ) (3072 1216 7168 ) (3072 1216 2944 ) 
4 586 624 (3136 1024 2944 ) (4096 1024 2944 ) (4096 1024 7168 ) (3136 1024 7168 ) 
4 586 626 (3072 1024 7168 ) (3072 1024 2944 ) (3136 1024 2944 ) (3136 1024 7168 ) 
4 586 587 (3072 1216 2944 ) (3136 1216 2944 ) (3136 1024 2944 ) (3072 1024 2944 ) 
4 587 670 (3072 1024 2112 ) (3072 1024 2752 ) (3072 1216 2752 ) (3072 1216 2112 ) 
4 587 669 (3072 1024 2752 ) (3072 1024 2944 ) (3072 1216 2944 ) (3072 1216 2752 ) 
4 587 626 (3072 1024 2944 ) (3072 1024 2112 ) (3136 1024 2112 ) (3136 1024 2944 ) 
4 587 591 (3136 1024 2112 ) (3072 1024 2112 ) (3072 1216 2112 ) (3136 1216 2112 ) 
4 588 627 (4096 1024 1536 ) (4096 1024 1856 ) (3648 1024 1856 ) (3648 1024 1536 ) 
4 589 628 (4096 1024 -2944 ) (4096 1024 1088 ) (3648 1024 1088 ) (3648 1024 -2944 ) 
4 589 590 (3648 1024 -2944 ) (3648 1024 640 ) (3648 1216 640 ) (3648 1216 -2944 ) 
4 590 633 (3520 1024 -2944 ) (3648 1024 -2944 ) (3648 1024 640 ) (3520 1024 640 ) 
4 590 591 (3520 1216 -2944 ) (3520 1024 -2944 ) (3520 1024 640 ) (3520 1216 640 ) 
4 591 671 (3072 1024 -2944 ) (3072 1024 1792 ) (3072 1216 1792 ) (3072 1216 -2944 ) 
4 591 670 (3072 1024 1792 ) (3072 1024 2112 ) (3072 1216 2112 ) (3072 1216 1792 ) 
4 591 633 (3072 1024 640 ) (3072 1024 -2944 ) (3520 1024 -2944 ) (3520 1024 640 ) 
4 591 632 (3072 1024 2112 ) (3072 1024 640 ) (3520 1024 640 ) (3520 1024 2112 ) 
4 592 616 (5120 384 2944 ) (5120 384 7168 ) (4352 384 7168 ) (4352 384 2944 ) 
4 592 600 (4352 1024 7168 ) (4352 1024 2944 ) (4352 384 2944 ) (4352 384 7168 ) 
4 593 602 (4740 1024 1567.619995 ) (5120 1024 1567.619995 ) (5120 976 1567.619995 ) (4740 976 1567.619995 ) 
4 593 594 (4740 976 1599.619995 ) (4740 976 2880 ) (4740 1024 2880 ) (4740 1024 1599.619995 ) 
4 593 595 (5120 976 2880 ) (4740 976 2880 ) (4740 976 1567.619995 ) (5120 976 1567.619995 ) 
4 594 596 (4672 976 1599.619995 ) (4672 976 1856 ) (4672 1024 1856 ) (4672 1024 1599.619995 ) 
4 594 595 (4740 976 2880 ) (4672 976 2880 ) (4672 976 1599.619995 ) (4740 976 1599.619995 ) 
4 595 612 (4740 784 1567.619995 ) (5120 784 1567.619995 ) (5120 720 1567.619995 ) (4740 720 1567.619995 ) 
4 595 614 (5120 384 1567.619995 ) (4672 384 1567.619995 ) (4672 720 1567.619995 ) (5120 720 1567.619995 ) 
4 595 603 (4740 976 1567.619995 ) (5120 976 1567.619995 ) (5120 784 1567.619995 ) (4740 784 1567.619995 ) 
4 595 598 (4672 976 1567.619995 ) (4672 384 1567.619995 ) (4672 384 1856 ) (4672 976 1856 ) 
4 596 598 (4672 976 1599.619995 ) (4672 976 1856 ) (4644 976 1856 ) (4644 976 1599.619995 ) 
4 596 597 (4644 976 1599.619995 ) (4644 976 1856 ) (4644 1024 1856 ) (4644 1024 1599.619995 ) 
4 597 604 (4352 976 1567.619995 ) (4352 1024 1567.619995 ) (4644 1024 1567.619995 ) (4644 976 1567.619995 ) 
4 597 601 (4352 1024 1856 ) (4352 1024 1567.619995 ) (4352 976 1567.619995 ) (4352 976 1856 ) 
4 597 599 (4416 976 1856 ) (4352 976 1856 ) (4352 976 1567.619995 ) (4416 976 1567.619995 ) 
4 597 598 (4644 976 1856 ) (4416 976 1856 ) (4416 976 1567.619995 ) (4644 976 1567.619995 ) 
4 598 613 (4416 720 1567.619995 ) (4416 784 1567.619995 ) (4420 784 1567.619995 ) (4420 720 1567.619995 ) 
4 598 614 (4672 384 1567.619995 ) (4416 384 1567.619995 ) (4416 720 1567.619995 ) (4672 720 1567.619995 ) 
3 598 605 (4452 976 1567.619995 ) (4512 976 1567.619995 ) (4452 916 1567.619995 ) 
4 598 606 (4416 784 1567.619995 ) (4416 976 1567.619995 ) (4452 976 1567.619995 ) (4452 784 1567.619995 ) 
4 598 599 (4416 976 1856 ) (4416 976 1567.619995 ) (4416 768 1567.619995 ) (4416 768 1856 ) 
4 599 615 (4352 768 1567.619995 ) (4352 784 1567.619995 ) (4416 784 1567.619995 ) (4416 768 1567.619995 ) 
4 599 606 (4352 784 1567.619995 ) (4352 976 1567.619995 ) (4416 976 1567.619995 ) (4416 784 1567.619995 ) 
4 599 601 (4352 976 1567.619995 ) (4352 768 1567.619995 ) (4352 768 1856 ) (4352 976 1856 ) 
4 600 624 (4096 1024 7168 ) (4096 1024 2944 ) (4096 384 2944 ) (4096 384 7168 ) 
4 600 616 (4096 384 7168 ) (4096 384 2944 ) (4352 384 2944 ) (4352 384 7168 ) 
4 601 627 (4096 1024 1856 ) (4096 1024 1567.619995 ) (4096 768 1567.619995 ) (4096 768 1856 ) 
4 601 615 (4096 768 1567.619995 ) (4096 784 1567.619995 ) (4352 784 1567.619995 ) (4352 768 1567.619995 ) 
4 601 606 (4096 784 1567.619995 ) (4096 976 1567.619995 ) (4352 976 1567.619995 ) (4352 784 1567.619995 ) 
4 601 604 (4096 976 1567.619995 ) (4096 1024 1567.619995 ) (4352 1024 1567.619995 ) (4352 976 1567.619995 ) 
4 602 619 (4992 1024 1536 ) (5120 1024 1536 ) (5120 976 1536 ) (4992 976 1536 ) 
4 602 603 (4740 976 1536 ) (5120 976 1536 ) (5120 976 1567.619995 ) (4740 976 1567.619995 ) 
4 603 619 (5120 976 1536 ) (5120 784 1536 ) (4992 784 1536 ) (4992 976 1536 ) 
4 603 612 (4740 784 1536 ) (5120 784 1536 ) (5120 784 1567.619995 ) (4740 784 1567.619995 ) 
4 604 627 (4096 1024 1567.619995 ) (4096 1024 1551.619995 ) (4096 976 1551.619995 ) (4096 976 1567.619995 ) 
4 604 608 (4644 1024 1551.619995 ) (4644 1008 1551.619995 ) (4500 1008 1551.619995 ) (4516 1024 1551.619995 ) 
4 604 607 (4468 976 1551.619995 ) (4096 976 1551.619995 ) (4096 1024 1551.619995 ) (4516 1024 1551.619995 ) 
4 604 605 (4452 976 1551.619995 ) (4512 976 1551.619995 ) (4512 976 1567.619995 ) (4452 976 1567.619995 ) 
4 604 606 (4096 976 1551.619995 ) (4452 976 1551.619995 ) (4452 976 1567.619995 ) (4096 976 1567.619995 ) 
3 605 609 (4452 960 1551.619995 ) (4452 976 1551.619995 ) (4468 976 1551.619995 ) 
4 605 606 (4452 976 1567.619995 ) (4452 976 1551.619995 ) (4452 916 1551.619995 ) (4452 916 1567.619995 ) 
4 606 627 (4096 976 1551.619995 ) (4096 784 1551.619995 ) (4096 784 1567.619995 ) (4096 976 1567.619995 ) 
4 606 615 (4416 784 1567.619995 ) (4096 784 1567.619995 ) (4096 784 1551.619995 ) (4416 784 1551.619995 ) 
4 606 613 (4420 784 1567.619995 ) (4416 784 1567.619995 ) (4416 784 1551.619995 ) (4420 784 1551.619995 ) 
3 606 611 (4420 784 1551.619995 ) (4276 784 1551.619995 ) (4420 928 1551.619995 ) 
5 606 610 (4276 784 1551.619995 ) (4096 784 1551.619995 ) (4096 976 1551.619995 ) (4452 976 1551.619995 ) (4452 960 1551.619995 ) 
4 607 627 (4096 1024 1551.619995 ) (4096 1024 1536 ) (4096 976 1536 ) (4096 976 1551.619995 ) 
4 607 610 (4096 976 1536 ) (4452 976 1536 ) (4452 976 1551.619995 ) (4096 976 1551.619995 ) 
4 607 609 (4452 976 1536 ) (4468 976 1536 ) (4468 976 1551.619995 ) (4452 976 1551.619995 ) 
4 607 608 (4500 1008 1536 ) (4516 1024 1536 ) (4516 1024 1551.619995 ) (4500 1008 1551.619995 ) 
4 609 610 (4452 976 1551.619995 ) (4452 976 1536 ) (4452 960 1536 ) (4452 960 1551.619995 ) 
4 610 627 (4096 976 1536 ) (4096 784 1536 ) (4096 784 1551.619995 ) (4096 976 1551.619995 ) 
4 610 615 (4096 784 1536 ) (4276 784 1536 ) (4276 784 1551.619995 ) (4096 784 1551.619995 ) 
4 610 611 (4420 927.998108 1551.619995 ) (4276.001953 784 1551.619995 ) (4276.001953 784 1536 ) (4420 927.998108 1536 ) 
4 611 615 (4276 784 1536 ) (4416 784 1536 ) (4416 784 1551.619995 ) (4276 784 1551.619995 ) 
4 611 613 (4416 784 1536 ) (4420 784 1536 ) (4420 784 1551.619995 ) (4416 784 1551.619995 ) 
4 612 619 (4992 784 1536 ) (5120 784 1536 ) (5120 720 1536 ) (4992 720 1536 ) 
4 612 614 (4740 720 1536 ) (5120 720 1536 ) (5120 720 1567.619995 ) (4740 720 1567.619995 ) 
4 613 615 (4416 784 1567.619995 ) (4416 784 1536 ) (4416 768 1536 ) (4416 768 1567.619995 ) 
4 613 614 (4416 720 1567.619995 ) (4416 720 1536 ) (4420 720 1536 ) (4420 720 1567.619995 ) 
4 614 619 (5120 720 1536 ) (5120 384 1536 ) (4992 384 1536 ) (4992 720 1536 ) 
4 615 627 (4096 784 1536 ) (4096 768 1536 ) (4096 768 1567.619995 ) (4096 784 1567.619995 ) 
4 616 1890 (5120 0 2944 ) (5120 0 7168 ) (4096 0 7168 ) (4096 0 2944 ) 
4 616 625 (4096 0 2944 ) (4096 0 7168 ) (4096 384 7168 ) (4096 384 2944 ) 
4 616 617 (5120 0 2944 ) (4416 0 2944 ) (4416 64 2944 ) (5120 64 2944 ) 
4 616 618 (4416 0 2944 ) (4096 0 2944 ) (4096 384 2944 ) (4416 384 2944 ) 
4 617 1890 (5120 0 1536 ) (5120 0 2944 ) (4416 0 2944 ) (4416 0 1536 ) 
4 617 620 (5120 0 1536 ) (4416 0 1536 ) (4416 64 1536 ) (5120 64 1536 ) 
4 617 618 (4416 0 2944 ) (4416 64 2944 ) (4416 64 1536 ) (4416 0 1536 ) 
4 618 1890 (4416 0 2944 ) (4096 0 2944 ) (4096 0 1536 ) (4416 0 1536 ) 
4 618 630 (4096 384 1536 ) (4096 0 1536 ) (4096 0 2112 ) (4096 384 2112 ) 
4 618 625 (4096 0 2112 ) (4096 0 2944 ) (4096 384 2944 ) (4096 384 2112 ) 
4 618 622 (4416 0 1536 ) (4096 0 1536 ) (4096 384 1536 ) (4416 384 1536 ) 
4 620 1890 (5120 0 640 ) (5120 0 1536 ) (4416 0 1536 ) (4416 0 640 ) 
4 620 623 (5120 64 640 ) (5120 0 640 ) (4416 0 640 ) (4416 64 640 ) 
4 620 622 (4416 64 640 ) (4416 0 640 ) (4416 0 1536 ) (4416 64 1536 ) 
4 621 628 (4096 1024 1088 ) (4096 1024 640 ) (4096 768 640 ) (4096 768 1088 ) 
4 621 623 (4096 768 640 ) (4096 1024 640 ) (4416 1024 640 ) (4416 768 640 ) 
4 622 1890 (4416 0 1536 ) (4096 0 1536 ) (4096 0 640 ) (4416 0 640 ) 
4 622 630 (4096 384 640 ) (4096 0 640 ) (4096 0 1536 ) (4096 384 1536 ) 
4 622 623 (4096 0 640 ) (4096 384 640 ) (4416 384 640 ) (4416 0 640 ) 
4 623 1890 (5120 0 -2944 ) (5120 0 640 ) (4096 0 640 ) (4096 0 -2944 ) 
4 623 629 (4096 768 -2944 ) (4096 384 -2944 ) (4096 384 640 ) (4096 768 640 ) 
4 623 630 (4096 384 -2944 ) (4096 0 -2944 ) (4096 0 640 ) (4096 384 640 ) 
4 623 628 (4096 1024 640 ) (4096 1024 -2944 ) (4096 768 -2944 ) (4096 768 640 ) 
4 624 625 (3136 384 7168 ) (3136 384 2944 ) (4096 384 2944 ) (4096 384 7168 ) 
4 624 626 (3136 384 2944 ) (3136 384 7168 ) (3136 1024 7168 ) (3136 1024 2944 ) 
4 625 1891 (4096 0 2112 ) (4096 0 7168 ) (3136 0 7168 ) (3136 0 2112 ) 
4 625 631 (3648 0 2112 ) (3520 0 2112 ) (3520 384 2112 ) (3648 384 2112 ) 
4 625 632 (3520 0 2112 ) (3136 0 2112 ) (3136 384 2112 ) (3520 384 2112 ) 
4 625 630 (4096 384 2112 ) (4096 0 2112 ) (3648 0 2112 ) (3648 384 2112 ) 
4 625 626 (3136 384 2112 ) (3136 0 2112 ) (3136 0 7168 ) (3136 384 7168 ) 
4 626 1891 (3136 0 7168 ) (3072 0 7168 ) (3072 0 2112 ) (3136 0 2112 ) 
4 626 676 (3072 0 2112 ) (3072 0 7168 ) (3072 1024 7168 ) (3072 1024 2112 ) 
4 626 632 (3072 0 2112 ) (3072 1024 2112 ) (3136 1024 2112 ) (3136 0 2112 ) 
4 628 633 (3648 1024 640 ) (3648 1024 -2944 ) (3648 768 -2944 ) (3648 768 640 ) 
4 628 629 (3648 768 640 ) (3648 768 -2944 ) (4096 768 -2944 ) (4096 768 640 ) 
4 629 633 (3648 768 640 ) (3648 768 -2944 ) (3648 384 -2944 ) (3648 384 640 ) 
4 629 630 (3648 384 640 ) (3648 384 -2944 ) (4096 384 -2944 ) (4096 384 640 ) 
4 630 1891 (4096 0 -2944 ) (4096 0 2112 ) (3648 0 2112 ) (3648 0 -2944 ) 
4 630 633 (3648 0 -2944 ) (3648 0 640 ) (3648 384 640 ) (3648 384 -2944 ) 
4 630 631 (3648 0 640 ) (3648 0 2112 ) (3648 384 2112 ) (3648 384 640 ) 
4 631 1891 (3648 0 640 ) (3648 0 2112 ) (3520 0 2112 ) (3520 0 640 ) 
4 631 633 (3648 384 640 ) (3648 0 640 ) (3520 0 640 ) (3520 384 640 ) 
4 631 632 (3520 384 640 ) (3520 0 640 ) (3520 0 2112 ) (3520 384 2112 ) 
4 632 1891 (3520 0 2112 ) (3072 0 2112 ) (3072 0 640 ) (3520 0 640 ) 
4 632 676 (3072 0 640 ) (3072 0 2112 ) (3072 1024 2112 ) (3072 1024 640 ) 
4 632 633 (3072 0 640 ) (3072 1024 640 ) (3520 1024 640 ) (3520 0 640 ) 
4 633 1891 (3648 0 -2944 ) (3648 0 640 ) (3072 0 640 ) (3072 0 -2944 ) 
4 633 676 (3072 0 -2944 ) (3072 0 640 ) (3072 1024 640 ) (3072 1024 -2944 ) 
4 634 668 (3072 2048 2880 ) (3072 2048 7168 ) (2048 2048 7168 ) (2048 2048 2880 ) 
4 634 641 (2048 3072 7168 ) (2048 3072 2880 ) (2048 2048 2880 ) (2048 2048 7168 ) 
4 635 637 (2432 3072 1792 ) (2432 2944 1792 ) (2432 2944 2752 ) (2432 3072 2752 ) 
4 636 639 (2432 2176 2112 ) (2432 2176 2368 ) (2432 2368 2368 ) (2432 2368 2112 ) 
4 637 642 (2048 3072 2752 ) (2048 3072 1792 ) (2048 2752 1792 ) (2048 2752 2752 ) 
5 637 638 (2176 2752 1792 ) (2432 2752 1792 ) (2432 2752 2752 ) (2048 2752 2752 ) (2048 2752 1856 ) 
4 638 643 (2048 2496 1856 ) (2048 2496 2752 ) (2048 2752 2752 ) (2048 2752 1856 ) 
4 638 639 (2432 2496 2112 ) (2432 2496 2752 ) (2048 2496 2752 ) (2048 2496 2112 ) 
4 639 672 (2432 2048 2752 ) (2048 2048 2752 ) (2048 2048 2112 ) (2432 2048 2112 ) 
4 639 646 (2048 2048 2112 ) (2048 2048 2752 ) (2048 2496 2752 ) (2048 2496 2112 ) 
4 640 673 (2432 2048 1536 ) (2048 2048 1536 ) (2048 2048 -2944 ) (2432 2048 -2944 ) 
4 640 671 (3072 2048 -2944 ) (3072 2048 1536 ) (2432 2048 1536 ) (2432 2048 -2944 ) 
4 640 647 (2048 3072 1536 ) (2048 3072 -2944 ) (2048 2048 -2944 ) (2048 2048 1536 ) 
4 641 677 (2048 2048 2880 ) (2048 2048 7168 ) (1024 2048 7168 ) (1024 2048 2880 ) 
4 641 649 (1024 2048 2880 ) (1024 2048 7168 ) (1024 3072 7168 ) (1024 3072 2880 ) 
4 642 645 (1536 2752 2112 ) (1536 2752 2752 ) (1536 2944 2752 ) (1536 2944 2112 ) 
4 642 644 (1536 3072 1792 ) (1536 2944 1792 ) (1536 2944 2752 ) (1536 3072 2752 ) 
4 642 643 (1536 2752 2752 ) (1536 2752 2112 ) (2048 2752 1856 ) (2048 2752 2752 ) 
4 643 646 (2048 2496 2112 ) (2048 2496 2752 ) (1536 2496 2752 ) (1536 2496 2112 ) 
4 643 645 (1536 2496 2112 ) (1536 2496 2752 ) (1536 2752 2752 ) (1536 2752 2112 ) 
4 644 645 (1280 2944 2752 ) (1280 2944 2112 ) (1536 2944 2112 ) (1536 2944 2752 ) 
4 645 646 (1280 2496 2752 ) (1280 2496 2112 ) (1536 2496 2112 ) (1536 2496 2752 ) 
4 646 679 (2048 2048 2112 ) (2048 2048 2752 ) (1280 2048 2752 ) (1280 2048 2112 ) 
4 647 686 (1792 2048 1280 ) (1280 2048 1280 ) (1280 2048 -2944 ) (1792 2048 -2944 ) 
4 647 685 (2048 2048 -2944 ) (2048 2048 1280 ) (1792 2048 1280 ) (1792 2048 -2944 ) 
4 647 680 (2048 2048 1280 ) (2048 2048 1536 ) (1280 2048 1536 ) (1280 2048 1280 ) 
4 647 648 (1280 3072 -2944 ) (1280 2048 -2944 ) (1280 2048 1536 ) (1280 3072 1536 ) 
4 648 686 (1024 2048 1280 ) (1024 2048 -2944 ) (1280 2048 -2944 ) (1280 2048 1280 ) 
4 648 683 (1280 2048 1792 ) (1024 2048 1792 ) (1024 2048 1280 ) (1280 2048 1280 ) 
4 648 667 (1024 2048 -2944 ) (1024 2048 -1024 ) (1024 3072 -1024 ) (1024 3072 -2944 ) 
4 648 665 (1024 2048 -1024 ) (1024 2048 -256 ) (1024 3072 -256 ) (1024 3072 -1024 ) 
4 648 663 (1024 2048 -256 ) (1024 2048 0 ) (1024 3072 0 ) (1024 3072 -256 ) 
4 648 655 (1024 2048 0 ) (1024 2048 152 ) (1024 3072 152 ) (1024 3072 0 ) 
4 648 653 (1024 2048 152 ) (1024 2048 1344 ) (1024 3072 1344 ) (1024 3072 152 ) 
4 648 651 (1024 2048 1344 ) (1024 2048 1792 ) (1024 3072 1792 ) (1024 3072 1344 ) 
4 649 926 (0 2048 2880 ) (0 2048 7168 ) (0 3072 7168 ) (0 3072 2880 ) 
4 649 699 (1024 2048 2880 ) (1024 2048 7168 ) (0 2048 7168 ) (0 2048 2880 ) 
4 649 650 (0 2048 2880 ) (0 3072 2880 ) (576 3072 2880 ) (576 2048 2880 ) 
4 650 926 (0 2048 2752 ) (0 2048 2880 ) (0 3072 2880 ) (0 3072 2752 ) 
4 650 701 (576 2048 2880 ) (0 2048 2880 ) (0 2048 2752 ) (576 2048 2752 ) 
4 650 652 (576 2048 2752 ) (0 2048 2752 ) (0 3072 2752 ) (576 3072 2752 ) 
4 651 702 (1024 2048 1344 ) (1024 2048 1792 ) (576 2048 1792 ) (576 2048 1344 ) 
4 651 653 (896 3072 1344 ) (1024 3072 1344 ) (1024 2048 1344 ) (896 2048 1344 ) 
4 651 652 (576 3072 1344 ) (576 2048 1344 ) (576 2048 1792 ) (576 3072 1792 ) 
4 652 926 (0 2048 1344 ) (0 2048 2752 ) (0 3072 2752 ) (0 3072 1344 ) 
4 652 704 (576 2048 2752 ) (0 2048 2752 ) (0 2048 1344 ) (576 2048 1344 ) 
4 653 705 (1024 2048 152 ) (1024 2048 1344 ) (896 2048 1344 ) (896 2048 152 ) 
4 653 655 (1024 2048 152 ) (896 2048 152 ) (896 3072 152 ) (1024 3072 152 ) 
4 654 935 (0 2352 358.857147 ) (0 2368 358.857147 ) (0 2368 152 ) (0 2352 152 ) 
4 654 937 (0 2048 152 ) (0 2048 358.857117 ) (0 2352 358.857147 ) (0 2352 152 ) 
4 654 931 (0 2384 358.857147 ) (0 2448 358.857147 ) (0 2448 152 ) (0 2384 152 ) 
4 654 930 (0 2448 358.857147 ) (0 3072 358.857178 ) (0 3072 152 ) (0 2448 152 ) 
4 654 933 (0 2368 358.857147 ) (0 2384 358.857147 ) (0 2384 152 ) (0 2368 152 ) 
4 654 927 (0 2048 358.857117 ) (0 2048 1280 ) (0 3072 1280 ) (0 3072 358.857178 ) 
4 654 706 (0 2048 1280 ) (0 2048 152 ) (832 2048 152 ) (832 2048 1280 ) 
4 654 660 (0 2448 152 ) (0 3072 152 ) (112 3072 152 ) (112 2448 152 ) 
4 654 661 (112 2048 152 ) (0 2048 152 ) (0 2384 152 ) (112 2384 152 ) 
4 654 657 (208 2832 152 ) (208 3072 152 ) (272 3072 152 ) (272 2832 152 ) 
4 654 658 (272 2048 152 ) (208 2048 152 ) (208 2480 152 ) (272 2480 152 ) 
4 654 659 (208 2048 152 ) (112 2048 152 ) (112 3072 152 ) (208 3072 152 ) 
4 654 656 (832 2048 152 ) (272 2048 152 ) (272 3072 152 ) (832 3072 152 ) 
4 655 705 (1024 2048 0 ) (1024 2048 152 ) (896 2048 152 ) (896 2048 0 ) 
4 655 663 (896 3072 0 ) (1024 3072 0 ) (1024 2048 0 ) (896 2048 0 ) 
4 656 706 (832 2048 152 ) (272 2048 152 ) (272 2048 0 ) (832 2048 0 ) 
4 656 657 (272 2832 152 ) (272 3072 152 ) (272 3072 32.181999 ) (272 2832 32.181999 ) 
4 656 658 (272 2048 32.181999 ) (272 2048 152 ) (272 2480 152 ) (272 2480 32.181999 ) 
4 656 662 (272 3072 0 ) (272 2048 0 ) (272 2048 32.181999 ) (272 3072 32.181999 ) 
4 657 662 (272 3072 32.181999 ) (272 2832 32.181999 ) (208 2832 32.181999 ) (208 3072 32.181999 ) 
4 657 659 (208 3072 32.181999 ) (208 2832 32.181999 ) (208 2832 152 ) (208 3072 152 ) 
4 658 706 (272 2048 152 ) (208 2048 152 ) (208 2048 32.181999 ) (272 2048 32.181999 ) 
4 658 659 (208 2480 32.181999 ) (208 2048 32.181999 ) (208 2048 152 ) (208 2480 152 ) 
4 658 662 (272 2480 32.181999 ) (272 2048 32.181999 ) (208 2048 32.181999 ) (208 2480 32.181999 ) 
4 659 706 (208 2048 152 ) (112 2048 152 ) (112 2048 32.181999 ) (208 2048 32.181999 ) 
4 659 660 (112 3072 32.181999 ) (112 2448 32.181999 ) (112 2448 152 ) (112 3072 152 ) 
4 659 661 (112 2384 32.181999 ) (112 2048 32.181999 ) (112 2048 152 ) (112 2384 152 ) 
4 659 662 (208 2048 32.181999 ) (112 2048 32.181999 ) (112 3072 32.181999 ) (208 3072 32.181999 ) 
4 660 930 (0 2448 152 ) (0 3072 152 ) (0 3072 32.181999 ) (0 2448 32.181999 ) 
4 660 662 (0 2448 32.181999 ) (0 3072 32.181999 ) (112 3072 32.181999 ) (112 2448 32.181999 ) 
4 661 935 (0 2352 152 ) (0 2368 152 ) (0 2368 32.181999 ) (0 2352 32.181999 ) 
4 661 937 (0 2048 32.181999 ) (0 2048 152 ) (0 2352 152 ) (0 2352 32.181999 ) 
4 661 933 (0 2368 152 ) (0 2384 152 ) (0 2384 32.181999 ) (0 2368 32.181999 ) 
4 661 706 (112 2048 152 ) (0 2048 152 ) (0 2048 32.181999 ) (112 2048 32.181999 ) 
4 661 662 (112 2048 32.181999 ) (0 2048 32.181999 ) (0 2384 32.181999 ) (112 2384 32.181999 ) 
4 662 935 (0 2352 32.181999 ) (0 2368 32.181999 ) (0 2368 0 ) (0 2352 0 ) 
4 662 937 (0 2048 0 ) (0 2048 32.181999 ) (0 2352 32.181999 ) (0 2352 0 ) 
4 662 932 (0 2384 32.181999 ) (0 2448 32.181999 ) (0 2448 0 ) (0 2384 0 ) 
4 662 930 (0 2448 32.181999 ) (0 3072 32.181999 ) (0 3072 0 ) (0 2448 0 ) 
4 662 933 (0 2368 32.181999 ) (0 2384 32.181999 ) (0 2384 0 ) (0 2368 0 ) 
4 662 706 (0 2048 32.181999 ) (0 2048 0 ) (272 2048 0 ) (272 2048 32.181999 ) 
4 662 664 (0 2368 0 ) (0 3072 0 ) (192 3072 0 ) (192 2368 0 ) 
4 663 707 (1024 2048 -256 ) (1024 2048 0 ) (832 2048 0 ) (832 2048 -256 ) 
4 663 665 (1024 2048 -256 ) (832 2048 -256 ) (832 3072 -256 ) (1024 3072 -256 ) 
4 664 953 (0 2368 0 ) (0 2968 0 ) (0 2968 -256 ) (0 2368 -256 ) 
4 664 950 (0 2968 0 ) (0 3072 0 ) (0 3072 -256 ) (0 2968 -256 ) 
4 665 708 (1024 2048 -1024 ) (1024 2048 -256 ) (192 2048 -256 ) (192 2048 -1024 ) 
4 665 667 (192 3072 -1024 ) (1024 3072 -1024 ) (1024 2048 -1024 ) (192 2048 -1024 ) 
4 665 666 (192 2112 -1024 ) (192 2048 -1024 ) (192 2048 -256 ) (192 2112 -256 ) 
4 666 954 (0 2048 -1024 ) (0 2048 -256 ) (0 2112 -256 ) (0 2112 -1024 ) 
4 666 708 (192 2048 -256 ) (0 2048 -256 ) (0 2048 -1024 ) (192 2048 -1024 ) 
4 666 667 (0 2048 -1024 ) (0 2112 -1024 ) (192 2112 -1024 ) (192 2048 -1024 ) 
4 667 955 (0 2048 -2944 ) (0 2048 -1024 ) (0 3072 -1024 ) (0 3072 -2944 ) 
4 667 708 (1024 2048 -2944 ) (1024 2048 -1024 ) (0 2048 -1024 ) (0 2048 -2944 ) 
4 668 677 (2048 2048 7168 ) (2048 2048 2880 ) (2048 1920 2880 ) (2048 1920 7168 ) 
4 668 669 (3072 1920 2880 ) (3072 1920 7168 ) (2048 1920 7168 ) (2048 1920 2880 ) 
4 669 688 (2048 1408 2752 ) (2048 1024 2752 ) (2048 1024 7168 ) (2048 1408 7168 ) 
4 669 678 (2048 1920 2752 ) (2048 1408 2752 ) (2048 1408 2880 ) (2048 1920 2880 ) 
4 669 677 (2048 1408 2880 ) (2048 1408 7168 ) (2048 1920 7168 ) (2048 1920 2880 ) 
4 669 676 (3072 1024 2752 ) (3072 1024 7168 ) (2048 1024 7168 ) (2048 1024 2752 ) 
4 669 675 (2048 1024 2752 ) (2048 1920 2752 ) (2432 1920 2752 ) (2432 1024 2752 ) 
4 669 670 (2432 1920 2752 ) (3072 1920 2752 ) (3072 1024 2752 ) (2432 1024 2752 ) 
4 670 676 (3072 1024 1792 ) (3072 1024 2752 ) (2432 1024 2752 ) (2432 1024 1792 ) 
4 670 675 (2432 1024 1792 ) (2432 1024 2752 ) (2432 1920 2752 ) (2432 1920 1792 ) 
4 670 671 (2432 1024 1792 ) (2432 1920 1792 ) (3072 1920 1792 ) (3072 1024 1792 ) 
4 671 676 (3072 1024 -2944 ) (3072 1024 1792 ) (2432 1024 1792 ) (2432 1024 -2944 ) 
4 671 674 (2432 1920 1792 ) (2432 1984 1792 ) (2432 1984 -2944 ) (2432 1920 -2944 ) 
4 671 675 (2432 1024 -2944 ) (2432 1024 1792 ) (2432 1920 1792 ) (2432 1920 -2944 ) 
4 671 673 (2432 2048 1728 ) (2432 2048 -2944 ) (2432 1984 -2944 ) (2432 1984 1728 ) 
4 672 679 (2048 2048 2752 ) (2048 2048 2112 ) (2048 1984 2112 ) (2048 1984 2752 ) 
4 673 685 (2048 2048 1280 ) (2048 2048 -2944 ) (2048 1984 -2944 ) (2048 1984 1280 ) 
4 673 680 (2048 2048 1728 ) (2048 2048 1280 ) (2048 1984 1280 ) (2048 1984 1728 ) 
4 673 674 (2432 1984 -2944 ) (2432 1984 1728 ) (2048 1984 1728 ) (2048 1984 -2944 ) 
4 674 685 (2048 1984 1280 ) (2048 1984 -2944 ) (2048 1920 -2944 ) (2048 1920 1280 ) 
4 674 681 (2048 1984 1792 ) (2048 1984 1280 ) (2048 1920 1280 ) (2048 1920 1792 ) 
4 674 675 (2048 1920 -2944 ) (2432 1920 -2944 ) (2432 1920 1792 ) (2048 1920 1792 ) 
4 675 698 (2048 1024 -2944 ) (2048 1024 -448 ) (2048 1408 -448 ) (2048 1408 -2944 ) 
4 675 696 (2048 1024 -448 ) (2048 1024 -384 ) (2048 1408 -384 ) (2048 1408 -448 ) 
4 675 688 (2048 1024 -384 ) (2048 1024 2752 ) (2048 1408 2752 ) (2048 1408 -384 ) 
4 675 685 (2048 1920 1280 ) (2048 1920 -2944 ) (2048 1408 -2944 ) (2048 1408 1280 ) 
4 675 682 (2048 1408 2752 ) (2048 1920 2752 ) (2048 1920 1280 ) (2048 1408 1280 ) 
4 675 676 (2432 1024 -2944 ) (2432 1024 2752 ) (2048 1024 2752 ) (2048 1024 -2944 ) 
4 676 1991 (2048 0 -384 ) (2048 0 -2944 ) (2304 0 -2944 ) (2304 0 -384 ) 
4 676 1990 (2304 0 -2944 ) (2816 0 -2944 ) (2816 0 -384 ) (2304 0 -384 ) 
4 676 1987 (2176 0 768 ) (2048 0 768 ) (2048 0 -384 ) (2176 0 -384 ) 
4 676 1984 (2816 0 768 ) (2176 0 768 ) (2176 0 -384 ) (2816 0 -384 ) 
4 676 1983 (3072 0 -2944 ) (3072 0 -1152 ) (2816 0 -1152 ) (2816 0 -2944 ) 
4 676 1982 (3072 0 -1152 ) (3072 0 768 ) (2816 0 768 ) (2816 0 -1152 ) 
4 676 1975 (2816 0 1280 ) (2048 0 1280 ) (2048 0 768 ) (2816 0 768 ) 
4 676 1974 (3072 0 768 ) (3072 0 1280 ) (2816 0 1280 ) (2816 0 768 ) 
4 676 1973 (3072 0 1280 ) (3072 0 1408 ) (2048 0 1408 ) (2048 0 1280 ) 
4 676 1972 (3072 0 1408 ) (3072 0 7168 ) (2048 0 7168 ) (2048 0 1408 ) 
4 676 737 (2048 0 -2944 ) (2048 0 -384 ) (2048 1024 -384 ) (2048 1024 -2944 ) 
4 676 736 (2048 0 -384 ) (2048 0 384 ) (2048 704 384 ) (2048 704 -384 ) 
4 676 735 (2048 704 384 ) (2048 1024 384 ) (2048 1024 -384 ) (2048 704 -384 ) 
4 676 732 (2048 0 384 ) (2048 0 704 ) (2048 704 704 ) (2048 704 384 ) 
4 676 731 (2048 0 704 ) (2048 0 768 ) (2048 704 768 ) (2048 704 704 ) 
4 676 730 (2048 0 768 ) (2048 0 7168 ) (2048 704 7168 ) (2048 704 768 ) 
4 676 728 (2048 704 7168 ) (2048 1024 7168 ) (2048 1024 384 ) (2048 704 384 ) 
4 677 709 (1024 1856 2880 ) (1024 1408 2880 ) (1024 1408 7168 ) (1024 1856 7168 ) 
4 677 699 (1024 2048 7168 ) (1024 2048 2880 ) (1024 1856 2880 ) (1024 1856 7168 ) 
4 677 691 (1152 1408 7168 ) (1024 1408 7168 ) (1024 1408 2880 ) (1152 1408 2880 ) 
4 677 690 (1408 1408 7168 ) (1152 1408 7168 ) (1152 1408 2880 ) (1408 1408 2880 ) 
4 677 689 (1792 1408 7168 ) (1408 1408 7168 ) (1408 1408 2880 ) (1792 1408 2880 ) 
4 677 688 (2048 1408 2880 ) (2048 1408 7168 ) (1792 1408 7168 ) (1792 1408 2880 ) 
4 677 678 (2048 1408 2880 ) (1024 1408 2880 ) (1024 1920 2880 ) (2048 1920 2880 ) 
4 678 709 (1024 1856 2752 ) (1024 1408 2752 ) (1024 1408 2880 ) (1024 1856 2880 ) 
4 678 700 (1024 1920 2752 ) (1024 1856 2752 ) (1024 1856 2880 ) (1024 1920 2880 ) 
4 678 691 (1152 1408 2880 ) (1024 1408 2880 ) (1024 1408 2752 ) (1152 1408 2752 ) 
4 678 690 (1408 1408 2880 ) (1152 1408 2880 ) (1152 1408 2752 ) (1408 1408 2752 ) 
4 678 689 (1792 1408 2880 ) (1408 1408 2880 ) (1408 1408 2752 ) (1792 1408 2752 ) 
4 678 688 (2048 1408 2752 ) (2048 1408 2880 ) (1792 1408 2880 ) (1792 1408 2752 ) 
4 678 684 (1280 1408 2752 ) (1024 1408 2752 ) (1024 1920 2752 ) (1280 1920 2752 ) 
4 678 682 (2048 1408 2752 ) (1280 1408 2752 ) (1280 1920 2752 ) (2048 1920 2752 ) 
4 680 686 (1280 1984 1280 ) (1280 2048 1280 ) (1792 2048 1280 ) (1792 1984 1280 ) 
4 680 685 (1792 2048 1280 ) (2048 2048 1280 ) (2048 1984 1280 ) (1792 1984 1280 ) 
4 680 683 (1280 2048 1280 ) (1280 1984 1280 ) (1280 1984 1728 ) (1280 2048 1728 ) 
4 680 681 (1280 1984 1728 ) (1280 1984 1280 ) (2048 1984 1280 ) (2048 1984 1728 ) 
4 681 686 (1280 1920 1280 ) (1280 1984 1280 ) (1792 1984 1280 ) (1792 1920 1280 ) 
4 681 685 (1792 1984 1280 ) (2048 1984 1280 ) (2048 1920 1280 ) (1792 1920 1280 ) 
4 681 683 (1280 1984 1280 ) (1280 1920 1280 ) (1280 1920 1792 ) (1280 1984 1792 ) 
4 681 682 (1280 1920 1792 ) (1280 1920 1280 ) (2048 1920 1280 ) (2048 1920 1792 ) 
4 682 690 (1408 1408 2752 ) (1280 1408 2752 ) (1280 1408 1280 ) (1408 1408 1280 ) 
4 682 689 (1792 1408 2752 ) (1408 1408 2752 ) (1408 1408 1280 ) (1792 1408 1280 ) 
4 682 688 (2048 1408 1280 ) (2048 1408 2752 ) (1792 1408 2752 ) (1792 1408 1280 ) 
4 682 686 (1280 1856 1280 ) (1280 1920 1280 ) (1792 1920 1280 ) (1792 1856 1280 ) 
4 682 685 (2048 1408 1280 ) (1792 1408 1280 ) (1792 1920 1280 ) (2048 1920 1280 ) 
4 682 684 (1280 1920 1280 ) (1280 1408 1280 ) (1280 1408 2752 ) (1280 1920 2752 ) 
4 683 705 (1024 2048 1344 ) (1024 2048 1280 ) (1024 1920 1280 ) (1024 1920 1344 ) 
4 683 702 (1024 2048 1792 ) (1024 2048 1344 ) (1024 1920 1344 ) (1024 1920 1792 ) 
4 683 686 (1024 1920 1280 ) (1024 2048 1280 ) (1280 2048 1280 ) (1280 1920 1280 ) 
4 683 684 (1024 1920 1280 ) (1280 1920 1280 ) (1280 1920 1792 ) (1024 1920 1792 ) 
4 684 709 (1024 1856 1280 ) (1024 1408 1280 ) (1024 1408 2752 ) (1024 1856 2752 ) 
4 684 705 (1024 1920 1280 ) (1024 1856 1280 ) (1024 1856 1344 ) (1024 1920 1344 ) 
4 684 703 (1024 1856 1344 ) (1024 1856 2752 ) (1024 1920 2752 ) (1024 1920 1344 ) 
4 684 691 (1152 1408 2752 ) (1024 1408 2752 ) (1024 1408 1408 ) (1152 1408 1408 ) 
4 684 690 (1280 1408 2752 ) (1152 1408 2752 ) (1152 1408 1280 ) (1280 1408 1280 ) 
4 684 686 (1024 1856 1280 ) (1024 1920 1280 ) (1280 1920 1280 ) (1280 1856 1280 ) 
4 685 698 (2048 1408 -2944 ) (2048 1408 -448 ) (1792 1408 -448 ) (1792 1408 -2944 ) 
4 685 696 (2048 1408 -448 ) (2048 1408 -384 ) (1792 1408 -384 ) (1792 1408 -448 ) 
4 685 688 (2048 1408 -384 ) (2048 1408 1280 ) (1792 1408 1280 ) (1792 1408 -384 ) 
4 685 687 (1792 1856 -2944 ) (1792 1408 -2944 ) (1792 1408 -384 ) (1792 1856 -384 ) 
4 685 686 (1792 2048 -2944 ) (1792 1856 -2944 ) (1792 1856 1280 ) (1792 2048 1280 ) 
4 686 708 (1024 2048 -256 ) (1024 2048 -2944 ) (1024 1856 -2944 ) (1024 1856 -256 ) 
4 686 707 (1024 2048 0 ) (1024 2048 -256 ) (1024 1856 -256 ) (1024 1856 0 ) 
4 686 705 (1024 2048 1280 ) (1024 2048 0 ) (1024 1856 0 ) (1024 1856 1280 ) 
4 686 687 (1024 1856 -2944 ) (1792 1856 -2944 ) (1792 1856 -384 ) (1024 1856 -384 ) 
4 687 712 (1024 1856 -2944 ) (1024 1408 -2944 ) (1024 1408 -384 ) (1024 1856 -384 ) 
4 687 698 (1024 1408 -448 ) (1024 1408 -2944 ) (1792 1408 -2944 ) (1792 1408 -448 ) 
4 687 697 (1024 1408 -384 ) (1024 1408 -448 ) (1216 1408 -448 ) (1216 1408 -384 ) 
4 687 696 (1216 1408 -448 ) (1792 1408 -448 ) (1792 1408 -384 ) (1216 1408 -384 ) 
4 688 735 (2048 1024 -384 ) (2048 1024 384 ) (1792 1024 384 ) (1792 1024 -384 ) 
4 688 728 (2048 1024 384 ) (2048 1024 7168 ) (1792 1024 7168 ) (1792 1024 384 ) 
4 688 696 (1792 1408 -384 ) (2048 1408 -384 ) (2048 1024 -384 ) (1792 1024 -384 ) 
4 688 689 (1792 1024 768 ) (1792 1024 7168 ) (1792 1408 7168 ) (1792 1408 768 ) 
4 689 729 (1792 1024 7168 ) (1408 1024 7168 ) (1408 1024 768 ) (1792 1024 768 ) 
4 689 690 (1408 1408 7168 ) (1408 1408 1280 ) (1408 1024 1280 ) (1408 1024 7168 ) 
4 690 738 (1152 1024 1280 ) (1408 1024 1280 ) (1408 1024 7168 ) (1152 1024 7168 ) 
4 690 691 (1152 1024 1408 ) (1152 1024 7168 ) (1152 1408 7168 ) (1152 1408 1408 ) 
4 691 739 (1024 1024 7168 ) (1024 1024 1408 ) (1152 1024 1408 ) (1152 1024 7168 ) 
4 691 713 (1024 1024 1408 ) (1024 1024 7168 ) (1024 1408 7168 ) (1024 1408 1408 ) 
3 692 740 (1024 1024 1066.666626 ) (1024 1024 768 ) (1248 1024 768 ) 
4 692 717 (1024 1024 768 ) (1024 1024 1024 ) (1024 1408 1024 ) (1024 1408 768 ) 
4 692 715 (1024 1024 1024 ) (1024 1024 1066.666626 ) (1024 1408 1066.666626 ) (1024 1408 1024 ) 
4 692 695 (1024 1024 768 ) (1024 1408 768 ) (1248 1408 768 ) (1248 1024 768 ) 
4 692 693 (1056 1408 1024 ) (1024 1408 1066.666748 ) (1024 1024 1066.666748 ) (1056 1024 1024 ) 
4 693 741 (1024 1024 1280 ) (1024 1024 1066.666626 ) (1056 1024 1024 ) (1056 1024 1280 ) 
4 693 715 (1024 1024 1066.666626 ) (1024 1024 1280 ) (1024 1408 1280 ) (1024 1408 1066.666626 ) 
4 694 742 (1280 1024 384 ) (1408 1024 384 ) (1408 1024 768 ) (1280 1024 768 ) 
4 694 695 (1280 1280 384 ) (1280 1024 384 ) (1280 1024 768 ) (1280 1280 768 ) 
4 695 744 (1024 1024 768 ) (1024 1024 384 ) (1280 1024 384 ) (1280 1024 768 ) 
4 695 718 (1024 1024 384 ) (1024 1024 768 ) (1024 1408 768 ) (1024 1408 384 ) 
4 696 745 (1408 1024 -384 ) (1216 1024 -384 ) (1216 1024 -448 ) (1408 1024 -448 ) 
4 696 737 (2048 1024 -448 ) (2048 1024 -384 ) (1408 1024 -384 ) (1408 1024 -448 ) 
4 696 698 (2048 1024 -448 ) (1216 1024 -448 ) (1216 1408 -448 ) (2048 1408 -448 ) 
4 696 697 (1216 1408 -448 ) (1216 1280 -448 ) (1216 1280 -384 ) (1216 1408 -384 ) 
4 697 726 (1024 1280 -384 ) (1024 1408 -384 ) (1024 1408 -448 ) (1024 1280 -448 ) 
4 697 698 (1024 1280 -448 ) (1024 1408 -448 ) (1216 1408 -448 ) (1216 1280 -448 ) 
4 698 746 (1216 1024 -448 ) (1024 1024 -448 ) (1024 1024 -2944 ) (1216 1024 -2944 ) 
4 698 745 (1408 1024 -448 ) (1216 1024 -448 ) (1216 1024 -2944 ) (1408 1024 -2944 ) 
4 698 737 (2048 1024 -2944 ) (2048 1024 -448 ) (1408 1024 -448 ) (1408 1024 -2944 ) 
4 698 727 (1024 1024 -2944 ) (1024 1024 -448 ) (1024 1408 -448 ) (1024 1408 -2944 ) 
4 699 1058 (0 1856 2880 ) (0 1856 7168 ) (0 2048 7168 ) (0 2048 2880 ) 
4 699 710 (0 1856 7168 ) (0 1856 2880 ) (64 1856 2880 ) (64 1856 7168 ) 
4 699 709 (64 1856 2880 ) (1024 1856 2880 ) (1024 1856 7168 ) (64 1856 7168 ) 
4 699 700 (1024 1856 2880 ) (576 1856 2880 ) (576 1920 2880 ) (1024 1920 2880 ) 
4 699 701 (576 1856 2880 ) (0 1856 2880 ) (0 2048 2880 ) (576 2048 2880 ) 
4 700 709 (576 1856 2752 ) (1024 1856 2752 ) (1024 1856 2880 ) (576 1856 2880 ) 
4 700 703 (1024 1856 2752 ) (576 1856 2752 ) (576 1920 2752 ) (1024 1920 2752 ) 
4 700 701 (576 1920 2752 ) (576 1856 2752 ) (576 1856 2880 ) (576 1920 2880 ) 
4 701 1058 (0 1856 2752 ) (0 1856 2880 ) (0 2048 2880 ) (0 2048 2752 ) 
4 701 710 (0 1856 2880 ) (0 1856 2752 ) (64 1856 2752 ) (64 1856 2880 ) 
4 701 709 (64 1856 2752 ) (576 1856 2752 ) (576 1856 2880 ) (64 1856 2880 ) 
4 701 704 (576 1856 2752 ) (0 1856 2752 ) (0 2048 2752 ) (576 2048 2752 ) 
4 702 705 (896 2048 1344 ) (1024 2048 1344 ) (1024 1920 1344 ) (896 1920 1344 ) 
4 702 703 (576 1920 1792 ) (576 1920 1344 ) (1024 1920 1344 ) (1024 1920 1792 ) 
4 702 704 (576 2048 1344 ) (576 1920 1344 ) (576 1920 1792 ) (576 2048 1792 ) 
4 703 709 (576 1856 1344 ) (1024 1856 1344 ) (1024 1856 2752 ) (576 1856 2752 ) 
4 703 705 (1024 1856 1344 ) (896 1856 1344 ) (896 1920 1344 ) (1024 1920 1344 ) 
4 703 704 (576 1920 1344 ) (576 1856 1344 ) (576 1856 2752 ) (576 1920 2752 ) 
4 704 1058 (0 1856 1344 ) (0 1856 2752 ) (0 2048 2752 ) (0 2048 1344 ) 
4 704 710 (0 1856 2752 ) (0 1856 1344 ) (64 1856 1344 ) (64 1856 2752 ) 
4 704 709 (64 1856 1344 ) (576 1856 1344 ) (576 1856 2752 ) (64 1856 2752 ) 
4 705 709 (1024 1856 1280 ) (1024 1856 1344 ) (896 1856 1344 ) (896 1856 1280 ) 
4 705 707 (1024 1856 0 ) (896 1856 0 ) (896 2048 0 ) (1024 2048 0 ) 
4 706 1063 (0 1984 358.857117 ) (0 2000 358.857117 ) (0 2000 0 ) (0 1984 0 ) 
4 706 1062 (0 2000 358.857117 ) (0 2048 358.857117 ) (0 2048 0 ) (0 2000 0 ) 
4 706 1065 (0 1856 0 ) (0 1856 358.857147 ) (0 1984 358.857117 ) (0 1984 0 ) 
4 706 1059 (0 1856 358.857147 ) (0 1856 1280 ) (0 2048 1280 ) (0 2048 358.857117 ) 
4 706 711 (0 1856 192 ) (0 1856 0 ) (64 1856 0 ) (64 1856 192 ) 
4 707 708 (1024 1856 -256 ) (832 1856 -256 ) (832 2048 -256 ) (1024 2048 -256 ) 
4 708 1100 (0 1856 -2944 ) (0 1856 -928 ) (0 2048 -928 ) (0 2048 -2944 ) 
4 708 1099 (0 1856 -928 ) (0 1856 -256 ) (0 2048 -256 ) (0 2048 -928 ) 
4 708 712 (0 1856 -384 ) (0 1856 -2944 ) (1024 1856 -2944 ) (1024 1856 -384 ) 
4 709 714 (384 1408 1408 ) (64 1408 1408 ) (64 1408 1280 ) (384 1408 1280 ) 
4 709 713 (1024 1408 1408 ) (1024 1408 7168 ) (64 1408 7168 ) (64 1408 1408 ) 
4 709 710 (64 1856 7168 ) (64 1856 1280 ) (64 1408 1280 ) (64 1408 7168 ) 
4 710 1080 (0 1408 1280 ) (0 1408 7168 ) (0 1856 7168 ) (0 1856 1280 ) 
4 710 714 (0 1408 1408 ) (0 1408 1280 ) (64 1408 1280 ) (64 1408 1408 ) 
4 710 713 (0 1408 7168 ) (0 1408 1408 ) (64 1408 1408 ) (64 1408 7168 ) 
4 711 1081 (0 1408 0 ) (0 1408 192 ) (0 1856 192 ) (0 1856 0 ) 
4 711 720 (0 1408 192 ) (0 1408 0 ) (64 1408 0 ) (64 1408 192 ) 
4 712 1101 (0 1408 -2944 ) (0 1408 -384 ) (0 1856 -384 ) (0 1856 -2944 ) 
4 712 727 (1024 1408 -2944 ) (1024 1408 -448 ) (0 1408 -448 ) (0 1408 -2944 ) 
4 712 726 (1024 1408 -448 ) (1024 1408 -384 ) (0 1408 -384 ) (0 1408 -448 ) 
4 713 1082 (0 1024 1408 ) (0 1024 7168 ) (0 1408 7168 ) (0 1408 1408 ) 
4 713 747 (1024 1024 1408 ) (1024 1024 7168 ) (384 1024 7168 ) (384 1024 1408 ) 
4 713 748 (384 1024 7168 ) (0 1024 7168 ) (0 1024 1408 ) (384 1024 1408 ) 
4 713 714 (0 1408 1408 ) (384 1408 1408 ) (384 1024 1408 ) (0 1024 1408 ) 
4 714 1082 (0 1024 1280 ) (0 1024 1408 ) (0 1408 1408 ) (0 1408 1280 ) 
4 714 748 (384 1024 1408 ) (0 1024 1408 ) (0 1024 1280 ) (384 1024 1280 ) 
4 714 716 (384 1024 1280 ) (0 1024 1280 ) (0 1408 1280 ) (384 1408 1280 ) 
4 715 749 (1024 1024 1024 ) (1024 1024 1280 ) (480 1024 1280 ) (480 1024 1024 ) 
4 715 717 (480 1408 1024 ) (1024 1408 1024 ) (1024 1024 1024 ) (480 1024 1024 ) 
4 716 1082 (0 1024 1024 ) (0 1024 1280 ) (0 1408 1280 ) (0 1408 1024 ) 
4 716 750 (384 1024 1280 ) (0 1024 1280 ) (0 1024 1024 ) (384 1024 1024 ) 
4 717 751 (1024 1024 768 ) (1024 1024 1024 ) (480 1024 1024 ) (288 1024 768 ) 
4 717 723 (768 1024 768 ) (288 1024 768 ) (288 1280 768 ) (768 1280 768 ) 
4 717 721 (960 1280 768 ) (960 1024 768 ) (768 1024 768 ) (768 1280 768 ) 
4 717 719 (288 1408 768 ) (960 1408 768 ) (960 1280 768 ) (288 1280 768 ) 
4 717 718 (960 1408 768 ) (1024 1408 768 ) (1024 1024 768 ) (960 1024 768 ) 
4 718 752 (1024 1024 384 ) (1024 1024 768 ) (960 1024 768 ) (960 1024 384 ) 
4 718 721 (960 1024 384 ) (960 1024 768 ) (960 1280 768 ) (960 1280 384 ) 
4 718 719 (960 1280 768 ) (960 1408 768 ) (960 1408 384 ) (960 1280 384 ) 
4 719 723 (768 1280 768 ) (256 1280 768 ) (256 1280 192 ) (768 1280 192 ) 
4 719 721 (960 1280 192 ) (960 1280 768 ) (768 1280 768 ) (768 1280 192 ) 
4 720 1089 (0 1408 16 ) (0 1408 0 ) (0 1280 0 ) (0 1280 16 ) 
4 720 1085 (0 1408 32 ) (0 1408 16 ) (0 1280 16 ) (0 1280 32 ) 
4 720 1083 (0 1280 768 ) (0 1408 768 ) (0 1408 32 ) (0 1280 32 ) 
4 720 723 (128 1280 0 ) (128 1280 768 ) (0 1280 768 ) (0 1280 0 ) 
4 721 753 (960 1024 768 ) (768 1024 768 ) (768 1024 -192 ) (960 1024 -192 ) 
4 721 724 (768 1280 0 ) (768 1280 -192 ) (768 1088 -192 ) (768 1088 0 ) 
4 721 725 (768 1088 -192 ) (768 1024 -192 ) (768 1024 0 ) (768 1088 0 ) 
4 721 723 (768 1280 768 ) (768 1280 0 ) (768 1024 0 ) (768 1024 768 ) 
4 721 722 (768 1024 -192 ) (768 1088 -192 ) (960 1088 -192 ) (960 1024 -192 ) 
4 722 753 (768 1024 -192 ) (768 1024 -224 ) (960 1024 -224 ) (960 1024 -192 ) 
3 722 725 (768 1024 -224 ) (768 1024 -192 ) (768 1088 -192 ) 
4 723 1093 (0 1024 0 ) (0 1024 16 ) (0 1044 16 ) (0 1044 0 ) 
4 723 1092 (0 1044 16 ) (0 1156 16 ) (0 1156 0 ) (0 1044 0 ) 
4 723 1090 (0 1156 16 ) (0 1280 16 ) (0 1280 0 ) (0 1156 0 ) 
4 723 1087 (0 1024 16 ) (0 1024 32 ) (0 1156 32 ) (0 1156 16 ) 
4 723 1085 (0 1156 32 ) (0 1280 32 ) (0 1280 16 ) (0 1156 16 ) 
4 723 1083 (0 1024 32 ) (0 1024 768 ) (0 1280 768 ) (0 1280 32 ) 
4 723 785 (128 1024 768 ) (0 1024 768 ) (0 1024 0 ) (128 1024 0 ) 
4 723 759 (256 1024 768 ) (128 1024 768 ) (128 1024 0 ) (256 1024 0 ) 
4 723 754 (768 1024 768 ) (256 1024 768 ) (256 1024 0 ) (768 1024 0 ) 
4 723 724 (320 1280 0 ) (768 1280 0 ) (768 1088 0 ) (320 1088 0 ) 
4 723 725 (768 1088 0 ) (768 1024 0 ) (128 1024 0 ) (128 1088 0 ) 
3 724 725 (768 1088 -192 ) (768 1088 0 ) (320 1088 0 ) 
4 725 759 (128 1024 -384 ) (256 1024 -384 ) (256 1024 0 ) (128 1024 0 ) 
4 725 758 (340.818085 1024 -384 ) (431.921204 1024 -384 ) (431.921204 1024 -40 ) (340.818085 1024 -40 ) 
4 725 756 (256 1024 -384 ) (340.818085 1024 -384 ) (340.818085 1024 -40 ) (256 1024 -40 ) 
4 725 755 (431.921204 1024 -384 ) (768 1024 -384 ) (768 1024 -40 ) (431.921204 1024 -40 ) 
4 725 754 (768 1024 -40 ) (768 1024 0 ) (256 1024 0 ) (256 1024 -40 ) 
4 726 1102 (0 1280 -384 ) (0 1408 -384 ) (0 1408 -448 ) (0 1280 -448 ) 
4 726 727 (0 1408 -448 ) (1024 1408 -448 ) (1024 1280 -448 ) (0 1280 -448 ) 
4 727 1102 (0 1024 -2944 ) (0 1024 -448 ) (0 1408 -448 ) (0 1408 -2944 ) 
4 727 788 (1024 1024 -2944 ) (1024 1024 -448 ) (0 1024 -448 ) (0 1024 -2944 ) 
4 728 735 (1792 1024 384 ) (2048 1024 384 ) (2048 704 384 ) (1792 704 384 ) 
4 728 732 (1792 704 384 ) (2048 704 384 ) (2048 704 704 ) (1792 704 704 ) 
4 728 731 (2048 704 704 ) (2048 704 768 ) (1792 704 768 ) (1792 704 704 ) 
4 728 730 (2048 704 768 ) (2048 704 7168 ) (1792 704 7168 ) (1792 704 768 ) 
4 728 729 (1792 704 768 ) (1792 704 7168 ) (1792 1024 7168 ) (1792 1024 768 ) 
4 729 738 (1408 1024 7168 ) (1408 1024 1280 ) (1408 704 1280 ) (1408 704 7168 ) 
4 729 730 (1408 704 7168 ) (1408 704 768 ) (1792 704 768 ) (1792 704 7168 ) 
4 730 2008 (2048 0 768 ) (2048 0 1280 ) (1408 0 1280 ) (1408 0 768 ) 
4 730 2006 (2048 0 1280 ) (2048 0 7168 ) (1408 0 7168 ) (1408 0 1280 ) 
4 730 738 (1408 0 1280 ) (1408 0 7168 ) (1408 704 7168 ) (1408 704 1280 ) 
4 730 731 (1792 704 768 ) (2048 704 768 ) (2048 0 768 ) (1792 0 768 ) 
4 731 2015 (2048 0 704 ) (2048 0 768 ) (1792 0 768 ) (1792 0 704 ) 
4 731 732 (2048 0 704 ) (1792 0 704 ) (1792 704 704 ) (2048 704 704 ) 
4 732 2015 (2048 0 384 ) (2048 0 704 ) (1792 0 704 ) (1792 0 384 ) 
4 732 736 (2048 0 384 ) (1792 0 384 ) (1792 704 384 ) (2048 704 384 ) 
4 733 2016 (1776 0 704 ) (1424 0 704 ) (1424 0 384 ) (1776 0 384 ) 
4 733 734 (1424 596 656 ) (1424 596 448 ) (1424 44 448 ) (1424 44 656 ) 
4 734 743 (1408 596 656 ) (1408 596 448 ) (1408 44 448 ) (1408 44 656 ) 
4 735 737 (1792 1024 -384 ) (2048 1024 -384 ) (2048 704 -384 ) (1792 704 -384 ) 
4 735 736 (1792 704 -384 ) (2048 704 -384 ) (2048 704 384 ) (1792 704 384 ) 
4 736 2017 (2048 0 -384 ) (2048 0 384 ) (1792 0 384 ) (1792 0 -384 ) 
4 736 737 (1792 704 -384 ) (2048 704 -384 ) (2048 0 -384 ) (1792 0 -384 ) 
4 737 2018 (2048 0 -2944 ) (2048 0 -384 ) (1408 0 -384 ) (1408 0 -2944 ) 
4 737 745 (1408 0 -2944 ) (1408 0 -384 ) (1408 1024 -384 ) (1408 1024 -2944 ) 
4 738 2024 (1408 0 1280 ) (1408 0 1408 ) (1152 0 1408 ) (1152 0 1280 ) 
4 738 2023 (1408 0 1408 ) (1408 0 7168 ) (1152 0 7168 ) (1152 0 1408 ) 
4 738 739 (1152 0 1408 ) (1152 0 7168 ) (1152 1024 7168 ) (1152 1024 1408 ) 
4 739 2023 (1152 0 7168 ) (1024 0 7168 ) (1024 0 1408 ) (1152 0 1408 ) 
4 739 747 (1024 1024 7168 ) (1024 1024 1408 ) (1024 0 1408 ) (1024 0 7168 ) 
3 740 2025 (1024 0 1066.666626 ) (1024 0 768 ) (1248 0 768 ) 
4 740 751 (1024 1024 1024 ) (1024 1024 768 ) (1024 0 768 ) (1024 0 1024 ) 
4 740 749 (1024 1024 1066.666626 ) (1024 1024 1024 ) (1024 0 1024 ) (1024 0 1066.666626 ) 
4 740 744 (1024 0 768 ) (1024 1024 768 ) (1248 1024 768 ) (1248 0 768 ) 
4 740 741 (1056 1024 1024 ) (1024 1024 1066.666748 ) (1024 0 1066.666748 ) (1056 0 1024 ) 
4 741 2026 (1056 0 1280 ) (1024 0 1280 ) (1024 0 1066.666626 ) (1056 0 1024 ) 
4 741 749 (1024 1024 1280 ) (1024 1024 1066.666626 ) (1024 0 1066.666626 ) (1024 0 1280 ) 
4 742 744 (1280 1024 384 ) (1280 832 384 ) (1280 832 768 ) (1280 1024 768 ) 
4 743 2027 (1408 0 384 ) (1408 0 768 ) (1280 0 768 ) (1280 0 384 ) 
4 743 744 (1280 704 384 ) (1280 0 384 ) (1280 0 768 ) (1280 704 768 ) 
4 744 2027 (1280 0 768 ) (1024 0 768 ) (1024 0 384 ) (1280 0 384 ) 
4 744 752 (1024 1024 768 ) (1024 1024 384 ) (1024 0 384 ) (1024 0 768 ) 
4 745 2035 (1408 0 -2944 ) (1408 0 -448 ) (1216 0 -448 ) (1216 0 -2944 ) 
4 745 2034 (1408 0 -448 ) (1408 0 -384 ) (1216 0 -384 ) (1216 0 -448 ) 
4 745 746 (1216 1024 -2944 ) (1216 0 -2944 ) (1216 0 -448 ) (1216 1024 -448 ) 
4 746 2035 (1024 0 -448 ) (1024 0 -2944 ) (1216 0 -2944 ) (1216 0 -448 ) 
4 746 788 (1024 1024 -448 ) (1024 1024 -2944 ) (1024 0 -2944 ) (1024 0 -448 ) 
4 747 2037 (1024 0 1408 ) (1024 0 7168 ) (384 0 7168 ) (384 0 1408 ) 
4 747 748 (384 0 1408 ) (384 0 7168 ) (384 1024 7168 ) (384 1024 1408 ) 
4 748 2064 (128 0 7168 ) (0 0 7168 ) (0 0 1280 ) (128 0 1280 ) 
4 748 2038 (128 0 1408 ) (128 0 1280 ) (384 0 1280 ) (384 0 1408 ) 
4 748 2037 (384 0 7168 ) (128 0 7168 ) (128 0 1408 ) (384 0 1408 ) 
4 748 1126 (0 0 1280 ) (0 0 7168 ) (0 1024 7168 ) (0 1024 1280 ) 
4 748 750 (384 0 1280 ) (0 0 1280 ) (0 1024 1280 ) (384 1024 1280 ) 
4 749 2039 (1024 0 1024 ) (1024 0 1280 ) (480 0 1280 ) (480 0 1024 ) 
4 749 751 (1024 0 1024 ) (480 0 1024 ) (480 1024 1024 ) (1024 1024 1024 ) 
4 750 2064 (128 0 1280 ) (0 0 1280 ) (0 0 1024 ) (128 0 1024 ) 
4 750 2040 (384 0 1280 ) (128 0 1280 ) (128 0 1024 ) (384 0 1024 ) 
4 750 1126 (0 0 1024 ) (0 0 1280 ) (0 1024 1280 ) (0 1024 1024 ) 
4 751 2041 (1024 0 768 ) (1024 0 1024 ) (480 0 1024 ) (288 0 768 ) 
4 751 780 (600 0 768 ) (288 0 768 ) (288 304 768 ) (600 304 768 ) 
4 751 778 (600 40 768 ) (600 112 768 ) (656 112 768 ) (656 40 768 ) 
4 751 777 (600 112 768 ) (600 304 768 ) (656 304 768 ) (656 112 768 ) 
4 751 779 (656 0 768 ) (600 0 768 ) (600 40 768 ) (656 40 768 ) 
4 751 776 (960 0 768 ) (656 0 768 ) (656 304 768 ) (960 304 768 ) 
4 751 774 (288 304 768 ) (288 376 768 ) (336 376 768 ) (336 304 768 ) 
4 751 773 (288 376 768 ) (288 432 768 ) (336 432 768 ) (336 376 768 ) 
4 751 770 (696 432 768 ) (784 432 768 ) (784 344 768 ) (696 344 768 ) 
4 751 771 (784 344 768 ) (784 304 768 ) (696 304 768 ) (696 344 768 ) 
4 751 769 (784 432 768 ) (960 432 768 ) (960 304 768 ) (784 304 768 ) 
4 751 772 (336 432 768 ) (696 432 768 ) (696 304 768 ) (336 304 768 ) 
4 751 766 (456 600 768 ) (456 528 768 ) (400 528 768 ) (400 600 768 ) 
4 751 765 (400 704 768 ) (456 704 768 ) (456 600 768 ) (400 600 768 ) 
4 751 767 (456 528 768 ) (456 432 768 ) (400 432 768 ) (400 528 768 ) 
4 751 768 (288 432 768 ) (288 704 768 ) (400 704 768 ) (400 432 768 ) 
4 751 760 (456 704 768 ) (768 704 768 ) (768 432 768 ) (456 432 768 ) 
4 751 754 (288 704 768 ) (288 1024 768 ) (768 1024 768 ) (768 704 768 ) 
4 751 753 (768 1024 768 ) (960 1024 768 ) (960 432 768 ) (768 432 768 ) 
4 751 752 (1024 0 768 ) (960 0 768 ) (960 1024 768 ) (1024 1024 768 ) 
4 752 2042 (1024 0 384 ) (1024 0 768 ) (960 0 768 ) (960 0 384 ) 
4 752 776 (960 0 384 ) (960 0 768 ) (960 304 768 ) (960 304 384 ) 
4 752 769 (960 304 768 ) (960 432 768 ) (960 432 384 ) (960 304 384 ) 
4 752 753 (960 432 768 ) (960 1024 768 ) (960 1024 384 ) (960 432 384 ) 
4 753 770 (784 432 32 ) (784 432 768 ) (768 432 768 ) (768 432 32 ) 
4 753 769 (784 432 -384 ) (960 432 -384 ) (960 432 768 ) (784 432 768 ) 
4 753 761 (768 704 -384 ) (768 432 -384 ) (768 432 -8 ) (768 704 -8 ) 
4 753 760 (768 432 -8 ) (768 432 768 ) (768 704 768 ) (768 704 -8 ) 
4 753 755 (768 704 -384 ) (768 704 -40 ) (768 1024 -40 ) (768 1024 -224 ) 
4 753 754 (768 704 -40 ) (768 704 768 ) (768 1024 768 ) (768 1024 -40 ) 
4 754 765 (456 704 768 ) (400 704 768 ) (400 704 -40 ) (456 704 -40 ) 
4 754 768 (400 704 768 ) (256 704 768 ) (256 704 -40 ) (400 704 -40 ) 
4 754 764 (740.254822 704 -8 ) (638.641479 704 -8 ) (638.641479 704 -40 ) (740.254883 704 -40 ) 
4 754 762 (638.641479 704 -8 ) (456 704 -8 ) (456 704 -40 ) (638.641479 704 -40 ) 
4 754 761 (768 704 -40 ) (768 704 -8 ) (740.254822 704 -8 ) (740.254883 704 -40 ) 
4 754 760 (768 704 -8 ) (768 704 768 ) (456 704 768 ) (456 704 -8 ) 
4 754 759 (256 832 768 ) (256 1024 768 ) (256 1024 -40 ) (256 832 -40 ) 
4 754 758 (396.222992 817.223999 -40 ) (340.818085 1024 -40 ) (431.921204 1024 -40 ) (481.223999 840 -40 ) 
4 754 757 (517.665222 704 -40 ) (426.560974 704 -40 ) (418.998993 732.221985 -40 ) (504 755 -40 ) 
4 754 756 (426.560974 704 -40 ) (256 704 -40 ) (256 1024 -40 ) (340.818085 1024 -40 ) 
4 754 755 (768 704 -40 ) (517.665222 704 -40 ) (431.921204 1024 -40 ) (768 1024 -40 ) 
4 755 764 (638.641479 704 -384 ) (740.254883 704 -384 ) (740.254883 704 -40 ) (638.641418 704 -40 ) 
4 755 762 (517.665161 704 -384 ) (638.641479 704 -384 ) (638.641418 704 -40 ) (517.665222 704 -40 ) 
4 755 761 (740.254883 704 -384 ) (768 704 -384 ) (768 704 -40 ) (740.254883 704 -40 ) 
4 755 758 (481.223022 840 -40 ) (431.920288 1024 -40 ) (431.920288 1024 -384 ) (481.223022 840 -384 ) 
4 755 757 (517.664063 704 -384 ) (517.664063 704 -40 ) (503.998993 754.998779 -40 ) (503.998993 754.998779 -384 ) 
4 756 765 (400 704 -384 ) (426.560974 704 -384 ) (426.560974 704 -40 ) (400 704 -40 ) 
4 756 768 (256 704 -384 ) (400 704 -384 ) (400 704 -40 ) (256 704 -40 ) 
4 756 759 (256 1024 -384 ) (256 832 -384 ) (256 832 -40 ) (256 1024 -40 ) 
4 756 758 (340.818695 1024 -40 ) (396.223572 817.224182 -40 ) (396.223572 817.224182 -384 ) (340.818695 1024 -384 ) 
4 756 757 (419 732.222107 -40 ) (426.561615 704 -40 ) (426.561615 704 -384 ) (419 732.222107 -384 ) 
4 757 765 (426.560974 704 -384 ) (456 704 -384 ) (456 704 -40 ) (426.560974 704 -40 ) 
4 757 762 (456 704 -384 ) (517.665161 704 -384 ) (517.665222 704 -40 ) (456 704 -40 ) 
4 759 785 (128 832 0 ) (128 832 768 ) (128 1024 768 ) (128 1024 0 ) 
4 760 770 (768 432 32 ) (768 432 768 ) (696 432 768 ) (696 432 32 ) 
4 760 772 (696 432 768 ) (456 432 768 ) (456 432 -8 ) (696 432 -8 ) 
4 760 766 (456 528 544 ) (456 528 768 ) (456 600 768 ) (456 600 544 ) 
4 760 765 (456 704 768 ) (456 704 -8 ) (456 600 -8 ) (456 600 768 ) 
4 760 767 (456 528 -8 ) (456 432 -8 ) (456 432 768 ) (456 528 768 ) 
4 760 764 (638.641479 704 -8 ) (740.254883 704 -8 ) (664.104980 572.104980 -8 ) (587.895081 616.104980 -8 ) 
4 760 763 (620.104980 495.895020 -8 ) (583.215088 432 -8 ) (481.601624 432 -8 ) (543.895081 539.895020 -8 ) 
4 760 762 (456 432 -8 ) (456 704 -8 ) (638.641479 704 -8 ) (481.601624 432 -8 ) 
4 760 761 (740.254883 704 -8 ) (768 704 -8 ) (768 432 -8 ) (583.215088 432 -8 ) 
4 761 772 (583.215088 432 -384 ) (696 432 -384 ) (696 432 -8 ) (583.215088 432 -8 ) 
4 761 764 (664.107300 572.103638 -8 ) (740.257935 704 -8 ) (740.257935 704 -384 ) (664.107300 572.103638 -384 ) 
4 761 763 (583.218140 432 -384 ) (583.218140 432 -8 ) (620.107300 495.893646 -8 ) (620.107300 495.893646 -384 ) 
4 762 772 (456 432 -384 ) (481.601593 432 -384 ) (481.601624 432 -8 ) (456 432 -8 ) 
4 762 765 (456 704 -8 ) (456 704 -384 ) (456 600 -384 ) (456 600 -8 ) 
4 762 767 (456 528 -384 ) (456 432 -384 ) (456 432 -8 ) (456 528 -8 ) 
4 762 764 (638.642578 704 -384 ) (638.642578 704 -8 ) (587.895691 616.104614 -8 ) (587.895691 616.104553 -384 ) 
4 762 763 (543.895569 539.894714 -8 ) (481.602051 432 -8 ) (481.602051 432 -384 ) (543.895569 539.894714 -384 ) 
4 763 772 (481.601593 432 -384 ) (583.215088 432 -384 ) (583.215088 432 -8 ) (481.601624 432 -8 ) 
4 765 766 (400 600 768 ) (400 600 544 ) (456 600 544 ) (456 600 768 ) 
4 765 768 (400 704 768 ) (400 704 -384 ) (400 600 -384 ) (400 600 768 ) 
4 766 768 (400 528 544 ) (400 528 768 ) (400 600 768 ) (400 600 544 ) 
4 766 767 (400 528 768 ) (400 528 544 ) (456 528 544 ) (456 528 768 ) 
4 767 772 (400 432 -384 ) (456 432 -384 ) (456 432 768 ) (400 432 768 ) 
4 767 768 (400 528 -384 ) (400 432 -384 ) (400 432 768 ) (400 528 768 ) 
4 768 786 (128 432 0 ) (128 432 768 ) (128 640 768 ) (128 640 0 ) 
4 768 787 (128 640 -384 ) (128 432 -384 ) (128 432 -192 ) (128 640 -192 ) 
4 768 785 (128 640 0 ) (128 640 768 ) (128 704 768 ) (128 704 0 ) 
4 768 773 (280 432 -384 ) (336 432 -384 ) (336 432 768 ) (280 432 768 ) 
4 768 775 (128 432 768 ) (128 432 -384 ) (280 432 -384 ) (280 432 768 ) 
4 768 772 (336 432 -384 ) (400 432 -384 ) (400 432 768 ) (336 432 768 ) 
4 769 776 (784 304 -384 ) (960 304 -384 ) (960 304 768 ) (784 304 768 ) 
4 769 770 (784 432 768 ) (784 432 32 ) (784 344 32 ) (784 344 768 ) 
4 769 771 (784 344 -384 ) (784 304 -384 ) (784 304 768 ) (784 344 768 ) 
4 770 771 (696 344 768 ) (696 344 32 ) (784 344 32 ) (784 344 768 ) 
4 770 772 (696 432 768 ) (696 432 32 ) (696 344 32 ) (696 344 768 ) 
4 771 776 (696 304 -384 ) (784 304 -384 ) (784 304 768 ) (696 304 768 ) 
4 771 772 (696 344 -384 ) (696 304 -384 ) (696 304 768 ) (696 344 768 ) 
4 772 783 (336 304 -384 ) (388.153564 304 -384 ) (388.153564 304 112 ) (336 304 112 ) 
4 772 782 (388.153564 304 -384 ) (600 304 -384 ) (600 304 112 ) (388.153564 304 112 ) 
4 772 780 (600 304 112 ) (600 304 768 ) (336 304 768 ) (336 304 112 ) 
4 772 777 (600 304 -384 ) (656 304 -384 ) (656 304 768 ) (600 304 768 ) 
4 772 776 (656 304 -384 ) (696 304 -384 ) (696 304 768 ) (656 304 768 ) 
4 772 774 (336 304 248 ) (336 304 768 ) (336 376 768 ) (336 376 248 ) 
4 772 773 (336 432 768 ) (336 432 -384 ) (336 376 -384 ) (336 376 768 ) 
4 773 774 (280 376 768 ) (280 376 248 ) (336 376 248 ) (336 376 768 ) 
4 773 775 (280 432 768 ) (280 432 -384 ) (280 376 -384 ) (280 376 768 ) 
4 774 780 (336 304 248 ) (336 304 768 ) (280 304 768 ) (280 304 248 ) 
4 774 775 (280 304 248 ) (280 304 768 ) (280 376 768 ) (280 376 248 ) 
4 775 786 (128 304 0 ) (128 304 768 ) (128 432 768 ) (128 432 0 ) 
4 775 787 (128 432 -384 ) (128 304 -384 ) (128 304 -192 ) (128 432 -192 ) 
4 775 783 (132.148788 304 -384 ) (280 304 -384 ) (280 304 112 ) (132.148788 304 112 ) 
4 775 781 (128 304 112 ) (128 304 -384 ) (132.148788 304 -384 ) (132.148788 304 112 ) 
4 775 780 (128 304 768 ) (128 304 112 ) (280 304 112 ) (280 304 768 ) 
4 776 2048 (696 0 768 ) (656 0 768 ) (656 0 -384 ) (696 0 -384 ) 
4 776 2047 (848 0 768 ) (696 0 768 ) (696 0 -384 ) (848 0 -384 ) 
4 776 2045 (944 0 768 ) (848 0 768 ) (848 0 -384 ) (944 0 -384 ) 
4 776 2044 (960 0 768 ) (944 0 768 ) (944 0 -384 ) (960 0 -384 ) 
4 776 778 (656 40 392 ) (656 40 768 ) (656 112 768 ) (656 112 392 ) 
4 776 777 (656 304 768 ) (656 304 -384 ) (656 112 -384 ) (656 112 768 ) 
4 776 779 (656 40 -384 ) (656 0 -384 ) (656 0 768 ) (656 40 768 ) 
4 777 784 (600 181.691498 -384 ) (600 112 -384 ) (600 112 112 ) (600 181.691498 112 ) 
4 777 782 (600 304 112 ) (600 304 -384 ) (600 181.691498 -384 ) (600 181.691498 112 ) 
4 777 780 (600 304 768 ) (600 304 112 ) (600 112 112 ) (600 112 768 ) 
4 777 778 (600 112 768 ) (600 112 392 ) (656 112 392 ) (656 112 768 ) 
4 778 780 (600 40 392 ) (600 40 768 ) (600 112 768 ) (600 112 392 ) 
4 778 779 (600 40 768 ) (600 40 392 ) (656 40 392 ) (656 40 768 ) 
4 779 2048 (656 0 768 ) (600 0 768 ) (600 0 -384 ) (656 0 -384 ) 
4 779 784 (600 40 -384 ) (600 33.890274 -384 ) (600 33.890274 112 ) (600 40 112 ) 
4 779 781 (600 33.890274 -384 ) (600 0 -384 ) (600 0 112 ) (600 33.890274 112 ) 
4 779 780 (600 0 112 ) (600 0 768 ) (600 40 768 ) (600 40 112 ) 
4 780 2062 (256 0 768 ) (128 0 768 ) (128 0 112 ) (256 0 112 ) 
4 780 2048 (600 0 768 ) (576 0 768 ) (576 0 112 ) (600 0 112 ) 
4 780 2051 (576 0 768 ) (256 0 768 ) (256 0 112 ) (576 0 112 ) 
4 780 786 (128 0 112 ) (128 0 768 ) (128 304 768 ) (128 304 112 ) 
4 780 784 (551.962036 209.425995 112 ) (600 181.691498 112 ) (600 33.890259 112 ) (487.962036 98.574387 112 ) 
4 780 783 (132.148788 304 112 ) (388.153564 304 112 ) (448.037994 269.426025 112 ) (384.037994 158.574005 112 ) 
3 780 782 (388.153564 304 112 ) (600 304 112 ) (600 181.691498 112 ) 
5 780 781 (128 0 112 ) (128 304 112 ) (132.148788 304 112 ) (600 33.890259 112 ) (600 0 112 ) 
4 781 2062 (128 0 112 ) (128 0 -384 ) (256 0 -384 ) (256 0 112 ) 
4 781 2048 (576 0 -384 ) (600 0 -384 ) (600 0 112 ) (576 0 112 ) 
4 781 2051 (256 0 -384 ) (576 0 -384 ) (576 0 112 ) (256 0 112 ) 
4 781 786 (128 0 0 ) (128 0 112 ) (128 304 112 ) (128 304 0 ) 
4 781 787 (128 304 -384 ) (128 0 -384 ) (128 0 -192 ) (128 304 -192 ) 
4 781 784 (487.962128 98.574562 112 ) (600 33.890625 112 ) (600 33.890640 -384 ) (487.962128 98.574570 -384 ) 
4 781 783 (132.148468 304 -384 ) (132.148438 304 112 ) (384.038025 158.574097 112 ) (384.038025 158.574097 -384 ) 
4 782 784 (600 181.691406 -384 ) (600 181.691406 112 ) (551.961975 209.425934 112 ) (551.961975 209.425934 -384 ) 
4 782 783 (448.037964 269.425964 112 ) (388.153412 304 112 ) (388.153442 304 -384 ) (448.037964 269.425964 -384 ) 
4 785 1129 (0 640 768 ) (0 964 768 ) (0 964 0 ) (0 640 0 ) 
4 785 1128 (0 1024 16 ) (0 1024 0 ) (0 964 0 ) (0 964 16 ) 
4 785 1127 (0 964 768 ) (0 1024 768 ) (0 1024 16 ) (0 964 16 ) 
4 785 786 (128 640 0 ) (128 640 768 ) (0 640 768 ) (0 640 0 ) 
4 786 2065 (128 0 768 ) (0 0 768 ) (0 0 0 ) (128 0 0 ) 
4 786 1129 (0 0 0 ) (0 0 768 ) (0 640 768 ) (0 640 0 ) 
4 788 2068 (1024 0 -2944 ) (1024 0 -1152 ) (0 0 -1152 ) (0 0 -2944 ) 
4 788 2067 (1024 0 -1152 ) (1024 0 -448 ) (0 0 -448 ) (0 0 -1152 ) 
4 788 1141 (0 0 -2944 ) (0 0 -448 ) (0 1024 -448 ) (0 1024 -2944 ) 
4 789 791 (0 8192 -2944 ) (0 8192 7168 ) (-1024 8192 7168 ) (-1024 8192 -2944 ) 
4 789 790 (-1024 8192 -2944 ) (-1024 8192 7168 ) (-1024 8992 7168 ) (-1024 8992 -2944 ) 
4 790 793 (-2048 8192 -2944 ) (-2048 8192 7168 ) (-2048 8992 7168 ) (-2048 8992 -2944 ) 
4 790 792 (-1024 8192 -2944 ) (-1024 8192 7168 ) (-2048 8192 7168 ) (-2048 8192 -2944 ) 
4 791 797 (0 7168 -2944 ) (0 7168 7168 ) (-1024 7168 7168 ) (-1024 7168 -2944 ) 
4 791 792 (-1024 8192 7168 ) (-1024 8192 -2944 ) (-1024 7168 -2944 ) (-1024 7168 7168 ) 
4 792 798 (-1024 7168 -2944 ) (-1024 7168 7168 ) (-2048 7168 7168 ) (-2048 7168 -2944 ) 
4 792 795 (-2048 7168 -2944 ) (-2048 7168 7168 ) (-2048 8192 7168 ) (-2048 8192 -2944 ) 
4 793 795 (-2048 8192 -2944 ) (-2048 8192 7168 ) (-3072 8192 7168 ) (-3072 8192 -2944 ) 
4 793 794 (-3072 8192 -2944 ) (-3072 8192 7168 ) (-3072 8992 7168 ) (-3072 8992 -2944 ) 
4 794 805 (-4096 8192 -2944 ) (-4096 8192 7168 ) (-4096 8992 7168 ) (-4096 8992 -2944 ) 
4 794 796 (-3072 8192 -2944 ) (-3072 8192 7168 ) (-4096 8192 7168 ) (-4096 8192 -2944 ) 
4 795 801 (-2048 7168 -2944 ) (-2048 7168 7168 ) (-3072 7168 7168 ) (-3072 7168 -2944 ) 
4 795 796 (-3072 8192 7168 ) (-3072 8192 -2944 ) (-3072 7168 -2944 ) (-3072 7168 7168 ) 
4 796 807 (-4096 7168 -2944 ) (-4096 7168 7168 ) (-4096 8192 7168 ) (-4096 8192 -2944 ) 
4 796 802 (-3072 7168 -2944 ) (-3072 7168 7168 ) (-4096 7168 7168 ) (-4096 7168 -2944 ) 
4 797 799 (0 6144 -2944 ) (0 6144 7168 ) (-1024 6144 7168 ) (-1024 6144 -2944 ) 
4 797 798 (-1024 7168 7168 ) (-1024 7168 -2944 ) (-1024 6144 -2944 ) (-1024 6144 7168 ) 
4 798 801 (-2048 7168 7168 ) (-2048 7168 -2944 ) (-2048 6144 -2944 ) (-2048 6144 7168 ) 
4 798 800 (-1024 6144 -2944 ) (-1024 6144 7168 ) (-2048 6144 7168 ) (-2048 6144 -2944 ) 
4 799 823 (0 5120 -2944 ) (0 5120 -960 ) (-1024 5120 -960 ) (-1024 5120 -2944 ) 
4 799 821 (0 5120 -960 ) (0 5120 7168 ) (-1024 5120 7168 ) (-1024 5120 -960 ) 
4 799 800 (-1024 6144 7168 ) (-1024 6144 -2944 ) (-1024 5120 -2944 ) (-1024 5120 7168 ) 
4 800 829 (-1024 5120 -2944 ) (-1024 5120 -960 ) (-2048 5120 -960 ) (-2048 5120 -2944 ) 
4 800 827 (-1920 5120 -960 ) (-1216 5120 -960 ) (-1216 5120 1216 ) (-1920 5120 1216 ) 
4 800 828 (-2048 5120 1216 ) (-2048 5120 -960 ) (-1920 5120 -960 ) (-1920 5120 1216 ) 
4 800 826 (-1216 5120 7168 ) (-2048 5120 7168 ) (-2048 5120 1216 ) (-1216 5120 1216 ) 
4 800 825 (-1024 5120 -960 ) (-1024 5120 1344 ) (-1216 5120 1344 ) (-1216 5120 -960 ) 
4 800 824 (-1024 5120 1344 ) (-1024 5120 7168 ) (-1216 5120 7168 ) (-1216 5120 1344 ) 
4 800 803 (-2048 5120 -2944 ) (-2048 5120 7168 ) (-2048 6144 7168 ) (-2048 6144 -2944 ) 
4 801 803 (-2048 6144 -2944 ) (-2048 6144 7168 ) (-3072 6144 7168 ) (-3072 6144 -2944 ) 
4 801 802 (-3072 7168 7168 ) (-3072 7168 -2944 ) (-3072 6144 -2944 ) (-3072 6144 7168 ) 
4 802 813 (-4096 6144 -2944 ) (-4096 6144 7168 ) (-4096 7168 7168 ) (-4096 7168 -2944 ) 
4 802 804 (-3072 6144 -2944 ) (-3072 6144 7168 ) (-4096 6144 7168 ) (-4096 6144 -2944 ) 
4 803 889 (-2048 5120 -2944 ) (-2048 5120 7168 ) (-3072 5120 7168 ) (-3072 5120 -2944 ) 
4 803 804 (-3072 6144 7168 ) (-3072 6144 -2944 ) (-3072 5120 -2944 ) (-3072 5120 7168 ) 
4 804 890 (-3072 5120 -2944 ) (-3072 5120 7168 ) (-4096 5120 7168 ) (-4096 5120 -2944 ) 
4 804 815 (-4096 5120 -2944 ) (-4096 5120 7168 ) (-4096 6144 7168 ) (-4096 6144 -2944 ) 
4 805 807 (-4096 8192 -2944 ) (-4096 8192 7168 ) (-5120 8192 7168 ) (-5120 8192 -2944 ) 
4 805 806 (-5120 8192 -2944 ) (-5120 8192 7168 ) (-5120 8992 7168 ) (-5120 8992 -2944 ) 
4 806 809 (-6144 8192 -2944 ) (-6144 8192 7168 ) (-6144 8992 7168 ) (-6144 8992 -2944 ) 
4 806 808 (-5120 8192 -2944 ) (-5120 8192 7168 ) (-6144 8192 7168 ) (-6144 8192 -2944 ) 
4 807 813 (-4096 7168 -2944 ) (-4096 7168 7168 ) (-5120 7168 7168 ) (-5120 7168 -2944 ) 
4 807 808 (-5120 8192 7168 ) (-5120 8192 -2944 ) (-5120 7168 -2944 ) (-5120 7168 7168 ) 
4 808 814 (-5120 7168 -2944 ) (-5120 7168 7168 ) (-6144 7168 7168 ) (-6144 7168 -2944 ) 
4 808 811 (-6144 7168 -2944 ) (-6144 7168 7168 ) (-6144 8192 7168 ) (-6144 8192 -2944 ) 
4 809 811 (-6144 8192 -2944 ) (-6144 8192 7168 ) (-7168 8192 7168 ) (-7168 8192 -2944 ) 
4 809 810 (-7168 8192 -2944 ) (-7168 8192 7168 ) (-7168 8992 7168 ) (-7168 8992 -2944 ) 
4 810 1612 (-8192 8192 -2944 ) (-8192 8192 7168 ) (-8192 8992 7168 ) (-8192 8992 -2944 ) 
4 810 812 (-7168 8192 -2944 ) (-7168 8192 7168 ) (-8192 8192 7168 ) (-8192 8192 -2944 ) 
4 811 817 (-6144 7168 -2944 ) (-6144 7168 7168 ) (-7168 7168 7168 ) (-7168 7168 -2944 ) 
4 811 812 (-7168 8192 7168 ) (-7168 8192 -2944 ) (-7168 7168 -2944 ) (-7168 7168 7168 ) 
4 812 1613 (-8192 7168 -2944 ) (-8192 7168 7168 ) (-8192 8192 7168 ) (-8192 8192 -2944 ) 
4 812 818 (-7168 7168 -2944 ) (-7168 7168 7168 ) (-8192 7168 7168 ) (-8192 7168 -2944 ) 
4 813 815 (-4096 6144 -2944 ) (-4096 6144 7168 ) (-5120 6144 7168 ) (-5120 6144 -2944 ) 
4 813 814 (-5120 7168 7168 ) (-5120 7168 -2944 ) (-5120 6144 -2944 ) (-5120 6144 7168 ) 
4 814 817 (-6144 7168 7168 ) (-6144 7168 -2944 ) (-6144 6144 -2944 ) (-6144 6144 7168 ) 
4 814 816 (-5120 6144 -2944 ) (-5120 6144 7168 ) (-6144 6144 7168 ) (-6144 6144 -2944 ) 
4 815 1243 (-4096 5120 -2944 ) (-4096 5120 7168 ) (-5120 5120 7168 ) (-5120 5120 -2944 ) 
4 815 816 (-5120 6144 7168 ) (-5120 6144 -2944 ) (-5120 5120 -2944 ) (-5120 5120 7168 ) 
4 816 1244 (-5120 5120 -2944 ) (-5120 5120 7168 ) (-6144 5120 7168 ) (-6144 5120 -2944 ) 
4 816 819 (-6144 5120 -2944 ) (-6144 5120 7168 ) (-6144 6144 7168 ) (-6144 6144 -2944 ) 
4 817 819 (-6144 6144 -2944 ) (-6144 6144 7168 ) (-7168 6144 7168 ) (-7168 6144 -2944 ) 
4 817 818 (-7168 7168 7168 ) (-7168 7168 -2944 ) (-7168 6144 -2944 ) (-7168 6144 7168 ) 
4 818 1614 (-8192 6144 -2944 ) (-8192 6144 7168 ) (-8192 7168 7168 ) (-8192 7168 -2944 ) 
4 818 820 (-7168 6144 -2944 ) (-7168 6144 7168 ) (-8192 6144 7168 ) (-8192 6144 -2944 ) 
4 819 1247 (-6144 5120 -2944 ) (-6144 5120 7168 ) (-7168 5120 7168 ) (-7168 5120 -2944 ) 
4 819 820 (-7168 6144 7168 ) (-7168 6144 -2944 ) (-7168 5120 -2944 ) (-7168 5120 7168 ) 
4 820 1615 (-8192 5120 -2944 ) (-8192 5120 7168 ) (-8192 6144 7168 ) (-8192 6144 -2944 ) 
4 820 1248 (-7168 5120 -2944 ) (-7168 5120 7168 ) (-8192 5120 7168 ) (-8192 5120 -2944 ) 
4 821 825 (-1024 5120 1344 ) (-1024 5120 -960 ) (-1024 4416 -960 ) (-1024 4416 1344 ) 
4 821 824 (-1024 5120 7168 ) (-1024 5120 1344 ) (-1024 4416 1344 ) (-1024 4416 7168 ) 
4 821 823 (-1024 4416 -960 ) (-1024 5120 -960 ) (0 5120 -960 ) (0 4416 -960 ) 
4 821 822 (0 4416 1344 ) (0 4416 7168 ) (-1024 4416 7168 ) (-1024 4416 1344 ) 
4 822 830 (0 4096 1344 ) (0 4096 7168 ) (-1024 4096 7168 ) (-1024 4096 1344 ) 
4 822 824 (-1024 4096 1344 ) (-1024 4096 7168 ) (-1024 4416 7168 ) (-1024 4416 1344 ) 
4 823 839 (0 4096 -2944 ) (0 4096 -1024 ) (-1024 4096 -1024 ) (-1024 4096 -2944 ) 
4 823 838 (0 4096 -1024 ) (0 4096 -960 ) (-1024 4096 -960 ) (-1024 4096 -1024 ) 
4 823 829 (-1024 5120 -960 ) (-1024 5120 -2944 ) (-1024 4096 -2944 ) (-1024 4096 -960 ) 
4 824 853 (-1168 4096 7168 ) (-1216 4096 7168 ) (-1216 4096 1344 ) (-1168 4096 1344 ) 
4 824 840 (-1024 4096 1344 ) (-1024 4096 7168 ) (-1168 4096 7168 ) (-1168 4096 1344 ) 
4 824 826 (-1216 5120 7168 ) (-1216 5120 1344 ) (-1216 4096 1344 ) (-1216 4096 7168 ) 
4 824 825 (-1216 4416 1344 ) (-1216 5120 1344 ) (-1024 5120 1344 ) (-1024 4416 1344 ) 
4 825 829 (-1216 5120 -960 ) (-1024 5120 -960 ) (-1024 4416 -960 ) (-1216 4416 -960 ) 
4 825 827 (-1216 5120 1216 ) (-1216 5120 -960 ) (-1216 4416 -960 ) (-1216 4416 1216 ) 
4 825 826 (-1216 5120 1344 ) (-1216 5120 1216 ) (-1216 4416 1216 ) (-1216 4416 1344 ) 
4 826 889 (-2048 5120 7168 ) (-2048 5120 1216 ) (-2048 4096 1216 ) (-2048 4096 7168 ) 
4 826 874 (-2048 4096 7168 ) (-2048 4096 1216 ) (-1920 4096 1216 ) (-1920 4096 7168 ) 
4 826 872 (-1920 4096 1216 ) (-1216 4096 1216 ) (-1216 4096 7168 ) (-1920 4096 7168 ) 
4 826 827 (-1920 5120 1216 ) (-1216 5120 1216 ) (-1216 4416 1216 ) (-1920 4416 1216 ) 
4 826 828 (-2048 5120 1216 ) (-1920 5120 1216 ) (-1920 4096 1216 ) (-2048 4096 1216 ) 
4 827 829 (-1920 5120 -960 ) (-1216 5120 -960 ) (-1216 4416 -960 ) (-1920 4416 -960 ) 
4 827 828 (-1920 5120 -960 ) (-1920 4416 -960 ) (-1920 4416 1216 ) (-1920 5120 1216 ) 
4 828 889 (-2048 5120 1216 ) (-2048 5120 -960 ) (-2048 4096 -960 ) (-2048 4096 1216 ) 
4 828 874 (-2048 4096 1216 ) (-2048 4096 -960 ) (-1920 4096 -960 ) (-1920 4096 1216 ) 
4 828 829 (-2048 5120 -960 ) (-1920 5120 -960 ) (-1920 4096 -960 ) (-2048 4096 -960 ) 
4 829 889 (-2048 5120 -960 ) (-2048 5120 -2944 ) (-2048 4096 -2944 ) (-2048 4096 -960 ) 
4 829 876 (-2048 4096 -1280 ) (-2048 4096 -2944 ) (-1920 4096 -2944 ) (-1920 4096 -1280 ) 
4 829 874 (-1920 4096 -960 ) (-2048 4096 -960 ) (-2048 4096 -1280 ) (-1920 4096 -1280 ) 
4 829 873 (-1216 4096 -960 ) (-1920 4096 -960 ) (-1920 4096 -2944 ) (-1216 4096 -2944 ) 
4 829 871 (-1024 4096 -2944 ) (-1024 4096 -1024 ) (-1216 4096 -1024 ) (-1216 4096 -2944 ) 
4 829 870 (-1024 4096 -1024 ) (-1024 4096 -960 ) (-1216 4096 -960 ) (-1216 4096 -1024 ) 
4 830 956 (-320 3072 7168 ) (-1024 3072 7168 ) (-1024 3072 1344 ) (-320 3072 1344 ) 
4 830 938 (-272 3072 7168 ) (-320 3072 7168 ) (-320 3072 1344 ) (-272 3072 1344 ) 
4 830 926 (0 3072 1344 ) (0 3072 7168 ) (-272 3072 7168 ) (-272 3072 1344 ) 
4 830 847 (-1024 3136 1344 ) (-1024 3072 1344 ) (-1024 3072 7168 ) (-1024 3136 7168 ) 
4 830 840 (-1024 4096 7168 ) (-1024 4096 1344 ) (-1024 3136 1344 ) (-1024 3136 7168 ) 
4 831 951 (-256 3072 0 ) (-320 3072 0 ) (-320 3072 -104 ) (-256 3072 -104 ) 
4 831 950 (0 3072 -104 ) (0 3072 0 ) (-256 3072 0 ) (-256 3072 -104 ) 
4 831 941 (-320 3072 320 ) (-320 3072 0 ) (-272 3072 0 ) (-272 3072 320 ) 
4 831 939 (-272 3072 1280 ) (-320 3072 1280 ) (-320 3072 320 ) (-272 3072 320 ) 
4 831 930 (0 3072 0 ) (0 3072 358.857147 ) (-240 3072 324.571472 ) (-240 3072 0 ) 
4 831 934 (-240 3072 324.571472 ) (-272 3072 320 ) (-272 3072 0 ) (-240 3072 0 ) 
4 831 928 (-160 3072 1280 ) (-272 3072 1280 ) (-272 3072 320 ) (-160 3072 336 ) 
4 831 927 (0 3072 358.857147 ) (0 3072 1280 ) (-160 3072 1280 ) (-160 3072 336 ) 
4 831 837 (-320 3072 -104 ) (-320 3072 384 ) (-320 4032 384 ) (-320 4032 -104 ) 
4 831 835 (-320 3440 -104 ) (-320 4032 -104 ) (-256 4032 -104 ) (-256 3440 -104 ) 
4 831 832 (-240 4032 -104 ) (0 4032 -104 ) (0 3552 -104 ) (-240 3552 -104 ) 
4 831 833 (0 3488 -104 ) (0 3072 -104 ) (-240 3072 -104 ) (-240 3488 -104 ) 
4 831 834 (-256 4032 -104 ) (-240 4032 -104 ) (-240 3072 -104 ) (-256 3072 -104 ) 
4 832 836 (-240 3552 -223.817993 ) (-240 4032 -223.817993 ) (0 4032 -223.817993 ) (0 3552 -223.817993 ) 
4 832 834 (-240 4032 -223.817993 ) (-240 3552 -223.817993 ) (-240 3552 -104 ) (-240 4032 -104 ) 
4 833 950 (0 3072 -223.817993 ) (0 3072 -104 ) (-240 3072 -104 ) (-240 3072 -223.817993 ) 
4 833 834 (-240 3488 -223.817993 ) (-240 3072 -223.817993 ) (-240 3072 -104 ) (-240 3488 -104 ) 
4 833 836 (0 3072 -223.817993 ) (-240 3072 -223.817993 ) (-240 3488 -223.817993 ) (0 3488 -223.817993 ) 
4 834 950 (-240 3072 -104 ) (-256 3072 -104 ) (-256 3072 -223.817993 ) (-240 3072 -223.817993 ) 
4 834 835 (-256 4032 -223.817993 ) (-256 3440 -223.817993 ) (-256 3440 -104 ) (-256 4032 -104 ) 
4 834 836 (-240 3072 -223.817993 ) (-256 3072 -223.817993 ) (-256 4032 -223.817993 ) (-240 4032 -223.817993 ) 
4 835 837 (-320 3440 -104 ) (-320 4032 -104 ) (-320 4032 -223.817993 ) (-320 3440 -223.817993 ) 
4 835 836 (-320 3440 -223.817993 ) (-320 4032 -223.817993 ) (-256 4032 -223.817993 ) (-256 3440 -223.817993 ) 
4 836 952 (-256 3072 -223.817993 ) (-320 3072 -223.817993 ) (-320 3072 -256 ) (-256 3072 -256 ) 
4 836 950 (0 3072 -256 ) (0 3072 -223.817993 ) (-256 3072 -223.817993 ) (-256 3072 -256 ) 
4 836 837 (-320 4032 -256 ) (-320 3072 -256 ) (-320 3072 -223.817993 ) (-320 4032 -223.817993 ) 
4 837 967 (-1024 3072 384 ) (-1024 3072 -256 ) (-920 3072 -256 ) (-920 3072 384 ) 
4 837 965 (-920 3072 -256 ) (-904 3072 -256 ) (-904 3072 384 ) (-920 3072 384 ) 
4 837 964 (-904 3072 -256 ) (-696 3072 -256 ) (-696 3072 384 ) (-904 3072 384 ) 
4 837 962 (-696 3072 -256 ) (-680 3072 -256 ) (-680 3072 384 ) (-696 3072 384 ) 
4 837 961 (-680 3072 -256 ) (-336 3072 -256 ) (-336 3072 384 ) (-680 3072 384 ) 
4 837 959 (-336 3072 -256 ) (-320 3072 -256 ) (-320 3072 384 ) (-336 3072 384 ) 
4 837 851 (-1024 3120 64 ) (-1024 3120 84.571419 ) (-1024 3136 84.571411 ) (-1024 3136 64 ) 
4 837 850 (-1024 3136 -256 ) (-1024 3120 -256 ) (-1024 3120 64 ) (-1024 3136 64 ) 
4 837 852 (-1024 3120 -256 ) (-1024 3072 -256 ) (-1024 3072 84.571442 ) (-1024 3120 84.571419 ) 
4 837 848 (-1024 3072 84.571442 ) (-1024 3072 384 ) (-1024 3136 384 ) (-1024 3136 84.571411 ) 
4 837 845 (-1024 3440 64 ) (-1024 3440 84.571411 ) (-1024 3456 84.571411 ) (-1024 3456 64 ) 
4 837 844 (-1024 3456 -256 ) (-1024 3440 -256 ) (-1024 3440 64 ) (-1024 3456 64 ) 
4 837 846 (-1024 3440 -256 ) (-1024 3136 -256 ) (-1024 3136 84.571442 ) (-1024 3440 84.571411 ) 
4 837 842 (-1024 3136 84.571442 ) (-1024 3136 384 ) (-1024 3456 384 ) (-1024 3456 84.571411 ) 
4 837 841 (-1024 4032 -256 ) (-1024 3456 -256 ) (-1024 3456 384 ) (-1024 4032 384 ) 
4 838 870 (-1024 4096 -960 ) (-1024 4096 -1024 ) (-1024 4032 -1024 ) (-1024 4032 -960 ) 
4 838 839 (-1024 4032 -1024 ) (-1024 4096 -1024 ) (0 4096 -1024 ) (0 4032 -1024 ) 
4 839 968 (-320 3072 -1024 ) (-1024 3072 -1024 ) (-1024 3072 -2944 ) (-320 3072 -2944 ) 
4 839 955 (0 3072 -2944 ) (0 3072 -1024 ) (-320 3072 -1024 ) (-320 3072 -2944 ) 
4 839 871 (-1024 4096 -1024 ) (-1024 4096 -2944 ) (-1024 3072 -2944 ) (-1024 3072 -1024 ) 
4 840 853 (-1168 3136 1344 ) (-1168 3136 7168 ) (-1168 4096 7168 ) (-1168 4096 1344 ) 
4 840 847 (-1168 3136 7168 ) (-1168 3136 1344 ) (-1024 3136 1344 ) (-1024 3136 7168 ) 
4 841 856 (-1168 4032 -256 ) (-1168 3456 -256 ) (-1168 3456 64 ) (-1168 4032 64 ) 
4 841 854 (-1168 3456 64 ) (-1168 3456 384 ) (-1168 4032 384 ) (-1168 4032 64 ) 
4 841 845 (-1072 3456 -32 ) (-1024 3456 64 ) (-1024 3456 84.571442 ) (-1056 3456 80 ) 
4 841 844 (-1168 3456 -256 ) (-1024 3456 -256 ) (-1024 3456 64 ) (-1120 3456 -128 ) 
4 841 843 (-1168 3456 384 ) (-1168 3456 80 ) (-1056 3456 96 ) (-1056 3456 384 ) 
4 841 842 (-1056 3456 80 ) (-1024 3456 84.571442 ) (-1024 3456 384 ) (-1056 3456 384 ) 
4 842 848 (-1056 3136 80 ) (-1024 3136 84.571411 ) (-1024 3136 384 ) (-1056 3136 384 ) 
4 842 845 (-1056 3456 80 ) (-1024 3456 84.571419 ) (-1024 3440 84.571404 ) (-1056 3440 80 ) 
4 842 846 (-1024 3440 84.571404 ) (-1024 3136 84.571045 ) (-1056 3136 80 ) (-1056 3440 80 ) 
4 842 843 (-1056 3136 96 ) (-1056 3136 384 ) (-1056 3456 384 ) (-1056 3456 96 ) 
4 843 855 (-1168 3136 80 ) (-1168 3136 384 ) (-1168 3456 384 ) (-1168 3456 80 ) 
4 843 849 (-1168 3136 384 ) (-1168 3136 80 ) (-1056 3136 96 ) (-1056 3136 384 ) 
4 844 845 (-1072 3440 -32 ) (-1024 3440 64 ) (-1024 3456 64 ) (-1072 3456 -32 ) 
4 844 846 (-1168 3440 -256 ) (-1024 3440 -256 ) (-1024 3440 64 ) (-1120 3440 -128 ) 
4 845 846 (-1024 3440 84.569824 ) (-1056 3440 79.998367 ) (-1072 3440 -32 ) (-1024 3440 64 ) 
4 846 861 (-1168 3440 -256 ) (-1168 3136 -256 ) (-1168 3136 -32 ) (-1168 3440 -32 ) 
4 846 857 (-1168 3136 -16 ) (-1168 3136 64 ) (-1168 3440 64 ) (-1168 3440 -16 ) 
4 846 851 (-1072 3136 -32 ) (-1024 3136 64 ) (-1024 3136 84.571411 ) (-1056 3136 80 ) 
4 846 850 (-1168 3136 -256 ) (-1024 3136 -256 ) (-1024 3136 64 ) (-1120 3136 -128 ) 
4 847 1002 (-1024 3072 1344 ) (-1024 3072 7168 ) (-1168 3072 7168 ) (-1168 3072 1344 ) 
4 847 853 (-1168 3072 1344 ) (-1168 3072 7168 ) (-1168 3136 7168 ) (-1168 3136 1344 ) 
4 848 1003 (-1024 3072 84.571411 ) (-1024 3072 384 ) (-1056 3072 384 ) (-1056 3072 80 ) 
4 848 851 (-1056 3136 80 ) (-1024 3136 84.571426 ) (-1024 3120 84.571426 ) (-1056 3120 80 ) 
4 848 852 (-1024 3120 84.571426 ) (-1024 3072 84.571426 ) (-1056 3072 80 ) (-1056 3120 80 ) 
4 848 849 (-1056 3072 96 ) (-1056 3072 384 ) (-1056 3136 384 ) (-1056 3136 96 ) 
4 849 1004 (-1056 3072 384 ) (-1168 3072 384 ) (-1168 3072 80 ) (-1056 3072 96 ) 
4 849 855 (-1168 3072 80 ) (-1168 3072 384 ) (-1168 3136 384 ) (-1168 3136 80 ) 
4 850 851 (-1072 3120 -32 ) (-1024 3120 64 ) (-1024 3136 64 ) (-1072 3136 -32 ) 
4 850 852 (-1168 3120 -256 ) (-1024 3120 -256 ) (-1024 3120 64 ) (-1120 3120 -128 ) 
4 851 852 (-1024 3120 84.569336 ) (-1056 3120 79.997902 ) (-1072 3120 -32 ) (-1024 3120 64 ) 
4 852 1014 (-1024 3072 -256 ) (-1024 3072 -144 ) (-1168 3072 -144 ) (-1168 3072 -256 ) 
4 852 1013 (-1024 3072 -144 ) (-1024 3072 -128 ) (-1168 3072 -128 ) (-1168 3072 -144 ) 
4 852 1006 (-1024 3072 -128 ) (-1024 3072 64 ) (-1168 3072 64 ) (-1168 3072 -128 ) 
4 852 1005 (-1024 3072 64 ) (-1024 3072 80 ) (-1055.998413 3072 80 ) (-1168 3072 64 ) 
3 852 1003 (-1024 3072 80 ) (-1024 3072 84.571411 ) (-1055.998413 3072 80 ) 
4 852 866 (-1168 3120 -256 ) (-1168 3072 -256 ) (-1168 3072 -144 ) (-1168 3120 -144 ) 
4 852 862 (-1168 3072 -128 ) (-1168 3072 64 ) (-1168 3120 64 ) (-1168 3120 -128 ) 
4 853 1002 (-1216 3072 7168 ) (-1216 3072 1344 ) (-1168 3072 1344 ) (-1168 3072 7168 ) 
4 853 880 (-1216 3072 1344 ) (-1216 3072 7168 ) (-1216 3456 7168 ) (-1216 3456 1344 ) 
4 853 872 (-1216 3456 7168 ) (-1216 4096 7168 ) (-1216 4096 1344 ) (-1216 3456 1344 ) 
4 854 856 (-1216 3456 64 ) (-1216 4032 64 ) (-1168 4032 64 ) (-1168 3456 64 ) 
4 854 855 (-1168 3456 80 ) (-1168 3456 384 ) (-1216 3456 384 ) (-1216 3456 80 ) 
4 855 1004 (-1216 3072 384 ) (-1216 3072 80 ) (-1168 3072 80 ) (-1168 3072 384 ) 
4 857 859 (-1184 3440 48 ) (-1184 3440 -16 ) (-1184 3136 -16 ) (-1184 3136 48 ) 
4 857 858 (-1184 3440 64 ) (-1184 3440 48 ) (-1184 3136 48 ) (-1184 3136 64 ) 
4 858 860 (-1200 3440 64 ) (-1200 3440 48 ) (-1200 3136 48 ) (-1200 3136 64 ) 
4 858 859 (-1200 3136 48 ) (-1200 3440 48 ) (-1184 3440 48 ) (-1184 3136 48 ) 
4 859 860 (-1200 3440 48 ) (-1200 3440 -16 ) (-1200 3136 -16 ) (-1200 3136 48 ) 
4 860 881 (-1216 3136 64 ) (-1216 3440 64 ) (-1216 3440 -16 ) (-1216 3136 -16 ) 
4 861 883 (-1216 3440 -128 ) (-1216 3440 -256 ) (-1216 3136 -256 ) (-1216 3136 -128 ) 
4 861 881 (-1216 3440 -32 ) (-1216 3440 -128 ) (-1216 3136 -128 ) (-1216 3136 -32 ) 
4 862 1006 (-1184 3072 -128 ) (-1168 3072 -128 ) (-1168 3072 64 ) (-1184 3072 64 ) 
4 862 864 (-1184 3120 48 ) (-1184 3120 -128 ) (-1184 3072 -128 ) (-1184 3072 48 ) 
4 862 863 (-1184 3120 64 ) (-1184 3120 48 ) (-1184 3072 48 ) (-1184 3072 64 ) 
4 863 1007 (-1184 3072 48 ) (-1184 3072 64 ) (-1200 3072 64 ) (-1200 3072 48 ) 
4 863 865 (-1200 3120 64 ) (-1200 3120 48 ) (-1200 3072 48 ) (-1200 3072 64 ) 
4 863 864 (-1200 3072 48 ) (-1200 3120 48 ) (-1184 3120 48 ) (-1184 3072 48 ) 
4 864 1008 (-1200 3072 -128 ) (-1184 3072 -128 ) (-1184 3072 48 ) (-1200 3072 48 ) 
4 864 865 (-1200 3120 48 ) (-1200 3120 -128 ) (-1200 3072 -128 ) (-1200 3072 48 ) 
4 865 1009 (-1216 3072 64 ) (-1216 3072 -128 ) (-1200 3072 -128 ) (-1200 3072 64 ) 
4 865 881 (-1216 3072 -128 ) (-1216 3072 64 ) (-1216 3120 64 ) (-1216 3120 -128 ) 
4 866 1014 (-1184 3072 -256 ) (-1168 3072 -256 ) (-1168 3072 -144 ) (-1184 3072 -144 ) 
4 866 868 (-1184 3120 -248 ) (-1184 3120 -256 ) (-1184 3072 -256 ) (-1184 3072 -248 ) 
4 866 867 (-1184 3072 -144 ) (-1184 3120 -144 ) (-1184 3120 -248 ) (-1184 3072 -248 ) 
4 867 1015 (-1184 3072 -248 ) (-1184 3072 -144 ) (-1200 3072 -144 ) (-1200 3072 -248 ) 
4 867 869 (-1200 3072 -144 ) (-1200 3120 -144 ) (-1200 3120 -248 ) (-1200 3072 -248 ) 
4 867 868 (-1200 3072 -248 ) (-1200 3120 -248 ) (-1184 3120 -248 ) (-1184 3072 -248 ) 
4 868 1016 (-1200 3072 -256 ) (-1184 3072 -256 ) (-1184 3072 -248 ) (-1200 3072 -248 ) 
4 868 869 (-1200 3120 -248 ) (-1200 3120 -256 ) (-1200 3072 -256 ) (-1200 3072 -248 ) 
4 869 1017 (-1216 3072 -144 ) (-1216 3072 -256 ) (-1200 3072 -256 ) (-1200 3072 -144 ) 
4 869 883 (-1216 3072 -256 ) (-1216 3072 -144 ) (-1216 3120 -144 ) (-1216 3120 -256 ) 
4 870 873 (-1216 4096 -960 ) (-1216 4096 -1024 ) (-1216 4032 -1024 ) (-1216 4032 -960 ) 
4 870 871 (-1216 4032 -1024 ) (-1216 4096 -1024 ) (-1024 4096 -1024 ) (-1024 4032 -1024 ) 
4 871 1019 (-1024 3072 -2944 ) (-1024 3072 -1024 ) (-1216 3072 -1024 ) (-1216 3072 -2944 ) 
4 871 887 (-1216 3072 -2944 ) (-1216 3072 -1024 ) (-1216 3456 -1024 ) (-1216 3456 -2944 ) 
4 871 873 (-1216 3456 -1024 ) (-1216 4096 -1024 ) (-1216 4096 -2944 ) (-1216 3456 -2944 ) 
4 872 880 (-1216 3456 1216 ) (-1216 3456 7168 ) (-1920 3456 7168 ) (-1920 3456 1216 ) 
4 872 877 (-1920 3456 1216 ) (-1920 3456 7168 ) (-1920 3712 7168 ) (-1920 3712 1216 ) 
4 872 875 (-1920 3712 7168 ) (-1920 3840 7168 ) (-1920 3840 1216 ) (-1920 3712 1216 ) 
4 872 874 (-1920 3840 7168 ) (-1920 4096 7168 ) (-1920 4096 1216 ) (-1920 3840 1216 ) 
4 873 888 (-1920 3456 -1792 ) (-1920 3456 -2944 ) (-1280 3456 -2944 ) (-1280 3456 -1792 ) 
4 873 887 (-1216 3456 -2944 ) (-1216 3456 -960 ) (-1280 3456 -960 ) (-1280 3456 -2944 ) 
4 873 879 (-1920 3456 -2944 ) (-1920 3456 -960 ) (-1920 3712 -960 ) (-1920 3712 -2944 ) 
4 873 876 (-1920 4096 -1280 ) (-1920 4096 -2944 ) (-1920 3712 -2944 ) (-1920 3712 -1280 ) 
4 873 874 (-1920 3840 -960 ) (-1920 4096 -960 ) (-1920 4096 -1280 ) (-1920 3840 -1280 ) 
4 874 907 (-2048 4096 -640 ) (-2048 4096 -1280 ) (-2048 3840 -1280 ) (-2048 3840 -640 ) 
4 874 892 (-2048 4096 1216 ) (-2048 4096 -640 ) (-2048 3840 -640 ) (-2048 3840 1216 ) 
4 874 891 (-2048 3840 7168 ) (-2048 4096 7168 ) (-2048 4096 1216 ) (-2048 3840 1216 ) 
4 874 876 (-2048 3840 -1280 ) (-2048 4096 -1280 ) (-1920 4096 -1280 ) (-1920 3840 -1280 ) 
4 874 875 (-1920 3840 1216 ) (-1920 3840 7168 ) (-2048 3840 7168 ) (-2048 3840 1216 ) 
4 875 891 (-2048 3712 1216 ) (-2048 3712 7168 ) (-2048 3840 7168 ) (-2048 3840 1216 ) 
4 875 877 (-2048 3712 7168 ) (-2048 3712 1216 ) (-1920 3712 1216 ) (-1920 3712 7168 ) 
4 876 908 (-2048 3712 -2944 ) (-2048 3712 -1280 ) (-2048 3840 -1280 ) (-2048 3840 -2944 ) 
4 876 907 (-2048 3840 -1280 ) (-2048 4096 -1280 ) (-2048 4096 -2944 ) (-2048 3840 -2944 ) 
4 876 879 (-2048 3712 -1280 ) (-2048 3712 -2944 ) (-1920 3712 -2944 ) (-1920 3712 -1280 ) 
4 877 894 (-2048 3456 1152 ) (-2048 3456 1216 ) (-2048 3712 1216 ) (-2048 3712 1152 ) 
4 877 893 (-2048 3456 1216 ) (-2048 3456 7168 ) (-2048 3712 7168 ) (-2048 3712 1216 ) 
4 877 882 (-2048 3456 7168 ) (-2048 3456 1152 ) (-1920 3456 1152 ) (-1920 3456 7168 ) 
4 878 898 (-2048 3456 -640 ) (-2048 3456 -488 ) (-2048 3712 -488 ) (-2048 3712 -640 ) 
4 878 895 (-2048 3456 -488 ) (-2048 3456 -128 ) (-2048 3712 -128 ) (-2048 3712 -488 ) 
4 878 886 (-2048 3456 -128 ) (-2048 3456 -640 ) (-1920 3456 -640 ) (-1920 3456 -128 ) 
4 879 909 (-2048 3456 -2944 ) (-2048 3456 -768 ) (-2048 3712 -768 ) (-2048 3712 -2944 ) 
4 879 888 (-2048 3456 -1792 ) (-2048 3456 -2944 ) (-1920 3456 -2944 ) (-1920 3456 -1792 ) 
4 880 1046 (-1216 3072 1216 ) (-1216 3072 7168 ) (-1920 3072 7168 ) (-1920 3072 1216 ) 
4 880 882 (-1920 3456 7168 ) (-1920 3456 1216 ) (-1920 3072 1216 ) (-1920 3072 7168 ) 
4 881 1049 (-1600 3072 64 ) (-1792 3072 64 ) (-1792 3072 -128 ) (-1600 3072 -128 ) 
4 881 1050 (-1792 3072 64 ) (-1920 3072 64 ) (-1920 3072 -128 ) (-1792 3072 -128 ) 
4 881 1048 (-1408 3072 64 ) (-1600 3072 64 ) (-1600 3072 -128 ) (-1408 3072 -128 ) 
4 881 1047 (-1216 3072 -128 ) (-1216 3072 64 ) (-1408 3072 64 ) (-1408 3072 -128 ) 
4 881 885 (-1792 3456 -128 ) (-1600 3456 -128 ) (-1600 3072 -128 ) (-1792 3072 -128 ) 
4 881 886 (-1920 3456 -128 ) (-1792 3456 -128 ) (-1792 3072 -128 ) (-1920 3072 -128 ) 
4 881 884 (-1600 3456 -128 ) (-1408 3456 -128 ) (-1408 3072 -128 ) (-1600 3072 -128 ) 
4 881 883 (-1408 3456 -128 ) (-1216 3456 -128 ) (-1216 3072 -128 ) (-1408 3072 -128 ) 
4 882 1053 (-2048 3072 7168 ) (-2048 3072 1152 ) (-1920 3072 1152 ) (-1920 3072 7168 ) 
4 882 894 (-2048 3072 1152 ) (-2048 3072 1216 ) (-2048 3456 1216 ) (-2048 3456 1152 ) 
4 882 893 (-2048 3072 1216 ) (-2048 3072 7168 ) (-2048 3456 7168 ) (-2048 3456 1216 ) 
4 883 1047 (-1216 3072 -256 ) (-1216 3072 -128 ) (-1408 3072 -128 ) (-1408 3072 -256 ) 
4 883 884 (-1408 3072 -256 ) (-1408 3072 -128 ) (-1408 3456 -128 ) (-1408 3456 -256 ) 
4 884 1048 (-1408 3072 -128 ) (-1600 3072 -128 ) (-1600 3072 -384 ) (-1408 3072 -384 ) 
4 884 885 (-1600 3072 -384 ) (-1600 3072 -128 ) (-1600 3456 -128 ) (-1600 3456 -384 ) 
4 885 1049 (-1600 3072 -128 ) (-1792 3072 -128 ) (-1792 3072 -512 ) (-1600 3072 -512 ) 
4 885 886 (-1792 3072 -512 ) (-1792 3072 -128 ) (-1792 3456 -128 ) (-1792 3456 -512 ) 
4 886 1055 (-1920 3072 -128 ) (-2048 3072 -128 ) (-2048 3072 -640 ) (-1920 3072 -640 ) 
4 886 1050 (-1792 3072 -128 ) (-1920 3072 -128 ) (-1920 3072 -640 ) (-1792 3072 -640 ) 
4 886 898 (-2048 3072 -640 ) (-2048 3072 -488 ) (-2048 3456 -488 ) (-2048 3456 -640 ) 
4 886 895 (-2048 3072 -488 ) (-2048 3072 -128 ) (-2048 3456 -128 ) (-2048 3456 -488 ) 
4 887 1057 (-1216 3072 -2944 ) (-1216 3072 -1792 ) (-1280 3072 -1792 ) (-1280 3072 -2944 ) 
4 887 1052 (-1216 3072 -1792 ) (-1216 3072 -640 ) (-1280 3072 -640 ) (-1280 3072 -1792 ) 
4 887 888 (-1280 3456 -2944 ) (-1280 3072 -2944 ) (-1280 3072 -1792 ) (-1280 3456 -1792 ) 
4 888 1057 (-2048 3072 -1792 ) (-2048 3072 -2944 ) (-1280 3072 -2944 ) (-1280 3072 -1792 ) 
4 888 910 (-2048 3072 -2944 ) (-2048 3072 -1792 ) (-2048 3456 -1792 ) (-2048 3456 -2944 ) 
4 889 907 (-2048 4096 -2944 ) (-2048 4096 -640 ) (-3072 4096 -640 ) (-3072 4096 -2944 ) 
4 889 892 (-2048 4096 -640 ) (-2048 4096 1216 ) (-3072 4096 1216 ) (-3072 4096 -640 ) 
4 889 891 (-2048 4096 1216 ) (-2048 4096 7168 ) (-3072 4096 7168 ) (-3072 4096 1216 ) 
4 889 890 (-3072 5120 7168 ) (-3072 5120 -2944 ) (-3072 4096 -2944 ) (-3072 4096 7168 ) 
4 890 1243 (-4096 5120 7168 ) (-4096 5120 -2944 ) (-4096 4096 -2944 ) (-4096 4096 7168 ) 
4 890 914 (-3072 4096 -2944 ) (-3072 4096 -1280 ) (-4096 4096 -1280 ) (-4096 4096 -2944 ) 
4 890 911 (-3072 4096 -1280 ) (-3072 4096 7168 ) (-3712 4096 7168 ) (-3712 4096 -1280 ) 
4 890 913 (-3712 4096 7168 ) (-4096 4096 7168 ) (-4096 4096 -1280 ) (-3712 4096 -1280 ) 
4 891 912 (-3072 3840 1216 ) (-3072 3712 1216 ) (-3072 3712 7168 ) (-3072 3840 7168 ) 
4 891 911 (-3072 4096 7168 ) (-3072 4096 1216 ) (-3072 3840 1216 ) (-3072 3840 7168 ) 
4 891 893 (-3072 3712 7168 ) (-3072 3712 1216 ) (-2048 3712 1216 ) (-2048 3712 7168 ) 
4 891 892 (-3072 3840 1216 ) (-3072 4096 1216 ) (-2048 4096 1216 ) (-2048 3840 1216 ) 
4 892 911 (-3072 4096 1216 ) (-3072 4096 -640 ) (-3072 3840 -640 ) (-3072 3840 1216 ) 
4 892 907 (-3072 4096 -640 ) (-2048 4096 -640 ) (-2048 3840 -640 ) (-3072 3840 -640 ) 
4 893 1158 (-2048 3072 1216 ) (-2048 3072 7168 ) (-3072 3072 7168 ) (-3072 3072 1216 ) 
4 893 915 (-3072 3072 1216 ) (-3072 3072 7168 ) (-3072 3712 7168 ) (-3072 3712 1216 ) 
4 893 896 (-2432 3328 1216 ) (-2432 3072 1216 ) (-3072 3072 1216 ) (-3072 3328 1216 ) 
4 893 894 (-2432 3712 1216 ) (-2048 3712 1216 ) (-2048 3072 1216 ) (-2432 3072 1216 ) 
4 894 1158 (-2048 3072 1152 ) (-2048 3072 1216 ) (-2432 3072 1216 ) (-2432 3072 1152 ) 
4 894 896 (-2432 3072 1152 ) (-2432 3072 1216 ) (-2432 3328 1216 ) (-2432 3328 1152 ) 
4 895 1160 (-2048 3072 -488 ) (-2048 3072 -128 ) (-2432 3072 -128 ) (-2432 3072 -488 ) 
4 895 899 (-2416 3528 -488 ) (-2416 3712 -488 ) (-2064 3712 -488 ) (-2064 3528 -488 ) 
4 895 901 (-2064 3072 -488 ) (-2416 3072 -488 ) (-2416 3464 -488 ) (-2064 3464 -488 ) 
4 895 898 (-2048 3072 -488 ) (-2064 3072 -488 ) (-2064 3712 -488 ) (-2048 3712 -488 ) 
4 895 902 (-2416 3072 -488 ) (-2432 3072 -488 ) (-2432 3712 -488 ) (-2416 3712 -488 ) 
4 895 897 (-2432 3328 -488 ) (-2432 3072 -488 ) (-2432 3072 -128 ) (-2432 3328 -128 ) 
4 896 1158 (-2432 3072 1216 ) (-3072 3072 1216 ) (-3072 3072 1152 ) (-2432 3072 1152 ) 
4 896 915 (-3072 3072 1152 ) (-3072 3072 1216 ) (-3072 3328 1216 ) (-3072 3328 1152 ) 
4 897 1160 (-3072 3072 -128 ) (-3072 3072 -488 ) (-2432 3072 -488 ) (-2432 3072 -128 ) 
4 897 916 (-3072 3072 -488 ) (-3072 3072 -128 ) (-3072 3328 -128 ) (-3072 3328 -488 ) 
4 897 905 (-3019.879883 3197.019775 -488 ) (-2888.899414 3328 -488 ) (-2798.389648 3328 -488 ) (-2974.629883 3151.760010 -488 ) 
3 897 904 (-3072 3144.899658 -488 ) (-3072 3328 -488 ) (-2888.899414 3328 -488 ) 
4 897 903 (-2432 3072 -488 ) (-3054.390137 3072 -488 ) (-2798.389648 3328 -488 ) (-2432 3328 -488 ) 
4 898 1165 (-2048 3072 -640 ) (-2048 3072 -607.817993 ) (-2064 3072 -607.817993 ) (-2064 3072 -640 ) 
4 898 1161 (-2048 3072 -607.817993 ) (-2048 3072 -488 ) (-2064 3072 -488 ) (-2064 3072 -607.817993 ) 
4 898 900 (-2064 3528 -607.817993 ) (-2064 3528 -640 ) (-2064 3464 -640 ) (-2064 3464 -607.817993 ) 
4 898 899 (-2064 3528 -488 ) (-2064 3712 -488 ) (-2064 3712 -640 ) (-2064 3528 -640 ) 
4 898 901 (-2064 3072 -488 ) (-2064 3464 -488 ) (-2064 3464 -640 ) (-2064 3072 -640 ) 
4 899 900 (-2416 3528 -607.817993 ) (-2416 3528 -640 ) (-2064 3528 -640 ) (-2064 3528 -607.817993 ) 
4 899 902 (-2416 3528 -488 ) (-2416 3712 -488 ) (-2416 3712 -640 ) (-2416 3528 -640 ) 
4 900 902 (-2416 3528 -607.817993 ) (-2416 3528 -640 ) (-2416 3464 -640 ) (-2416 3464 -607.817993 ) 
4 900 901 (-2416 3464 -607.817993 ) (-2416 3464 -640 ) (-2064 3464 -640 ) (-2064 3464 -607.817993 ) 
4 901 1165 (-2416 3072 -607.817993 ) (-2416 3072 -640 ) (-2064 3072 -640 ) (-2064 3072 -607.817993 ) 
4 901 1161 (-2064 3072 -488 ) (-2416 3072 -488 ) (-2416 3072 -607.817993 ) (-2064 3072 -607.817993 ) 
4 901 902 (-2416 3072 -488 ) (-2416 3464 -488 ) (-2416 3464 -640 ) (-2416 3072 -640 ) 
4 902 1165 (-2432 3072 -607.817993 ) (-2432 3072 -640 ) (-2416 3072 -640 ) (-2416 3072 -607.817993 ) 
4 902 1161 (-2416 3072 -488 ) (-2432 3072 -488 ) (-2432 3072 -607.817993 ) (-2416 3072 -607.817993 ) 
4 902 903 (-2432 3072 -488 ) (-2432 3328 -488 ) (-2432 3328 -607.817993 ) (-2432 3072 -607.817993 ) 
4 902 906 (-2432 3328 -607.817993 ) (-2432 3328 -640 ) (-2432 3072 -640 ) (-2432 3072 -607.817993 ) 
4 903 1161 (-2432 3072 -488 ) (-3054.390137 3072 -488 ) (-3054.389893 3072 -607.817993 ) (-2432 3072 -607.817993 ) 
4 903 905 (-2798.390625 3328 -488 ) (-2798.390625 3328 -607.817993 ) (-2974.630371 3151.760254 -607.817993 ) (-2974.630371 3151.760254 -488 ) 
4 903 906 (-2798.389648 3328 -607.817993 ) (-2432 3328 -607.817993 ) (-2432 3072 -607.817993 ) (-3054.390137 3072 -607.817993 ) 
4 904 917 (-3072 3144.899658 -488 ) (-3072 3328 -488 ) (-3072 3328 -607.817993 ) (-3072 3144.899658 -607.817993 ) 
4 904 905 (-3019.879150 3197.019287 -607.817993 ) (-2888.898438 3328 -607.817993 ) (-2888.898438 3328 -488 ) (-3019.879150 3197.019287 -488 ) 
3 904 906 (-3072 3328 -607.817993 ) (-2888.899414 3328 -607.817993 ) (-3072 3144.899658 -607.817993 ) 
4 905 906 (-2888.899414 3328 -607.817993 ) (-2798.389648 3328 -607.817993 ) (-2974.629883 3151.760010 -607.817993 ) (-3019.879883 3197.019775 -607.817993 ) 
4 906 1165 (-3072 3072 -607.817993 ) (-3072 3072 -640 ) (-2432 3072 -640 ) (-2432 3072 -607.817993 ) 
4 906 919 (-3072 3328 -640 ) (-3072 3072 -640 ) (-3072 3072 -607.817993 ) (-3072 3328 -607.817993 ) 
4 907 914 (-3072 4096 -1280 ) (-3072 4096 -2944 ) (-3072 3840 -2944 ) (-3072 3840 -1280 ) 
4 907 911 (-3072 4096 -640 ) (-3072 4096 -1280 ) (-3072 3840 -1280 ) (-3072 3840 -640 ) 
4 907 908 (-3072 3840 -2944 ) (-2048 3840 -2944 ) (-2048 3840 -1280 ) (-3072 3840 -1280 ) 
4 908 914 (-3072 3840 -2944 ) (-3072 3712 -2944 ) (-3072 3712 -1280 ) (-3072 3840 -1280 ) 
4 908 909 (-2048 3712 -2944 ) (-2048 3712 -1280 ) (-3072 3712 -1280 ) (-3072 3712 -2944 ) 
4 909 920 (-3072 3456 -2944 ) (-3072 3456 -768 ) (-3072 3712 -768 ) (-3072 3712 -2944 ) 
4 909 910 (-3072 3456 -1792 ) (-3072 3456 -2944 ) (-2048 3456 -2944 ) (-2048 3456 -1792 ) 
4 910 1174 (-2048 3072 -2944 ) (-2048 3072 -1792 ) (-3072 3072 -1792 ) (-3072 3072 -2944 ) 
4 910 921 (-3072 3072 -2944 ) (-3072 3072 -1792 ) (-3072 3456 -1792 ) (-3072 3456 -2944 ) 
4 911 914 (-3712 3840 -1280 ) (-3712 4096 -1280 ) (-3072 4096 -1280 ) (-3072 3840 -1280 ) 
4 911 912 (-3712 3840 7168 ) (-3712 3840 1216 ) (-3072 3840 1216 ) (-3072 3840 7168 ) 
4 911 913 (-3712 4096 -1280 ) (-3712 3840 -1280 ) (-3712 3840 7168 ) (-3712 4096 7168 ) 
4 912 922 (-3584 3712 7168 ) (-3712 3712 7168 ) (-3712 3712 1216 ) (-3584 3712 1216 ) 
4 912 915 (-3072 3712 1216 ) (-3072 3712 7168 ) (-3584 3712 7168 ) (-3584 3712 1216 ) 
4 912 913 (-3712 3712 1216 ) (-3712 3712 7168 ) (-3712 3840 7168 ) (-3712 3840 1216 ) 
4 913 1245 (-4096 3712 -1280 ) (-4096 3712 7168 ) (-4096 4096 7168 ) (-4096 4096 -1280 ) 
4 913 925 (-4096 3712 -128 ) (-4096 3712 -1280 ) (-3712 3712 -1280 ) (-3712 3712 -128 ) 
4 913 923 (-3712 3712 7168 ) (-4096 3712 7168 ) (-4096 3712 -128 ) (-3712 3712 -128 ) 
4 913 914 (-3712 3712 -1280 ) (-4096 3712 -1280 ) (-4096 4096 -1280 ) (-3712 4096 -1280 ) 
4 914 1245 (-4096 3712 -2944 ) (-4096 3712 -1280 ) (-4096 4096 -1280 ) (-4096 4096 -2944 ) 
4 914 924 (-3712 3712 -1792 ) (-3712 3712 -2944 ) (-3584 3712 -2944 ) (-3584 3712 -1792 ) 
4 914 925 (-3712 3712 -1280 ) (-4096 3712 -1280 ) (-4096 3712 -2944 ) (-3712 3712 -2944 ) 
4 914 920 (-3072 3712 -2944 ) (-3072 3712 -1280 ) (-3584 3712 -1280 ) (-3584 3712 -2944 ) 
4 915 1175 (-3072 3072 1152 ) (-3072 3072 7168 ) (-3584 3072 7168 ) (-3584 3072 1152 ) 
4 915 922 (-3584 3712 7168 ) (-3584 3712 1216 ) (-3584 3072 1216 ) (-3584 3072 7168 ) 
4 916 1177 (-3072 3072 -488 ) (-3072 3072 -128 ) (-3584 3072 -128 ) (-3584 3072 -488 ) 
3 916 918 (-3121.137207 3072 -488 ) (-3144.899658 3072 -488 ) (-3133.019775 3083.879883 -488 ) 
5 916 917 (-3144.899658 3072 -488 ) (-3584 3072 -488 ) (-3584 3712 -488 ) (-3072 3712 -488 ) (-3072 3144.899658 -488 ) 
4 917 1179 (-3144.899658 3072 -488 ) (-3584 3072 -488 ) (-3584 3072 -607.817993 ) (-3144.899658 3072 -607.817993 ) 
4 917 918 (-3144.898438 3072 -607.817993 ) (-3133.019287 3083.879150 -607.817993 ) (-3133.019287 3083.879150 -488 ) (-3144.898438 3072 -488 ) 
5 917 919 (-3584 3072 -607.817993 ) (-3584 3712 -607.817993 ) (-3072 3712 -607.817993 ) (-3072 3144.899658 -607.817993 ) (-3144.899658 3072 -607.817993 ) 
4 918 1179 (-3121.137207 3072 -488 ) (-3144.899658 3072 -488 ) (-3144.899658 3072 -607.817993 ) (-3121.137207 3072 -607.817993 ) 
3 918 919 (-3121.137207 3072 -607.817993 ) (-3144.899658 3072 -607.817993 ) (-3133.019775 3083.879883 -607.817993 ) 
4 919 1180 (-3072 3072 -640 ) (-3072 3072 -607.817993 ) (-3584 3072 -607.817993 ) (-3584 3072 -640 ) 
4 920 924 (-3584 3712 -1792 ) (-3584 3712 -2944 ) (-3584 3456 -2944 ) (-3584 3456 -1792 ) 
4 920 921 (-3584 3456 -1792 ) (-3584 3456 -2944 ) (-3072 3456 -2944 ) (-3072 3456 -1792 ) 
4 921 1182 (-3072 3072 -2944 ) (-3072 3072 -1792 ) (-3584 3072 -1792 ) (-3584 3072 -2944 ) 
4 921 924 (-3584 3072 -2944 ) (-3584 3072 -1792 ) (-3584 3456 -1792 ) (-3584 3456 -2944 ) 
4 922 1183 (-3584 3072 1216 ) (-3584 3072 7168 ) (-3712 3072 7168 ) (-3712 3072 1216 ) 
4 922 923 (-3712 3072 1216 ) (-3712 3072 7168 ) (-3712 3712 7168 ) (-3712 3712 1216 ) 
4 923 1245 (-4096 3072 -128 ) (-4096 3072 7168 ) (-4096 3712 7168 ) (-4096 3712 -128 ) 
4 923 1184 (-4096 3072 1216 ) (-4096 3072 -128 ) (-3712 3072 -128 ) (-3712 3072 1216 ) 
4 923 1183 (-3712 3072 7168 ) (-4096 3072 7168 ) (-4096 3072 1216 ) (-3712 3072 1216 ) 
4 923 925 (-4096 3712 -128 ) (-3712 3712 -128 ) (-3712 3072 -128 ) (-4096 3072 -128 ) 
4 924 1186 (-3584 3072 -2944 ) (-3584 3072 -1792 ) (-3712 3072 -1792 ) (-3712 3072 -2944 ) 
4 924 925 (-3712 3712 -2944 ) (-3712 3072 -2944 ) (-3712 3072 -1792 ) (-3712 3712 -1792 ) 
4 925 1245 (-4096 3072 -2944 ) (-4096 3072 -128 ) (-4096 3712 -128 ) (-4096 3712 -2944 ) 
4 925 1186 (-4096 3072 -1792 ) (-4096 3072 -2944 ) (-3712 3072 -2944 ) (-3712 3072 -1792 ) 
4 925 1185 (-3712 3072 -128 ) (-4096 3072 -128 ) (-4096 3072 -1792 ) (-3712 3072 -1792 ) 
4 926 1058 (0 2048 1344 ) (0 2048 7168 ) (-272 2048 7168 ) (-272 2048 1344 ) 
4 926 938 (-272 2048 1344 ) (-272 2048 7168 ) (-272 3072 7168 ) (-272 3072 1344 ) 
4 927 1059 (0 2048 358.857117 ) (0 2048 1280 ) (-160 2048 1280 ) (-160 2048 336 ) 
4 927 936 (-116.923325 2352 342.153351 ) (-160 2352 336 ) (-160 2368 336 ) (-116.923317 2368 342.153351 ) 
4 927 935 (0 2368 358.856689 ) (0 2352 358.856689 ) (-116.923325 2352 342.153351 ) (-116.923317 2368 342.153351 ) 
4 927 937 (0 2352 358.856689 ) (0 2048 358.856689 ) (-160 2048 336 ) (-160 2352 336 ) 
4 927 931 (0 2448 358.856689 ) (0 2384 358.856689 ) (-160 2384 336 ) (-160 2448 336 ) 
4 927 930 (-160 3072 336 ) (0 3072 358.856689 ) (0 2448 358.856689 ) (-160 2448 336 ) 
4 927 933 (0 2384 358.856689 ) (0 2368 358.856689 ) (-160 2368 336 ) (-160 2384 336 ) 
4 927 929 (-160 2048 352 ) (-160 2048 1280 ) (-160 2368 1280 ) (-160 2368 352 ) 
4 927 928 (-160 3072 336.001862 ) (-160 2368 336.001892 ) (-160 2368 1280 ) (-160 3072 1280 ) 
4 928 939 (-272 2368 1280 ) (-272 3072 1280 ) (-272 3072 320 ) (-272 2368 320 ) 
4 928 931 (-160 2448 336 ) (-160 2384 336 ) (-240 2384 324.570984 ) (-240 2448 324.570984 ) 
4 928 930 (-240 3072 324.570984 ) (-160 3072 336 ) (-160 2448 336 ) (-240 2448 324.570984 ) 
4 928 933 (-160 2384 336 ) (-160 2368 336 ) (-240 2368 324.570984 ) (-240 2384 324.570984 ) 
4 928 934 (-272 2368 320 ) (-272 3072 320 ) (-240 3072 324.570984 ) (-240 2368 324.570984 ) 
4 928 929 (-160 2368 352 ) (-160 2368 1280 ) (-272 2368 1280 ) (-272 2368 336 ) 
4 929 1060 (-160 2048 1280 ) (-272 2048 1280 ) (-272 2048 336 ) (-160 2048 352 ) 
4 929 940 (-272 2048 336 ) (-272 2048 1280 ) (-272 2368 1280 ) (-272 2368 336 ) 
4 930 953 (0 2968 0 ) (0 2448 0 ) (-240 2448 0 ) (-240 2968 0 ) 
4 930 950 (-240 3072 0 ) (0 3072 0 ) (0 2968 0 ) (-240 2968 0 ) 
4 930 931 (-240 2448 324.570313 ) (-240 2448 152 ) (0 2448 152 ) (0 2448 358.856445 ) 
4 930 932 (-240 2448 32.181999 ) (-240 2448 0 ) (0 2448 0 ) (0 2448 32.181999 ) 
4 930 934 (-240 3072 0 ) (-240 2448 0 ) (-240 2448 324.566406 ) (-240 3072 324.566437 ) 
4 931 933 (-240 2384 324.570313 ) (-240 2384 152 ) (0 2384 152 ) (0 2384 358.856445 ) 
4 931 934 (-240 2384 152 ) (-240 2384 324.566406 ) (-240 2448 324.566406 ) (-240 2448 152 ) 
4 932 953 (0 2448 0 ) (0 2384 0 ) (-240 2384 0 ) (-240 2448 0 ) 
4 932 934 (-240 2448 0 ) (-240 2384 0 ) (-240 2384 32.181999 ) (-240 2448 32.181999 ) 
4 932 933 (-240 2384 32.181999 ) (-240 2384 0 ) (0 2384 0 ) (0 2384 32.181999 ) 
4 933 953 (0 2384 0 ) (0 2368 0 ) (-240 2368 0 ) (-240 2384 0 ) 
3 933 936 (-116.924042 2368 342.151917 ) (-160 2368 335.998138 ) (-176 2368 224 ) 
6 933 935 (0 2368 358.855469 ) (-116.924042 2368 342.151917 ) (-224 2368 128 ) (-240 2368 85.333344 ) (-240 2368 0 ) (0 2368 0 ) 
4 933 934 (-240 2384 0 ) (-240 2368 0 ) (-240 2368 324.566406 ) (-240 2384 324.566406 ) 
4 934 953 (-240 2968 0 ) (-240 2368 0 ) (-272 2368 0 ) (-272 2968 0 ) 
4 934 951 (-272 3072 0 ) (-256 3072 0 ) (-256 2968 0 ) (-272 2968 0 ) 
4 934 950 (-256 3072 0 ) (-240 3072 0 ) (-240 2968 0 ) (-256 2968 0 ) 
4 934 941 (-272 3072 0 ) (-272 2368 0 ) (-272 2368 320 ) (-272 3072 320 ) 
3 934 935 (-272 2368 0 ) (-240 2368 0 ) (-240 2368 85.333351 ) 
4 935 936 (-116.923828 2368 342.152344 ) (-176 2368 224 ) (-176 2352 224 ) (-116.923828 2352 342.152344 ) 
5 935 937 (0 2352 358.855469 ) (-116.924049 2352 342.151917 ) (-224 2352 128 ) (-272 2352 0 ) (0 2352 0 ) 
3 936 937 (-116.924049 2352 342.151917 ) (-160 2352 335.998138 ) (-176 2352 224 ) 
4 937 1062 (0 2048 0 ) (0 2048 358.857117 ) (-272 2048 320 ) (-272 2048 0 ) 
4 937 946 (-272 2352 0 ) (-272 2048 0 ) (-272 2048 112 ) (-272 2352 112 ) 
4 937 942 (-272 2048 128 ) (-272 2048 320 ) (-272 2352 320 ) (-272 2352 128 ) 
4 938 1066 (-320 2048 7168 ) (-320 2048 1344 ) (-272 2048 1344 ) (-272 2048 7168 ) 
4 938 969 (-320 2048 1344 ) (-320 2048 7168 ) (-320 2384 7168 ) (-320 2384 1344 ) 
4 938 956 (-320 2384 7168 ) (-320 3072 7168 ) (-320 3072 1344 ) (-320 2384 1344 ) 
4 939 970 (-320 2384 384 ) (-320 2384 336 ) (-320 2368 336 ) (-320 2368 384 ) 
5 939 959 (-320 3072 384 ) (-320 3072 320 ) (-320 2493.714355 320 ) (-320 2496 336 ) (-320 2832 384 ) 
4 939 958 (-320 2384 336 ) (-320 2384 384 ) (-320 2496 384 ) (-320 2496 352 ) 
3 939 957 (-320 2832 384 ) (-320 2496 336 ) (-320 2496 384 ) 
4 939 941 (-320 2368 320 ) (-320 3072 320 ) (-272 3072 320 ) (-272 2368 320 ) 
4 939 940 (-272 2368 336 ) (-272 2368 1280 ) (-320 2368 1280 ) (-320 2368 336 ) 
4 940 1067 (-320 2048 1280 ) (-320 2048 336 ) (-272 2048 336 ) (-272 2048 1280 ) 
4 940 970 (-320 2336 384 ) (-320 2368 384 ) (-320 2368 336 ) (-320 2336 336 ) 
4 940 971 (-320 2048 336 ) (-320 2048 384 ) (-320 2336 384 ) (-320 2336 336 ) 
4 941 960 (-320 2480.001709 224.010849 ) (-320 2448 0 ) (-320 2384 0 ) (-320 2432.011719 128.031372 ) 
4 941 959 (-320 2493.714355 320 ) (-320 3072 320 ) (-320 3072 0 ) (-320 2448 0 ) 
4 941 953 (-320 2368 0 ) (-320 2968 0 ) (-272 2968 0 ) (-272 2368 0 ) 
4 941 951 (-320 2968 0 ) (-320 3072 0 ) (-272 3072 0 ) (-272 2968 0 ) 
4 942 1069 (-288 2048 128 ) (-272 2048 128 ) (-272 2048 320 ) (-288 2048 320 ) 
4 942 944 (-288 2352 304 ) (-288 2352 128 ) (-288 2048 128 ) (-288 2048 304 ) 
4 942 943 (-288 2352 320 ) (-288 2352 304 ) (-288 2048 304 ) (-288 2048 320 ) 
4 943 1070 (-288 2048 304 ) (-288 2048 320 ) (-304 2048 320 ) (-304 2048 304 ) 
4 943 945 (-304 2352 320 ) (-304 2352 304 ) (-304 2048 304 ) (-304 2048 320 ) 
4 943 944 (-304 2048 304 ) (-304 2352 304 ) (-288 2352 304 ) (-288 2048 304 ) 
4 944 1071 (-304 2048 128 ) (-288 2048 128 ) (-288 2048 304 ) (-304 2048 304 ) 
4 944 945 (-304 2352 304 ) (-304 2352 128 ) (-304 2048 128 ) (-304 2048 304 ) 
4 945 1072 (-320 2048 320 ) (-320 2048 128 ) (-304 2048 128 ) (-304 2048 320 ) 
4 945 996 (-320 2048 128 ) (-320 2048 320 ) (-320 2336 320 ) (-320 2336 128 ) 
4 946 1073 (-288 2048 0 ) (-272 2048 0 ) (-272 2048 112 ) (-288 2048 112 ) 
4 946 948 (-288 2352 8 ) (-288 2352 0 ) (-288 2048 0 ) (-288 2048 8 ) 
4 946 947 (-288 2048 112 ) (-288 2352 112 ) (-288 2352 8 ) (-288 2048 8 ) 
4 947 1074 (-288 2048 8 ) (-288 2048 112 ) (-304 2048 112 ) (-304 2048 8 ) 
4 947 949 (-304 2048 112 ) (-304 2352 112 ) (-304 2352 8 ) (-304 2048 8 ) 
4 947 948 (-304 2048 8 ) (-304 2352 8 ) (-288 2352 8 ) (-288 2048 8 ) 
4 948 1075 (-304 2048 0 ) (-288 2048 0 ) (-288 2048 8 ) (-304 2048 8 ) 
4 948 949 (-304 2352 8 ) (-304 2352 0 ) (-304 2048 0 ) (-304 2048 8 ) 
4 949 1076 (-320 2048 112 ) (-320 2048 0 ) (-304 2048 0 ) (-304 2048 112 ) 
4 949 996 (-320 2048 0 ) (-320 2048 112 ) (-320 2336 112 ) (-320 2336 0 ) 
4 950 953 (-256 2968 -256 ) (0 2968 -256 ) (0 2968 0 ) (-256 2968 0 ) 
4 950 951 (-256 2968 -104 ) (-256 2968 0 ) (-256 3072 0 ) (-256 3072 -104 ) 
4 950 952 (-256 3072 -256 ) (-256 2968 -256 ) (-256 2968 -223.817993 ) (-256 3072 -223.817993 ) 
4 951 959 (-320 2968 0 ) (-320 3072 0 ) (-320 3072 -104 ) (-320 2968 -104 ) 
4 951 953 (-256 2968 -104 ) (-256 2968 0 ) (-320 2968 0 ) (-320 2968 -104 ) 
4 952 959 (-320 3072 -223.817993 ) (-320 3072 -256 ) (-320 2968 -256 ) (-320 2968 -223.817993 ) 
4 952 953 (-320 2968 -256 ) (-256 2968 -256 ) (-256 2968 -223.817993 ) (-320 2968 -223.817993 ) 
4 953 997 (-320 2368 0 ) (-320 2384 0 ) (-320 2384 -256 ) (-320 2368 -256 ) 
4 953 960 (-320 2384 0 ) (-320 2448 0 ) (-320 2411.428467 -256 ) (-320 2384 -256 ) 
4 953 959 (-320 2448 0 ) (-320 2968 0 ) (-320 2968 -256 ) (-320 2411.428467 -256 ) 
4 954 1100 (0 2048 -1024 ) (0 2048 -928 ) (-320 2048 -928 ) (-320 2048 -1024 ) 
4 954 1099 (0 2048 -928 ) (0 2048 -256 ) (-320 2048 -256 ) (-320 2048 -928 ) 
4 954 1000 (-320 2048 -1024 ) (-320 2048 -928 ) (-320 2112 -928 ) (-320 2112 -1024 ) 
4 954 998 (-320 2048 -928 ) (-320 2048 -256 ) (-320 2112 -256 ) (-320 2112 -928 ) 
4 954 955 (-320 2048 -1024 ) (-320 2112 -1024 ) (0 2112 -1024 ) (0 2048 -1024 ) 
4 955 1100 (0 2048 -2944 ) (0 2048 -1024 ) (-320 2048 -1024 ) (-320 2048 -2944 ) 
4 955 1001 (-320 2048 -2944 ) (-320 2048 -1024 ) (-320 2384 -1024 ) (-320 2384 -2944 ) 
4 955 968 (-320 2384 -1024 ) (-320 3072 -1024 ) (-320 3072 -2944 ) (-320 2384 -2944 ) 
4 956 1020 (-1024 2944 1344 ) (-1024 2384 1344 ) (-1024 2384 7168 ) (-1024 2944 7168 ) 
4 956 1002 (-1024 3072 7168 ) (-1024 3072 1344 ) (-1024 2944 1344 ) (-1024 2944 7168 ) 
4 956 969 (-1024 2384 7168 ) (-1024 2384 1344 ) (-320 2384 1344 ) (-320 2384 7168 ) 
3 957 1021 (-1024 2831.998047 384 ) (-1024 2496 336 ) (-1024 2496 384 ) 
4 957 967 (-1024 2496 336 ) (-1024 2831.998047 384 ) (-920 2831.998047 384 ) (-920 2496 336 ) 
4 957 965 (-920 2831.998047 384 ) (-904 2831.998047 384 ) (-904 2496 336 ) (-920 2496 336 ) 
4 957 964 (-904 2831.998047 384 ) (-696 2831.998047 384 ) (-696 2496 336 ) (-904 2496 336 ) 
4 957 962 (-696 2831.998047 384 ) (-680 2831.998047 384 ) (-680 2496 336 ) (-696 2496 336 ) 
4 957 961 (-680 2831.998047 384 ) (-336 2831.998047 384 ) (-336 2496 336 ) (-680 2496 336 ) 
4 957 959 (-336 2831.998047 384 ) (-320 2831.998047 384 ) (-320 2496 336 ) (-336 2496 336 ) 
4 957 958 (-320 2496 352 ) (-320 2496 384 ) (-1024 2496 384 ) (-1024 2496 352 ) 
4 958 1022 (-1024 2384 336 ) (-1024 2384 384 ) (-1024 2496 384 ) (-1024 2496 352 ) 
4 958 970 (-1024 2384 384 ) (-1024 2384 336 ) (-320 2384 336 ) (-320 2384 384 ) 
5 959 961 (-336 3072 -256 ) (-336 2411.428467 -256 ) (-336 2496 336 ) (-336 2832.006836 384 ) (-336 3072 384 ) 
4 959 960 (-336 2480 224.009003 ) (-336 2411.427979 -256 ) (-320 2411.427979 -256 ) (-320 2480 224.009003 ) 
4 960 997 (-336 2384 -256 ) (-320 2384 -256 ) (-320 2384 0 ) (-336 2384 0 ) 
5 960 961 (-336 2411.428467 -256 ) (-336 2384 -256 ) (-336 2384 0 ) (-336 2432.011719 128.031128 ) (-336 2480.001465 224.010468 ) 
4 961 997 (-680 2384 -256 ) (-336 2384 -256 ) (-336 2384 0 ) (-680 2384 0 ) 
4 961 976 (-336 2384 0 ) (-336 2384 112 ) (-680 2384 112 ) (-680 2384 0 ) 
4 961 972 (-336 2384 128 ) (-336 2384 320 ) (-680 2384 320 ) (-680 2384 128 ) 
5 961 963 (-680 2411.428467 -256 ) (-680 2384 -256 ) (-680 2384 0 ) (-680 2432.011719 128.031128 ) (-680 2480.001465 224.010468 ) 
5 961 962 (-680 3072 -256 ) (-680 2411.428467 -256 ) (-680 2496 336 ) (-680 2832.006836 384 ) (-680 3072 384 ) 
5 962 964 (-696 3072 -256 ) (-696 2411.428467 -256 ) (-696 2496 336 ) (-696 2832.006836 384 ) (-696 3072 384 ) 
4 962 963 (-680 2411.428711 -256 ) (-680 2480 224.009521 ) (-696 2480 224.009003 ) (-696 2411.427979 -256 ) 
4 963 997 (-696 2384 -256 ) (-680 2384 -256 ) (-680 2384 0 ) (-696 2384 0 ) 
5 963 964 (-696 2411.428467 -256 ) (-696 2384 -256 ) (-696 2384 0 ) (-696 2432.011719 128.031128 ) (-696 2480.001465 224.010468 ) 
4 964 997 (-904 2384 -256 ) (-696 2384 -256 ) (-696 2384 0 ) (-904 2384 0 ) 
4 964 984 (-696 2384 0 ) (-696 2384 112 ) (-904 2384 112 ) (-904 2384 0 ) 
4 964 980 (-696 2384 128 ) (-696 2384 320 ) (-904 2384 320 ) (-904 2384 128 ) 
5 964 966 (-904 2411.428467 -256 ) (-904 2384 -256 ) (-904 2384 0 ) (-904 2432.011719 128.031128 ) (-904 2480.001465 224.010468 ) 
5 964 965 (-904 3072 -256 ) (-904 2411.428467 -256 ) (-904 2496 336 ) (-904 2832.006836 384 ) (-904 3072 384 ) 
5 965 967 (-920 3072 -256 ) (-920 2411.428467 -256 ) (-920 2496 336 ) (-920 2832.006836 384 ) (-920 3072 384 ) 
4 965 966 (-904 2411.428711 -256 ) (-904 2480 224.009521 ) (-920 2480 224.009003 ) (-920 2411.427979 -256 ) 
4 966 997 (-920 2384 -256 ) (-904 2384 -256 ) (-904 2384 0 ) (-920 2384 0 ) 
5 966 967 (-920 2411.428467 -256 ) (-920 2384 -256 ) (-920 2384 0 ) (-920 2432.011719 128.031128 ) (-920 2480.001465 224.010468 ) 
4 967 1042 (-1024 2944 -256 ) (-1024 2384 -256 ) (-1024 2384 0 ) (-1024 2944 0 ) 
4 967 1023 (-1024 2384 0 ) (-1024 2384 320 ) (-1024 2496 336 ) (-1024 2496 0 ) 
5 967 1021 (-1024 2496 336 ) (-1024 2831.998047 384 ) (-1024 2944 384 ) (-1024 2944 0 ) (-1024 2496 0 ) 
4 967 1018 (-1024 2960 -256 ) (-1024 2944 -256 ) (-1024 2944 -128 ) (-1024 2960 -128 ) 
4 967 1014 (-1024 3072 -144 ) (-1024 3072 -256 ) (-1024 2960 -256 ) (-1024 2960 -144 ) 
4 967 1013 (-1024 3072 -128 ) (-1024 3072 -144 ) (-1024 2960 -144 ) (-1024 2960 -128 ) 
4 967 1011 (-1024 2960 -128 ) (-1024 2944 -128 ) (-1024 2944 64 ) (-1024 2960 64 ) 
4 967 1010 (-1024 2944 64 ) (-1024 2944 80 ) (-1024 2960 80 ) (-1024 2960 64 ) 
4 967 1006 (-1024 3072 64 ) (-1024 3072 -128 ) (-1024 2960 -128 ) (-1024 2960 64 ) 
4 967 1005 (-1024 3072 80 ) (-1024 3072 64 ) (-1024 2960 64 ) (-1024 2960 80 ) 
4 967 1003 (-1024 3072 384 ) (-1024 3072 80 ) (-1024 2944 80 ) (-1024 2944 384 ) 
4 967 997 (-1024 2384 0 ) (-1024 2384 -256 ) (-920 2384 -256 ) (-920 2384 0 ) 
4 967 992 (-1024 2384 112 ) (-1024 2384 0 ) (-920 2384 0 ) (-920 2384 112 ) 
4 967 988 (-1024 2384 320 ) (-1024 2384 128 ) (-920 2384 128 ) (-920 2384 320 ) 
4 968 1045 (-1024 2944 -2944 ) (-1024 2384 -2944 ) (-1024 2384 -1024 ) (-1024 2944 -1024 ) 
4 968 1019 (-1024 3072 -1024 ) (-1024 3072 -2944 ) (-1024 2944 -2944 ) (-1024 2944 -1024 ) 
4 968 1001 (-1024 2384 -1024 ) (-1024 2384 -2944 ) (-320 2384 -2944 ) (-320 2384 -1024 ) 
4 969 1078 (-320 2048 1344 ) (-320 2048 7168 ) (-1024 2048 7168 ) (-1024 2048 1344 ) 
4 969 1027 (-1024 2048 1344 ) (-1024 2048 7168 ) (-1024 2384 7168 ) (-1024 2384 1344 ) 
4 970 1028 (-1024 2336 384 ) (-1024 2384 384 ) (-1024 2384 336 ) (-1024 2336 336 ) 
4 970 971 (-320 2336 336 ) (-320 2336 384 ) (-1024 2336 384 ) (-1024 2336 336 ) 
4 971 1079 (-320 2048 320 ) (-320 2048 384 ) (-1024 2048 384 ) (-1024 2048 320 ) 
4 971 1029 (-1024 2048 320 ) (-1024 2048 336 ) (-1024 2336 336 ) (-1024 2336 320 ) 
4 971 1028 (-1024 2048 336 ) (-1024 2048 384 ) (-1024 2336 384 ) (-1024 2336 336 ) 
4 971 996 (-1024 2048 320 ) (-1024 2336 320 ) (-320 2336 320 ) (-320 2048 320 ) 
4 972 974 (-680 2368 304 ) (-680 2368 128 ) (-336 2368 128 ) (-336 2368 304 ) 
4 972 973 (-680 2368 320 ) (-680 2368 304 ) (-336 2368 304 ) (-336 2368 320 ) 
4 973 975 (-680 2352 320 ) (-680 2352 304 ) (-336 2352 304 ) (-336 2352 320 ) 
4 973 974 (-336 2352 304 ) (-680 2352 304 ) (-680 2368 304 ) (-336 2368 304 ) 
4 974 975 (-680 2352 304 ) (-680 2352 128 ) (-336 2352 128 ) (-336 2352 304 ) 
4 975 996 (-336 2336 128 ) (-336 2336 320 ) (-680 2336 320 ) (-680 2336 128 ) 
4 976 997 (-680 2384 0 ) (-336 2384 0 ) (-336 2368 0 ) (-680 2368 0 ) 
4 976 978 (-336 2368 0 ) (-336 2368 8 ) (-680 2368 8 ) (-680 2368 0 ) 
4 976 977 (-336 2368 8 ) (-336 2368 112 ) (-680 2368 112 ) (-680 2368 8 ) 
4 977 979 (-336 2352 8 ) (-336 2352 112 ) (-680 2352 112 ) (-680 2352 8 ) 
4 977 978 (-336 2352 8 ) (-680 2352 8 ) (-680 2368 8 ) (-336 2368 8 ) 
4 978 979 (-336 2352 0 ) (-336 2352 8 ) (-680 2352 8 ) (-680 2352 0 ) 
4 979 996 (-680 2336 0 ) (-336 2336 0 ) (-336 2336 112 ) (-680 2336 112 ) 
4 980 982 (-904 2368 304 ) (-904 2368 128 ) (-696 2368 128 ) (-696 2368 304 ) 
4 980 981 (-904 2368 320 ) (-904 2368 304 ) (-696 2368 304 ) (-696 2368 320 ) 
4 981 983 (-904 2352 320 ) (-904 2352 304 ) (-696 2352 304 ) (-696 2352 320 ) 
4 981 982 (-696 2352 304 ) (-904 2352 304 ) (-904 2368 304 ) (-696 2368 304 ) 
4 982 983 (-904 2352 304 ) (-904 2352 128 ) (-696 2352 128 ) (-696 2352 304 ) 
4 983 996 (-696 2336 128 ) (-696 2336 320 ) (-904 2336 320 ) (-904 2336 128 ) 
4 984 997 (-904 2384 0 ) (-696 2384 0 ) (-696 2368 0 ) (-904 2368 0 ) 
4 984 986 (-696 2368 0 ) (-696 2368 8 ) (-904 2368 8 ) (-904 2368 0 ) 
4 984 985 (-696 2368 8 ) (-696 2368 112 ) (-904 2368 112 ) (-904 2368 8 ) 
4 985 987 (-696 2352 8 ) (-696 2352 112 ) (-904 2352 112 ) (-904 2352 8 ) 
4 985 986 (-696 2352 8 ) (-904 2352 8 ) (-904 2368 8 ) (-696 2368 8 ) 
4 986 987 (-696 2352 0 ) (-696 2352 8 ) (-904 2352 8 ) (-904 2352 0 ) 
4 987 996 (-904 2336 0 ) (-696 2336 0 ) (-696 2336 112 ) (-904 2336 112 ) 
4 988 1031 (-1024 2368 320 ) (-1024 2384 320 ) (-1024 2384 128 ) (-1024 2368 128 ) 
4 988 990 (-1024 2368 128 ) (-920 2368 128 ) (-920 2368 304 ) (-1024 2368 304 ) 
4 988 989 (-920 2368 304 ) (-920 2368 320 ) (-1024 2368 320 ) (-1024 2368 304 ) 
4 989 1032 (-1024 2352 320 ) (-1024 2368 320 ) (-1024 2368 304 ) (-1024 2352 304 ) 
4 989 991 (-920 2352 304 ) (-920 2352 320 ) (-1024 2352 320 ) (-1024 2352 304 ) 
4 989 990 (-920 2352 304 ) (-1024 2352 304 ) (-1024 2368 304 ) (-920 2368 304 ) 
4 990 1033 (-1024 2368 304 ) (-1024 2368 128 ) (-1024 2352 128 ) (-1024 2352 304 ) 
4 990 991 (-1024 2352 128 ) (-920 2352 128 ) (-920 2352 304 ) (-1024 2352 304 ) 
4 991 1034 (-1024 2336 320 ) (-1024 2352 320 ) (-1024 2352 128 ) (-1024 2336 128 ) 
4 991 996 (-920 2336 128 ) (-920 2336 320 ) (-1024 2336 320 ) (-1024 2336 128 ) 
4 992 1036 (-1024 2384 112 ) (-1024 2384 0 ) (-1024 2368 0 ) (-1024 2368 112 ) 
4 992 997 (-1024 2384 0 ) (-920 2384 0 ) (-920 2368 0 ) (-1024 2368 0 ) 
4 992 994 (-1024 2368 0 ) (-920 2368 0 ) (-920 2368 8 ) (-1024 2368 8 ) 
4 992 993 (-920 2368 8 ) (-920 2368 112 ) (-1024 2368 112 ) (-1024 2368 8 ) 
4 993 1037 (-1024 2352 8 ) (-1024 2352 112 ) (-1024 2368 112 ) (-1024 2368 8 ) 
4 993 995 (-920 2352 8 ) (-920 2352 112 ) (-1024 2352 112 ) (-1024 2352 8 ) 
4 993 994 (-920 2352 8 ) (-1024 2352 8 ) (-1024 2368 8 ) (-920 2368 8 ) 
4 994 1038 (-1024 2368 0 ) (-1024 2352 0 ) (-1024 2352 8 ) (-1024 2368 8 ) 
4 994 995 (-1024 2352 0 ) (-920 2352 0 ) (-920 2352 8 ) (-1024 2352 8 ) 
4 995 1039 (-1024 2352 0 ) (-1024 2336 0 ) (-1024 2336 112 ) (-1024 2352 112 ) 
4 995 996 (-1024 2336 0 ) (-920 2336 0 ) (-920 2336 112 ) (-1024 2336 112 ) 
4 996 1079 (-320 2048 0 ) (-320 2048 320 ) (-1024 2048 320 ) (-1024 2048 0 ) 
4 996 1039 (-1024 2048 0 ) (-1024 2048 112 ) (-1024 2336 112 ) (-1024 2336 0 ) 
4 996 1035 (-1024 2048 112 ) (-1024 2048 128 ) (-1024 2336 128 ) (-1024 2336 112 ) 
4 996 1034 (-1024 2048 128 ) (-1024 2048 320 ) (-1024 2336 320 ) (-1024 2336 128 ) 
4 996 999 (-1024 2072 0 ) (-1024 2240 0 ) (-904 2240 0 ) (-904 2072 0 ) 
4 997 1042 (-1024 2368 0 ) (-1024 2384 0 ) (-1024 2384 -256 ) (-1024 2368 -256 ) 
4 998 1099 (-320 2048 -928 ) (-320 2048 -256 ) (-848 2048 -256 ) (-848 2048 -928 ) 
4 998 1000 (-848 2368 -928 ) (-320 2368 -928 ) (-320 2048 -928 ) (-848 2048 -928 ) 
4 999 1043 (-1024 2072 0 ) (-1024 2240 0 ) (-1024 2240 -864 ) (-1024 2072 -864 ) 
4 1000 1100 (-320 2048 -1024 ) (-320 2048 -928 ) (-1024 2048 -928 ) (-1024 2048 -1024 ) 
4 1000 1044 (-1024 2048 -1024 ) (-1024 2048 -928 ) (-1024 2368 -928 ) (-1024 2368 -1024 ) 
4 1000 1001 (-320 2368 -1024 ) (-320 2048 -1024 ) (-1024 2048 -1024 ) (-1024 2368 -1024 ) 
4 1001 1100 (-320 2048 -2944 ) (-320 2048 -1024 ) (-1024 2048 -1024 ) (-1024 2048 -2944 ) 
4 1001 1045 (-1024 2048 -2944 ) (-1024 2048 -1024 ) (-1024 2384 -1024 ) (-1024 2384 -2944 ) 
4 1002 1046 (-1216 2944 1344 ) (-1216 2944 7168 ) (-1216 3072 7168 ) (-1216 3072 1344 ) 
4 1002 1020 (-1216 2944 7168 ) (-1216 2944 1344 ) (-1024 2944 1344 ) (-1024 2944 7168 ) 
4 1003 1021 (-1056 2944 80 ) (-1024 2944 80 ) (-1024 2944 384 ) (-1056 2944 384 ) 
4 1003 1010 (-1024 2944 80 ) (-1056 2944 80 ) (-1056 2960 80 ) (-1024 2960 80 ) 
4 1003 1005 (-1056 2960 80 ) (-1056 3072 80 ) (-1024 3072 80 ) (-1024 2960 80 ) 
4 1003 1004 (-1056 2944 96 ) (-1056 2944 384 ) (-1056 3072 384 ) (-1056 3072 96 ) 
4 1004 1021 (-1152 2944 82.285713 ) (-1056 2944 96 ) (-1056 2944 384 ) (-1152 2944 384 ) 
5 1004 1026 (-1216 2944 384 ) (-1216 2944 80 ) (-1168 2944 80 ) (-1152 2944 82.285713 ) (-1152 2944 384 ) 
4 1005 1010 (-1024 2960 64 ) (-1024 2960 80 ) (-1056 2960 80 ) (-1058.285645 2960 64 ) 
4 1005 1006 (-1024 2960 64 ) (-1168 2960 64 ) (-1168 3072 64 ) (-1024 3072 64 ) 
4 1006 1013 (-1168 3072 -128 ) (-1024 3072 -128 ) (-1024 2960 -128 ) (-1168 2960 -128 ) 
3 1006 1012 (-1072 2960 -32 ) (-1024 2960 64 ) (-1058.285645 2960 64 ) 
3 1006 1011 (-1120 2960 -128 ) (-1024 2960 -128 ) (-1024 2960 64 ) 
4 1006 1008 (-1184 3072 -128 ) (-1184 2960 -128 ) (-1184 2960 48 ) (-1184 3072 48 ) 
4 1006 1007 (-1184 2960 48 ) (-1184 2960 64 ) (-1184 3072 64 ) (-1184 3072 48 ) 
4 1007 1009 (-1200 2960 48 ) (-1200 2960 64 ) (-1200 3072 64 ) (-1200 3072 48 ) 
4 1007 1008 (-1200 2960 48 ) (-1200 3072 48 ) (-1184 3072 48 ) (-1184 2960 48 ) 
4 1008 1009 (-1200 3072 -128 ) (-1200 2960 -128 ) (-1200 2960 48 ) (-1200 3072 48 ) 
4 1009 1047 (-1216 3072 64 ) (-1216 3072 -128 ) (-1216 2960 -128 ) (-1216 2960 64 ) 
4 1010 1021 (-1058.285645 2944 64 ) (-1024 2944 64 ) (-1024 2944 80 ) (-1056 2944 80 ) 
4 1010 1012 (-1024 2944 64 ) (-1058.285645 2944 64 ) (-1058.285645 2960 64 ) (-1024 2960 64 ) 
4 1011 1042 (-1120 2944 -128 ) (-1024 2944 -128 ) (-1024 2944 0 ) (-1056 2944 0 ) 
3 1011 1021 (-1024 2944 0 ) (-1024 2944 64 ) (-1056 2944 0 ) 
4 1011 1018 (-1024 2944 -128 ) (-1120 2944 -128 ) (-1120 2960 -128 ) (-1024 2960 -128 ) 
4 1011 1012 (-1024 2944 64 ) (-1024 2960 64 ) (-1072 2960 -32 ) (-1072 2944 -32 ) 
3 1012 1042 (-1072 2944 -32 ) (-1056 2944 0 ) (-1067.428589 2944 0 ) 
4 1012 1021 (-1056 2944 0 ) (-1024 2944 64 ) (-1058.285645 2944 64 ) (-1067.428589 2944 0 ) 
4 1013 1018 (-1024 2960 -144 ) (-1024 2960 -128 ) (-1120 2960 -128 ) (-1126 2960 -144 ) 
4 1013 1014 (-1024 2960 -144 ) (-1168 2960 -144 ) (-1168 3072 -144 ) (-1024 3072 -144 ) 
4 1014 1018 (-1168 2960 -256 ) (-1024 2960 -256 ) (-1024 2960 -144 ) (-1126 2960 -144 ) 
4 1014 1016 (-1184 3072 -256 ) (-1184 2960 -256 ) (-1184 2960 -248 ) (-1184 3072 -248 ) 
4 1014 1015 (-1184 2960 -248 ) (-1184 2960 -144 ) (-1184 3072 -144 ) (-1184 3072 -248 ) 
4 1015 1017 (-1200 2960 -248 ) (-1200 2960 -144 ) (-1200 3072 -144 ) (-1200 3072 -248 ) 
4 1015 1016 (-1200 2960 -248 ) (-1200 3072 -248 ) (-1184 3072 -248 ) (-1184 2960 -248 ) 
4 1016 1017 (-1200 3072 -256 ) (-1200 2960 -256 ) (-1200 2960 -248 ) (-1200 3072 -248 ) 
4 1017 1047 (-1216 3072 -144 ) (-1216 3072 -256 ) (-1216 2960 -256 ) (-1216 2960 -144 ) 
4 1018 1042 (-1168 2944 -256 ) (-1024 2944 -256 ) (-1024 2944 -128 ) (-1120 2944 -128 ) 
4 1019 1057 (-1216 2944 -2944 ) (-1216 2944 -1792 ) (-1216 3072 -1792 ) (-1216 3072 -2944 ) 
4 1019 1052 (-1216 2944 -1792 ) (-1216 2944 -1024 ) (-1216 3072 -1024 ) (-1216 3072 -1792 ) 
4 1019 1045 (-1216 2944 -1024 ) (-1216 2944 -2944 ) (-1024 2944 -2944 ) (-1024 2944 -1024 ) 
4 1020 1051 (-1216 2944 7168 ) (-1216 2944 1344 ) (-1216 2384 1344 ) (-1216 2384 7168 ) 
4 1020 1027 (-1216 2384 7168 ) (-1216 2384 1344 ) (-1024 2384 1344 ) (-1024 2384 7168 ) 
4 1021 1042 (-1152 2944 0 ) (-1024 2944 0 ) (-1024 2496 0 ) (-1152 2496 0 ) 
4 1021 1024 (-1152 2496 336 ) (-1152 2496 0 ) (-1136 2496 0 ) (-1136 2496 336 ) 
4 1021 1023 (-1136 2496 0 ) (-1024 2496 0 ) (-1024 2496 336 ) (-1136 2496 336 ) 
4 1021 1022 (-1152 2496 384 ) (-1152 2496 352 ) (-1024 2496 352 ) (-1024 2496 384 ) 
4 1021 1026 (-1152 2944 0 ) (-1152 2496 0 ) (-1152 2496 384 ) (-1152 2944 384 ) 
4 1022 1028 (-1024 2384 336 ) (-1024 2384 384 ) (-1152 2384 384 ) (-1152 2384 336 ) 
4 1022 1026 (-1152 2384 336 ) (-1152 2384 384 ) (-1152 2496 384 ) (-1152 2496 352 ) 
4 1023 1042 (-1024 2496 0 ) (-1024 2384 0 ) (-1136 2384 0 ) (-1136 2496 0 ) 
4 1023 1036 (-1136 2384 0 ) (-1024 2384 0 ) (-1024 2384 112 ) (-1136 2384 112 ) 
4 1023 1031 (-1024 2384 128 ) (-1024 2384 320 ) (-1136 2384 320 ) (-1136 2384 128 ) 
4 1023 1025 (-1136 2384 0 ) (-1136 2432.011719 128.031494 ) (-1136 2480.001709 224.011078 ) (-1136 2448 0 ) 
3 1023 1024 (-1136 2496 336 ) (-1136 2496 0 ) (-1136 2448 0 ) 
4 1024 1042 (-1152 2448 0 ) (-1152 2496 0 ) (-1136 2496 0 ) (-1136 2448 0 ) 
4 1024 1025 (-1136 2448 0 ) (-1136 2480.002441 224.012680 ) (-1152 2480.002441 224.012680 ) (-1152 2448 0 ) 
3 1024 1026 (-1152 2496 0 ) (-1152 2448 0 ) (-1152 2496 336 ) 
4 1025 1042 (-1136 2384 0 ) (-1152 2384 0 ) (-1152 2448 0 ) (-1136 2448 0 ) 
4 1025 1026 (-1152 2448 0 ) (-1152 2384 0 ) (-1152 2432.011719 128.031540 ) (-1152 2480.001709 224.011200 ) 
4 1026 1042 (-1216 2384 0 ) (-1216 2944 0 ) (-1152 2944 0 ) (-1152 2384 0 ) 
4 1026 1041 (-1216 2384 320 ) (-1216 2384 0 ) (-1152 2384 0 ) (-1152 2384 320 ) 
4 1026 1030 (-1216 2384 336 ) (-1216 2384 320 ) (-1152 2384 320 ) (-1152 2384 336 ) 
4 1026 1028 (-1216 2384 384 ) (-1216 2384 336 ) (-1152 2384 336 ) (-1152 2384 384 ) 
4 1027 1105 (-1024 2048 1344 ) (-1024 2048 7168 ) (-1216 2048 7168 ) (-1216 2048 1344 ) 
4 1027 1051 (-1216 2048 1344 ) (-1216 2048 7168 ) (-1216 2384 7168 ) (-1216 2384 1344 ) 
4 1028 1106 (-1024 2048 336 ) (-1024 2048 384 ) (-1216 2048 384 ) (-1216 2048 336 ) 
4 1028 1029 (-1024 2048 336 ) (-1152 2048 336 ) (-1152 2336 336 ) (-1024 2336 336 ) 
4 1028 1030 (-1152 2048 336 ) (-1216 2048 336 ) (-1216 2384 336 ) (-1152 2384 336 ) 
4 1029 1106 (-1024 2048 320 ) (-1024 2048 336 ) (-1152 2048 336 ) (-1152 2048 320 ) 
4 1029 1040 (-1136 2048 320 ) (-1152 2048 320 ) (-1152 2336 320 ) (-1136 2336 320 ) 
4 1029 1034 (-1024 2336 320 ) (-1024 2048 320 ) (-1136 2048 320 ) (-1136 2336 320 ) 
4 1029 1030 (-1152 2336 320 ) (-1152 2048 320 ) (-1152 2048 336 ) (-1152 2336 336 ) 
4 1030 1106 (-1152 2048 336 ) (-1216 2048 336 ) (-1216 2048 320 ) (-1152 2048 320 ) 
4 1030 1041 (-1216 2048 320 ) (-1216 2384 320 ) (-1152 2384 320 ) (-1152 2048 320 ) 
4 1031 1033 (-1136 2368 304 ) (-1136 2368 128 ) (-1024 2368 128 ) (-1024 2368 304 ) 
4 1031 1032 (-1136 2368 320 ) (-1136 2368 304 ) (-1024 2368 304 ) (-1024 2368 320 ) 
4 1032 1034 (-1136 2352 320 ) (-1136 2352 304 ) (-1024 2352 304 ) (-1024 2352 320 ) 
4 1032 1033 (-1024 2352 304 ) (-1136 2352 304 ) (-1136 2368 304 ) (-1024 2368 304 ) 
4 1033 1034 (-1136 2352 304 ) (-1136 2352 128 ) (-1024 2352 128 ) (-1024 2352 304 ) 
4 1034 1106 (-1024 2048 128 ) (-1024 2048 320 ) (-1136 2048 320 ) (-1136 2048 128 ) 
4 1034 1040 (-1136 2048 320 ) (-1136 2336 320 ) (-1136 2336 128 ) (-1136 2048 128 ) 
4 1034 1035 (-1024 2048 128 ) (-1136 2048 128 ) (-1136 2336 128 ) (-1024 2336 128 ) 
4 1035 1106 (-1024 2048 112 ) (-1024 2048 128 ) (-1136 2048 128 ) (-1136 2048 112 ) 
4 1035 1040 (-1136 2336 112 ) (-1136 2048 112 ) (-1136 2048 128 ) (-1136 2336 128 ) 
4 1035 1039 (-1136 2048 112 ) (-1136 2336 112 ) (-1024 2336 112 ) (-1024 2048 112 ) 
4 1036 1042 (-1136 2384 0 ) (-1024 2384 0 ) (-1024 2368 0 ) (-1136 2368 0 ) 
4 1036 1038 (-1136 2368 8 ) (-1136 2368 0 ) (-1024 2368 0 ) (-1024 2368 8 ) 
4 1036 1037 (-1024 2368 112 ) (-1136 2368 112 ) (-1136 2368 8 ) (-1024 2368 8 ) 
4 1037 1039 (-1024 2352 112 ) (-1136 2352 112 ) (-1136 2352 8 ) (-1024 2352 8 ) 
4 1037 1038 (-1024 2352 8 ) (-1136 2352 8 ) (-1136 2368 8 ) (-1024 2368 8 ) 
4 1038 1039 (-1136 2352 8 ) (-1136 2352 0 ) (-1024 2352 0 ) (-1024 2352 8 ) 
4 1039 1106 (-1024 2048 0 ) (-1024 2048 112 ) (-1136 2048 112 ) (-1136 2048 0 ) 
4 1039 1043 (-1024 2240 0 ) (-1024 2072 0 ) (-1096 2072 0 ) (-1096 2240 0 ) 
4 1039 1040 (-1136 2336 0 ) (-1136 2048 0 ) (-1136 2048 112 ) (-1136 2336 112 ) 
4 1040 1106 (-1136 2048 320 ) (-1152 2048 320 ) (-1152 2048 0 ) (-1136 2048 0 ) 
4 1040 1041 (-1152 2048 320 ) (-1152 2336 320 ) (-1152 2336 0 ) (-1152 2048 0 ) 
4 1041 1106 (-1152 2048 320 ) (-1216 2048 320 ) (-1216 2048 0 ) (-1152 2048 0 ) 
4 1041 1042 (-1216 2368 0 ) (-1216 2384 0 ) (-1152 2384 0 ) (-1152 2368 0 ) 
4 1044 1107 (-1024 2048 -1024 ) (-1024 2048 -928 ) (-1216 2048 -928 ) (-1216 2048 -1024 ) 
4 1044 1045 (-1216 2048 -1024 ) (-1216 2368 -1024 ) (-1024 2368 -1024 ) (-1024 2048 -1024 ) 
4 1045 1107 (-1024 2048 -2944 ) (-1024 2048 -1024 ) (-1216 2048 -1024 ) (-1216 2048 -2944 ) 
4 1045 1057 (-1216 2048 -2944 ) (-1216 2048 -1792 ) (-1216 2944 -1792 ) (-1216 2944 -2944 ) 
4 1046 1053 (-1920 3072 7168 ) (-1920 3072 1216 ) (-1920 2944 1216 ) (-1920 2944 7168 ) 
4 1046 1051 (-1920 2944 7168 ) (-1920 2944 1216 ) (-1216 2944 1216 ) (-1216 2944 7168 ) 
4 1047 1048 (-1408 2944 -256 ) (-1408 2944 64 ) (-1408 3072 64 ) (-1408 3072 -256 ) 
4 1048 1049 (-1600 2944 -384 ) (-1600 2944 64 ) (-1600 3072 64 ) (-1600 3072 -384 ) 
4 1049 1050 (-1792 2944 -512 ) (-1792 2944 64 ) (-1792 3072 64 ) (-1792 3072 -512 ) 
4 1050 1055 (-1920 3072 -128 ) (-1920 3072 -640 ) (-1920 2944 -640 ) (-1920 2944 -128 ) 
4 1051 1108 (-1216 2048 1216 ) (-1216 2048 7168 ) (-1920 2048 7168 ) (-1920 2048 1216 ) 
4 1051 1053 (-1920 2048 1216 ) (-1920 2048 7168 ) (-1920 2944 7168 ) (-1920 2944 1216 ) 
4 1052 1057 (-1280 3072 -1792 ) (-1216 3072 -1792 ) (-1216 2944 -1792 ) (-1280 2944 -1792 ) 
4 1053 1158 (-2048 3072 7168 ) (-2048 3072 1152 ) (-2048 2048 1152 ) (-2048 2048 7168 ) 
4 1053 1120 (-2048 2048 1216 ) (-2048 2048 1152 ) (-1920 2048 1152 ) (-1920 2048 1216 ) 
4 1053 1119 (-2048 2048 7168 ) (-2048 2048 1216 ) (-1920 2048 1216 ) (-1920 2048 7168 ) 
3 1054 1159 (-2048 2816 -128 ) (-2048 2048 -128 ) (-2048 2048 512 ) 
4 1054 1121 (-2048 2048 512 ) (-2048 2048 -128 ) (-1920 2048 -128 ) (-1920 2048 512 ) 
4 1054 1056 (-2048 2048 -128 ) (-2048 2816 -128 ) (-1920 2816 -128 ) (-1920 2048 -128 ) 
4 1055 1165 (-2048 3072 -607.817993 ) (-2048 3072 -640 ) (-2048 2816 -640 ) (-2048 2816 -607.817993 ) 
4 1055 1161 (-2048 3072 -488 ) (-2048 3072 -607.817993 ) (-2048 2816 -607.817993 ) (-2048 2816 -488 ) 
4 1055 1160 (-2048 3072 -128 ) (-2048 3072 -488 ) (-2048 2816 -488 ) (-2048 2816 -128 ) 
4 1055 1056 (-1920 2816 -640 ) (-1920 2816 -128 ) (-2048 2816 -128 ) (-2048 2816 -640 ) 
4 1056 1173 (-2048 2048 -1728 ) (-2048 2048 -991.818054 ) (-2048 2816 -991.818054 ) (-2048 2816 -1728 ) 
4 1056 1170 (-2048 2048 -991.818054 ) (-2048 2048 -607.817993 ) (-2048 2200 -607.817993 ) (-2048 2200 -991.818054 ) 
4 1056 1166 (-2048 2200 -607.817993 ) (-2048 2816 -607.817993 ) (-2048 2816 -991.818054 ) (-2048 2200 -991.818054 ) 
4 1056 1162 (-2048 2720 -488 ) (-2048 2784 -488 ) (-2048 2784 -607.817993 ) (-2048 2720 -607.817993 ) 
4 1056 1161 (-2048 2784 -488 ) (-2048 2816 -488 ) (-2048 2816 -607.817993 ) (-2048 2784 -607.817993 ) 
4 1056 1164 (-2048 2048 -607.817993 ) (-2048 2048 -488 ) (-2048 2720 -488 ) (-2048 2720 -607.817993 ) 
4 1056 1160 (-2048 2048 -488 ) (-2048 2048 -128 ) (-2048 2816 -128 ) (-2048 2816 -488 ) 
4 1056 1121 (-2048 2048 -128 ) (-2048 2048 -1728 ) (-1920 2048 -1728 ) (-1920 2048 -128 ) 
4 1057 1174 (-2048 3072 -1792 ) (-2048 3072 -2944 ) (-2048 2048 -2944 ) (-2048 2048 -1792 ) 
4 1057 1125 (-1920 2048 -1792 ) (-2048 2048 -1792 ) (-2048 2048 -2944 ) (-1920 2048 -2944 ) 
4 1057 1109 (-1216 2048 -2944 ) (-1216 2048 -1792 ) (-1920 2048 -1792 ) (-1920 2048 -2944 ) 
4 1058 1080 (0 1856 1344 ) (0 1856 7168 ) (-272 1856 7168 ) (-272 1856 1344 ) 
4 1058 1066 (-272 1856 1344 ) (-272 1856 7168 ) (-272 2048 7168 ) (-272 2048 1344 ) 
4 1059 1064 (-160 1984 336 ) (-160 2000 336 ) (-116.923271 2000 342.153412 ) (-116.923264 1984 342.153473 ) 
4 1059 1063 (-116.923271 2000 342.153412 ) (0 2000 358.856842 ) (0 1984 358.856903 ) (-116.923264 1984 342.153473 ) 
4 1059 1062 (-160 2000 336 ) (-160 2048 336 ) (0 2048 358.856659 ) (0 2000 358.856842 ) 
4 1059 1065 (0 1856 358.857422 ) (-160 1856 336 ) (-160 1984 336 ) (0 1984 358.856903 ) 
4 1059 1060 (-160 1984 352 ) (-160 1984 1280 ) (-160 2048 1280 ) (-160 2048 352 ) 
4 1059 1061 (-160 1984 336.001892 ) (-160 1856 336.001892 ) (-160 1856 1280 ) (-160 1984 1280 ) 
4 1060 1067 (-272 1984 1280 ) (-272 2048 1280 ) (-272 2048 336 ) (-272 1984 336 ) 
4 1060 1061 (-160 1984 352 ) (-160 1984 1280 ) (-272 1984 1280 ) (-272 1984 336 ) 
4 1061 1068 (-272 1856 320 ) (-272 1856 1280 ) (-272 1984 1280 ) (-272 1984 320 ) 
4 1061 1065 (-160 1856 336 ) (-272 1856 320 ) (-272 1984 320 ) (-160 1984 336 ) 
4 1062 1073 (-272 2048 0 ) (-272 2000 0 ) (-272 2000 112 ) (-272 2048 112 ) 
4 1062 1069 (-272 2000 128 ) (-272 2000 320 ) (-272 2048 320 ) (-272 2048 128 ) 
3 1062 1064 (-116.924049 2000 342.151917 ) (-160 2000 335.998138 ) (-176 2000 224 ) 
5 1062 1063 (0 2000 358.855469 ) (-116.924049 2000 342.151917 ) (-224 2000 128 ) (-272 2000 0 ) (0 2000 0 ) 
4 1063 1064 (-116.923828 2000 342.152344 ) (-176 2000 224 ) (-176 1984 224 ) (-116.923828 1984 342.152344 ) 
5 1063 1065 (0 1984 358.855469 ) (-116.924049 1984 342.151917 ) (-224 1984 128 ) (-272 1984 0 ) (0 1984 0 ) 
3 1064 1065 (-116.924049 1984 342.151917 ) (-160 1984 335.998138 ) (-176 1984 224 ) 
4 1065 1081 (-192 1856 0 ) (0 1856 0 ) (0 1856 192 ) (-192 1856 192 ) 
4 1065 1077 (-272 1984 0 ) (-272 1856 0 ) (-272 1856 320 ) (-272 1984 320 ) 
4 1066 1080 (-272 1856 1344 ) (-272 1856 7168 ) (-320 1856 7168 ) (-320 1856 1344 ) 
4 1066 1078 (-320 2048 7168 ) (-320 2048 1344 ) (-320 1856 1344 ) (-320 1856 7168 ) 
4 1067 1079 (-320 2048 384 ) (-320 2048 336 ) (-320 1984 336 ) (-320 1984 384 ) 
4 1067 1068 (-272 1984 336 ) (-272 1984 1280 ) (-320 1984 1280 ) (-320 1984 336 ) 
4 1068 1079 (-320 1984 320 ) (-320 1856 320 ) (-320 1856 384 ) (-320 1984 384 ) 
4 1068 1077 (-320 1856 320 ) (-320 1984 320 ) (-272 1984 320 ) (-272 1856 320 ) 
4 1069 1071 (-288 2048 128 ) (-288 2000 128 ) (-288 2000 304 ) (-288 2048 304 ) 
4 1069 1070 (-288 2000 304 ) (-288 2000 320 ) (-288 2048 320 ) (-288 2048 304 ) 
4 1070 1072 (-304 2000 304 ) (-304 2000 320 ) (-304 2048 320 ) (-304 2048 304 ) 
4 1070 1071 (-304 2000 304 ) (-304 2048 304 ) (-288 2048 304 ) (-288 2000 304 ) 
4 1071 1072 (-304 2048 128 ) (-304 2000 128 ) (-304 2000 304 ) (-304 2048 304 ) 
4 1072 1079 (-320 2048 320 ) (-320 2048 128 ) (-320 2000 128 ) (-320 2000 320 ) 
4 1073 1075 (-288 2048 0 ) (-288 2000 0 ) (-288 2000 8 ) (-288 2048 8 ) 
4 1073 1074 (-288 2000 8 ) (-288 2000 112 ) (-288 2048 112 ) (-288 2048 8 ) 
4 1074 1076 (-304 2000 8 ) (-304 2000 112 ) (-304 2048 112 ) (-304 2048 8 ) 
4 1074 1075 (-304 2000 8 ) (-304 2048 8 ) (-288 2048 8 ) (-288 2000 8 ) 
4 1075 1076 (-304 2048 0 ) (-304 2000 0 ) (-304 2000 8 ) (-304 2048 8 ) 
4 1076 1079 (-320 2048 112 ) (-320 2048 0 ) (-320 2000 0 ) (-320 2000 112 ) 
4 1077 1079 (-320 1984 0 ) (-320 1856 0 ) (-320 1856 320 ) (-320 1984 320 ) 
4 1078 1105 (-1024 2048 7168 ) (-1024 2048 1344 ) (-1024 1856 1344 ) (-1024 1856 7168 ) 
4 1078 1080 (-320 1856 1344 ) (-320 1856 7168 ) (-1024 1856 7168 ) (-1024 1856 1344 ) 
4 1079 1106 (-1024 2048 384 ) (-1024 2048 0 ) (-1024 1856 0 ) (-1024 1856 384 ) 
4 1080 1110 (-1024 1856 7168 ) (-1024 1856 1280 ) (-1024 1408 1280 ) (-1024 1408 7168 ) 
4 1080 1082 (-1024 1408 7168 ) (-1024 1408 1280 ) (0 1408 1280 ) (0 1408 7168 ) 
4 1081 1089 (-192 1408 0 ) (0 1408 0 ) (0 1408 16 ) (-192 1408 16 ) 
4 1081 1085 (0 1408 16 ) (0 1408 32 ) (-192 1408 32 ) (-192 1408 16 ) 
4 1081 1083 (0 1408 32 ) (0 1408 192 ) (-192 1408 192 ) (-192 1408 32 ) 
4 1082 1126 (0 1024 1024 ) (0 1024 7168 ) (-1024 1024 7168 ) (-1024 1024 1024 ) 
4 1082 1113 (-1024 1024 1024 ) (-1024 1024 7168 ) (-1024 1408 7168 ) (-1024 1408 1024 ) 
4 1083 1132 (-96 1024 768 ) (-256 1024 768 ) (-256 1024 32 ) (-96 1024 32 ) 
4 1083 1127 (0 1024 32 ) (0 1024 768 ) (-96 1024 768 ) (-96 1024 32 ) 
3 1083 1088 (-156 1156 32 ) (-96 1156 32 ) (-96 1096 32 ) 
4 1083 1087 (0 1156 32 ) (0 1024 32 ) (-96 1024 32 ) (-96 1156 32 ) 
4 1083 1085 (-256 1408 32 ) (0 1408 32 ) (0 1156 32 ) (-256 1156 32 ) 
4 1083 1084 (-256 1280 32 ) (-256 1024 32 ) (-256 1024 768 ) (-256 1280 768 ) 
4 1084 1133 (-256 1024 768 ) (-288 1024 768 ) (-288 1024 32 ) (-256 1024 32 ) 
4 1084 1096 (-288 1024 768 ) (-288 1188 768 ) (-288 1188 32 ) (-288 1024 32 ) 
4 1084 1095 (-288 1188 768 ) (-288 1280 768 ) (-288 1280 32 ) (-288 1188 32 ) 
4 1084 1086 (-288 1156 32 ) (-288 1280 32 ) (-256 1280 32 ) (-256 1156 32 ) 
4 1085 1091 (-256 1188 16 ) (-256 1280 16 ) (-236 1280 16 ) (-144 1188 16 ) 
4 1085 1090 (0 1280 16 ) (0 1156 16 ) (-112 1156 16 ) (-236 1280 16 ) 
4 1085 1089 (-256 1408 16 ) (0 1408 16 ) (0 1280 16 ) (-256 1280 16 ) 
4 1085 1088 (-156 1156 16 ) (-96 1156 16 ) (-96 1156 32 ) (-156 1156 32 ) 
4 1085 1087 (-96 1156 16 ) (0 1156 16 ) (0 1156 32 ) (-96 1156 32 ) 
4 1085 1086 (-256 1280 16 ) (-256 1156 16 ) (-256 1156 32 ) (-256 1280 32 ) 
4 1086 1095 (-288 1280 16 ) (-288 1188 16 ) (-288 1188 32 ) (-288 1280 32 ) 
4 1086 1091 (-288 1188 16 ) (-288 1280 16 ) (-256 1280 16 ) (-256 1188 16 ) 
4 1087 1127 (0 1024 16 ) (0 1024 32 ) (-96 1024 32 ) (-96 1024 16 ) 
4 1087 1093 (0 1024 16 ) (-64 1024 16 ) (-64 1108 16 ) (0 1044 16 ) 
4 1087 1092 (-96 1140 16 ) (-96 1156 16 ) (0 1156 16 ) (0 1044 16 ) 
4 1087 1088 (-96 1156 32 ) (-96 1156 16 ) (-96 1096 16 ) (-96 1096 32 ) 
3 1088 1094 (-112 1156 16 ) (-96 1156 16 ) (-96 1140 16 ) 
4 1089 1091 (-236 1280 16 ) (-256 1280 16 ) (-256 1280 0 ) (-236 1280 0 ) 
4 1089 1090 (0 1280 16 ) (-236 1280 16 ) (-236 1280 0 ) (0 1280 0 ) 
4 1090 1094 (-96 1156 16 ) (-112 1156 16 ) (-112 1156 0 ) (-96 1156 0 ) 
4 1090 1092 (0 1156 16 ) (-96 1156 16 ) (-96 1156 0 ) (0 1156 0 ) 
4 1090 1091 (-236 1280 16 ) (-236 1280 0 ) (-144 1188 0 ) (-144 1188 16 ) 
4 1091 1095 (-288 1280 0 ) (-288 1188 0 ) (-288 1188 16 ) (-288 1280 16 ) 
4 1092 1094 (-96 1156 16 ) (-96 1156 0 ) (-96 1140 0 ) (-96 1140 16 ) 
4 1092 1093 (-64 1108 0 ) (0 1044 0 ) (0 1044 16 ) (-64 1108 16 ) 
4 1093 1128 (0 1024 0 ) (0 1024 16 ) (-64 1024 16 ) (-64 1024 0 ) 
4 1095 1096 (-288 1188 32 ) (-288 1188 768 ) (-352 1188 768 ) (-352 1188 32 ) 
4 1095 1097 (-384 1188 768 ) (-384 1188 0 ) (-352 1188 0 ) (-352 1188 768 ) 
4 1096 1133 (-288 1024 768 ) (-352 1024 768 ) (-352 1024 32 ) (-288 1024 32 ) 
4 1096 1097 (-352 1188 768 ) (-352 1188 32 ) (-352 1024 32 ) (-352 1024 768 ) 
4 1097 1135 (-384 1024 32 ) (-384 1024 0 ) (-352 1024 0 ) (-352 1024 32 ) 
4 1097 1133 (-352 1024 768 ) (-384 1024 768 ) (-384 1024 32 ) (-352 1024 32 ) 
4 1098 1140 (-896 1024 768 ) (-1024 1024 768 ) (-1024 1024 0 ) (-896 1024 0 ) 
4 1098 1114 (-1024 1024 0 ) (-1024 1024 768 ) (-1024 1408 768 ) (-1024 1408 0 ) 
4 1098 1103 (-896 1024 0 ) (-1024 1024 0 ) (-1024 1408 0 ) (-896 1408 0 ) 
4 1099 1101 (0 1856 -928 ) (0 1856 -384 ) (-848 1856 -384 ) (-848 1856 -928 ) 
4 1099 1100 (0 1856 -928 ) (-848 1856 -928 ) (-848 2048 -928 ) (0 2048 -928 ) 
4 1100 1107 (-1024 1856 -2944 ) (-1024 1856 -928 ) (-1024 2048 -928 ) (-1024 2048 -2944 ) 
4 1100 1101 (0 1856 -2944 ) (0 1856 -928 ) (-1024 1856 -928 ) (-1024 1856 -2944 ) 
4 1101 1111 (-1024 1408 -2944 ) (-1024 1408 -384 ) (-1024 1856 -384 ) (-1024 1856 -2944 ) 
4 1101 1104 (-256 1408 -384 ) (-1024 1408 -384 ) (-1024 1408 -2944 ) (-256 1408 -2944 ) 
4 1101 1102 (0 1408 -2944 ) (0 1408 -384 ) (-256 1408 -384 ) (-256 1408 -2944 ) 
4 1102 1141 (0 1024 -2944 ) (0 1024 -384 ) (-256 1024 -384 ) (-256 1024 -2944 ) 
4 1102 1104 (-256 1408 -384 ) (-256 1408 -2944 ) (-256 1024 -2944 ) (-256 1024 -384 ) 
4 1103 1143 (-896 1024 0 ) (-1024 1024 0 ) (-1024 1024 -128 ) (-896 1024 -128 ) 
4 1103 1114 (-1024 1024 -128 ) (-1024 1024 0 ) (-1024 1408 0 ) (-1024 1408 -128 ) 
4 1103 1104 (-1024 1408 -128 ) (-896 1408 -128 ) (-896 1024 -128 ) (-1024 1024 -128 ) 
4 1104 1144 (-896 1024 -128 ) (-1024 1024 -128 ) (-1024 1024 -2944 ) (-896 1024 -2944 ) 
4 1104 1142 (-256 1024 -2944 ) (-256 1024 -128 ) (-896 1024 -128 ) (-896 1024 -2944 ) 
4 1104 1114 (-1024 1024 -2944 ) (-1024 1024 -128 ) (-1024 1408 -128 ) (-1024 1408 -2944 ) 
4 1105 1110 (-1024 1856 1344 ) (-1024 1856 7168 ) (-1216 1856 7168 ) (-1216 1856 1344 ) 
4 1105 1108 (-1216 2048 7168 ) (-1216 2048 1344 ) (-1216 1856 1344 ) (-1216 1856 7168 ) 
4 1107 1111 (-1024 1856 -2944 ) (-1024 1856 -928 ) (-1216 1856 -928 ) (-1216 1856 -2944 ) 
4 1107 1109 (-1216 2048 -1792 ) (-1216 2048 -2944 ) (-1216 1856 -2944 ) (-1216 1856 -1792 ) 
4 1108 1119 (-1920 2048 7168 ) (-1920 2048 1216 ) (-1920 1856 1216 ) (-1920 1856 7168 ) 
4 1108 1116 (-1920 1856 7168 ) (-1920 1856 1216 ) (-1792 1856 1216 ) (-1792 1856 7168 ) 
4 1108 1110 (-1216 1856 1280 ) (-1216 1856 7168 ) (-1600 1856 7168 ) (-1600 1856 1280 ) 
4 1108 1112 (-1792 1856 1216 ) (-1600 1856 1216 ) (-1600 1856 7168 ) (-1792 1856 7168 ) 
4 1109 1125 (-1920 2048 -1792 ) (-1920 2048 -2944 ) (-1920 1856 -2944 ) (-1920 1856 -1792 ) 
4 1109 1118 (-1920 1856 -1792 ) (-1920 1856 -2944 ) (-1792 1856 -2944 ) (-1792 1856 -1792 ) 
4 1109 1111 (-1600 1856 -2944 ) (-1216 1856 -2944 ) (-1216 1856 -1792 ) (-1600 1856 -1792 ) 
4 1109 1112 (-1792 1856 -2944 ) (-1600 1856 -2944 ) (-1600 1856 -1792 ) (-1792 1856 -1792 ) 
4 1110 1113 (-1024 1408 1280 ) (-1024 1408 7168 ) (-1152 1408 7168 ) (-1152 1408 1280 ) 
4 1110 1115 (-1152 1408 7168 ) (-1600 1408 7168 ) (-1600 1408 1280 ) (-1152 1408 1280 ) 
4 1110 1112 (-1600 1408 1280 ) (-1600 1408 7168 ) (-1600 1856 7168 ) (-1600 1856 1280 ) 
4 1111 1114 (-1024 1408 -2944 ) (-1024 1408 -384 ) (-1152 1408 -384 ) (-1152 1408 -2944 ) 
4 1111 1115 (-1152 1408 -384 ) (-1600 1408 -384 ) (-1600 1408 -2944 ) (-1152 1408 -2944 ) 
4 1111 1112 (-1600 1856 -2944 ) (-1600 1408 -2944 ) (-1600 1408 -384 ) (-1600 1856 -384 ) 
4 1112 1118 (-1792 1856 -1792 ) (-1792 1856 -2944 ) (-1792 1408 -2944 ) (-1792 1408 -1792 ) 
4 1112 1116 (-1792 1856 7168 ) (-1792 1856 1216 ) (-1792 1408 1216 ) (-1792 1408 7168 ) 
4 1112 1115 (-1600 1408 7168 ) (-1792 1408 7168 ) (-1792 1408 -2944 ) (-1600 1408 -2944 ) 
4 1113 1145 (-1024 1024 1024 ) (-1024 1024 7168 ) (-1152 1024 7168 ) (-1152 1024 1024 ) 
4 1113 1115 (-1152 1408 7168 ) (-1152 1408 1024 ) (-1152 1024 1024 ) (-1152 1024 7168 ) 
4 1114 1152 (-1024 1024 -2944 ) (-1024 1024 -128 ) (-1152 1024 -128 ) (-1152 1024 -2944 ) 
4 1114 1147 (-1024 1024 -128 ) (-1024 1024 768 ) (-1152 1024 768 ) (-1152 1024 -128 ) 
4 1114 1115 (-1152 1408 768 ) (-1152 1408 -2944 ) (-1152 1024 -2944 ) (-1152 1024 768 ) 
4 1115 1152 (-1792 1024 -128 ) (-1792 1024 -2944 ) (-1152 1024 -2944 ) (-1152 1024 -128 ) 
4 1115 1148 (-1792 1024 768 ) (-1792 1024 -128 ) (-1152 1024 -128 ) (-1152 1024 768 ) 
4 1115 1146 (-1152 1024 7168 ) (-1792 1024 7168 ) (-1792 1024 768 ) (-1152 1024 768 ) 
4 1115 1118 (-1792 1024 -2944 ) (-1792 1024 -1792 ) (-1792 1408 -1792 ) (-1792 1408 -2944 ) 
4 1115 1116 (-1792 1024 1216 ) (-1792 1024 7168 ) (-1792 1408 7168 ) (-1792 1408 1216 ) 
4 1116 1149 (-1792 1024 1216 ) (-1792 1024 7168 ) (-1920 1024 7168 ) (-1920 1024 1216 ) 
4 1116 1119 (-1920 1024 1216 ) (-1920 1024 7168 ) (-1920 1856 7168 ) (-1920 1856 1216 ) 
4 1117 1123 (-1920 1088 -128 ) (-1920 1056 -128 ) (-1920 1056 128 ) (-1920 1088 128 ) 
4 1117 1122 (-1920 1376 128 ) (-1920 1376 -128 ) (-1920 1088 -128 ) (-1920 1088 128 ) 
4 1118 1153 (-1792 1024 -2944 ) (-1792 1024 -1792 ) (-1920 1024 -1792 ) (-1920 1024 -2944 ) 
4 1118 1125 (-1920 1024 -2944 ) (-1920 1024 -1792 ) (-1920 1856 -1792 ) (-1920 1856 -2944 ) 
4 1119 1187 (-2048 1024 1216 ) (-2048 1024 7168 ) (-2048 2048 7168 ) (-2048 2048 1216 ) 
4 1119 1149 (-2048 1024 7168 ) (-2048 1024 1216 ) (-1920 1024 1216 ) (-1920 1024 7168 ) 
4 1119 1120 (-2048 2048 1216 ) (-1920 2048 1216 ) (-1920 1344 1216 ) (-2048 1344 1216 ) 
4 1120 1188 (-2048 1344 1216 ) (-2048 2048 1216 ) (-2048 2048 1152 ) (-2048 1344 1152 ) 
4 1121 1194 (-2048 2048 -991.818054 ) (-2048 2048 -1728 ) (-2048 1472 -1728 ) (-2048 1472 -991.818054 ) 
4 1121 1190 (-2048 2048 -640 ) (-2048 2048 -991.818054 ) (-2048 1472 -991.818054 ) (-2048 1472 -640 ) 
4 1121 1189 (-2048 2048 512 ) (-2048 2048 -640 ) (-2048 1472 -640 ) (-2048 1472 992 ) 
4 1121 1122 (-1920 1472 -1024 ) (-1920 1472 992 ) (-2048 1472 992 ) (-2048 1472 -1024 ) 
4 1122 1198 (-2048 1472 -640 ) (-2048 1472 -1024 ) (-2048 1088 -1024 ) (-2048 1088 -640 ) 
5 1122 1189 (-2048 1088 1152 ) (-2048 1280 1152 ) (-2048 1472 992 ) (-2048 1472 -640 ) (-2048 1088 -640 ) 
4 1122 1123 (-1920 1088 -640 ) (-1920 1088 1152 ) (-2048 1088 1152 ) (-2048 1088 -640 ) 
4 1123 1189 (-2048 1024 -640 ) (-2048 1024 1152 ) (-2048 1088 1152 ) (-2048 1088 -640 ) 
4 1123 1154 (-2048 1024 -128 ) (-2048 1024 -640 ) (-1920 1024 -640 ) (-1920 1024 -128 ) 
4 1123 1150 (-2048 1024 1152 ) (-2048 1024 -128 ) (-1920 1024 -128 ) (-1920 1024 1152 ) 
4 1124 1200 (-2048 1024 -1792 ) (-2048 1024 -1152 ) (-2048 1088 -1152 ) (-2048 1088 -1792 ) 
4 1124 1155 (-2048 1024 -1152 ) (-2048 1024 -1792 ) (-1920 1024 -1792 ) (-1920 1024 -1152 ) 
4 1124 1125 (-1920 1088 -1792 ) (-1920 1024 -1792 ) (-2048 1024 -1792 ) (-2048 1088 -1792 ) 
4 1125 1200 (-2048 1024 -2944 ) (-2048 1024 -1792 ) (-2048 1088 -1792 ) (-2048 1088 -2944 ) 
4 1125 1199 (-2048 1088 -1792 ) (-2048 1472 -1792 ) (-2048 1472 -2944 ) (-2048 1088 -2944 ) 
4 1125 1197 (-2048 1472 -1792 ) (-2048 2048 -1792 ) (-2048 2048 -2944 ) (-2048 1472 -2944 ) 
4 1125 1155 (-2048 1024 -1792 ) (-2048 1024 -2944 ) (-1920 1024 -2944 ) (-1920 1024 -1792 ) 
4 1126 2329 (0 0 1024 ) (0 0 7168 ) (-1024 0 7168 ) (-1024 0 1024 ) 
4 1126 1145 (-1024 1024 7168 ) (-1024 1024 1024 ) (-1024 0 1024 ) (-1024 0 7168 ) 
4 1127 1132 (-96 964 32 ) (-96 964 768 ) (-96 1024 768 ) (-96 1024 32 ) 
4 1127 1130 (-96 964 768 ) (-96 964 64 ) (-32 964 64 ) (-32 964 768 ) 
4 1127 1129 (-32 964 16 ) (0 964 16 ) (0 964 768 ) (-32 964 768 ) 
4 1127 1128 (0 964 16 ) (-64 964 16 ) (-64 1024 16 ) (0 1024 16 ) 
4 1128 1129 (-32 964 0 ) (0 964 0 ) (0 964 16 ) (-32 964 16 ) 
4 1129 2330 (0 0 0 ) (0 0 768 ) (-32 0 768 ) (-32 0 0 ) 
4 1129 1130 (-32 964 768 ) (-32 964 64 ) (-32 868 64 ) (-32 868 768 ) 
4 1129 1131 (-32 868 0 ) (-32 0 0 ) (-32 0 768 ) (-32 868 768 ) 
4 1130 1132 (-96 868 64 ) (-96 868 768 ) (-96 964 768 ) (-96 964 64 ) 
4 1130 1131 (-96 868 768 ) (-96 868 64 ) (-32 868 64 ) (-32 868 768 ) 
4 1131 2330 (-32 0 768 ) (-96 0 768 ) (-96 0 0 ) (-32 0 0 ) 
4 1131 1136 (-96 868 0 ) (-96 0 0 ) (-96 0 32 ) (-96 868 32 ) 
4 1131 1132 (-96 0 32 ) (-96 0 768 ) (-96 868 768 ) (-96 868 32 ) 
4 1132 2330 (-96 0 768 ) (-256 0 768 ) (-256 0 32 ) (-96 0 32 ) 
4 1132 1136 (-96 868 32 ) (-96 0 32 ) (-256 0 32 ) (-256 868 32 ) 
4 1132 1133 (-256 1024 32 ) (-256 832 32 ) (-256 832 768 ) (-256 1024 768 ) 
4 1132 1134 (-256 704 32 ) (-256 0 32 ) (-256 0 768 ) (-256 704 768 ) 
4 1133 1137 (-384 832 32 ) (-384 868 32 ) (-256 868 32 ) (-256 832 32 ) 
4 1133 1135 (-384 868 32 ) (-384 1024 32 ) (-352 1024 32 ) (-352 868 32 ) 
4 1134 2331 (-256 0 768 ) (-384 0 768 ) (-384 0 32 ) (-256 0 32 ) 
4 1134 1139 (-384 0 32 ) (-384 0 768 ) (-384 320 768 ) (-384 320 32 ) 
4 1134 1138 (-384 0 32 ) (-384 704 32 ) (-256 704 32 ) (-256 0 32 ) 
4 1135 1137 (-352 868 32 ) (-384 868 32 ) (-384 868 0 ) (-352 868 0 ) 
4 1136 2330 (-256 0 0 ) (-96 0 0 ) (-96 0 32 ) (-256 0 32 ) 
4 1136 1137 (-256 868 32 ) (-256 868 0 ) (-256 832 0 ) (-256 832 32 ) 
4 1136 1138 (-256 704 0 ) (-256 0 0 ) (-256 0 32 ) (-256 704 32 ) 
4 1138 2331 (-384 0 32 ) (-384 0 0 ) (-256 0 0 ) (-256 0 32 ) 
4 1138 1139 (-384 320 0 ) (-384 0 0 ) (-384 0 32 ) (-384 320 32 ) 
4 1139 2334 (-704 0 768 ) (-896 0 768 ) (-896 0 0 ) (-704 0 0 ) 
4 1139 2333 (-384 0 768 ) (-704 0 768 ) (-704 0 0 ) (-384 0 0 ) 
4 1140 1147 (-1024 1024 768 ) (-1024 1024 0 ) (-1024 832 0 ) (-1024 832 768 ) 
4 1140 1143 (-1024 832 0 ) (-1024 1024 0 ) (-896 1024 0 ) (-896 832 0 ) 
4 1141 2338 (0 0 -2944 ) (0 0 -384 ) (-256 0 -384 ) (-256 0 -2944 ) 
4 1141 1142 (-256 0 -2944 ) (-256 0 -384 ) (-256 1024 -384 ) (-256 1024 -2944 ) 
4 1142 2339 (-256 0 -2944 ) (-256 0 -128 ) (-896 0 -128 ) (-896 0 -2944 ) 
4 1142 1144 (-896 0 -2944 ) (-896 0 -128 ) (-896 1024 -128 ) (-896 1024 -2944 ) 
4 1143 1147 (-1024 1024 0 ) (-1024 1024 -128 ) (-1024 832 -128 ) (-1024 832 0 ) 
4 1143 1144 (-1024 1024 -128 ) (-896 1024 -128 ) (-896 832 -128 ) (-1024 832 -128 ) 
4 1144 2341 (-896 0 -2944 ) (-896 0 -128 ) (-1024 0 -128 ) (-1024 0 -2944 ) 
4 1144 1157 (-1024 576 -2944 ) (-1024 0 -2944 ) (-1024 0 -1280 ) (-1024 576 -1280 ) 
4 1144 1156 (-1024 0 -1280 ) (-1024 0 -128 ) (-1024 576 -128 ) (-1024 576 -1280 ) 
4 1144 1152 (-1024 1024 -128 ) (-1024 1024 -2944 ) (-1024 576 -2944 ) (-1024 576 -128 ) 
4 1145 2342 (-1024 0 1024 ) (-1024 0 7168 ) (-1152 0 7168 ) (-1152 0 1024 ) 
4 1145 1146 (-1152 0 1024 ) (-1152 0 7168 ) (-1152 1024 7168 ) (-1152 1024 1024 ) 
4 1146 2344 (-1792 0 1344 ) (-1792 0 768 ) (-1152 0 768 ) (-1152 0 1344 ) 
4 1146 2343 (-1152 0 7168 ) (-1792 0 7168 ) (-1792 0 1344 ) (-1152 0 1344 ) 
4 1146 1151 (-1792 0 1344 ) (-1792 0 7168 ) (-1792 576 7168 ) (-1792 576 1344 ) 
4 1146 1149 (-1792 1024 7168 ) (-1792 1024 1216 ) (-1792 576 1216 ) (-1792 576 7168 ) 
4 1146 1148 (-1792 0 768 ) (-1792 1024 768 ) (-1152 1024 768 ) (-1152 0 768 ) 
4 1147 1152 (-1152 1024 -128 ) (-1024 1024 -128 ) (-1024 832 -128 ) (-1152 832 -128 ) 
4 1147 1148 (-1152 1024 -128 ) (-1152 832 -128 ) (-1152 832 768 ) (-1152 1024 768 ) 
4 1148 2344 (-1152 0 768 ) (-1792 0 768 ) (-1792 0 -128 ) (-1152 0 -128 ) 
4 1148 1156 (-1152 576 -128 ) (-1152 0 -128 ) (-1792 0 -128 ) (-1792 576 -128 ) 
4 1148 1152 (-1792 1024 -128 ) (-1152 1024 -128 ) (-1152 576 -128 ) (-1792 576 -128 ) 
4 1149 1213 (-2048 1024 7168 ) (-2048 1024 1216 ) (-2048 576 1216 ) (-2048 576 7168 ) 
4 1149 1151 (-2048 576 7168 ) (-2048 576 1344 ) (-1792 576 1344 ) (-1792 576 7168 ) 
4 1150 1214 (-2048 1024 1152 ) (-2048 1024 -128 ) (-2048 576 -128 ) (-2048 576 1152 ) 
4 1150 1154 (-2048 576 -128 ) (-2048 1024 -128 ) (-1920 1024 -128 ) (-1920 576 -128 ) 
4 1151 2343 (-2048 0 7168 ) (-2048 0 1344 ) (-1792 0 1344 ) (-1792 0 7168 ) 
4 1151 1216 (-2048 0 1344 ) (-2048 0 7168 ) (-2048 576 7168 ) (-2048 576 1344 ) 
4 1152 1157 (-1024 576 -2944 ) (-1024 576 -1280 ) (-1792 576 -1280 ) (-1792 576 -2944 ) 
4 1152 1156 (-1024 576 -1280 ) (-1024 576 -128 ) (-1792 576 -128 ) (-1792 576 -1280 ) 
4 1152 1153 (-1792 1024 -2944 ) (-1792 576 -2944 ) (-1792 576 -1792 ) (-1792 1024 -1792 ) 
4 1153 1157 (-1920 576 -1792 ) (-1920 576 -2944 ) (-1792 576 -2944 ) (-1792 576 -1792 ) 
4 1153 1155 (-1920 576 -2944 ) (-1920 576 -1792 ) (-1920 1024 -1792 ) (-1920 1024 -2944 ) 
4 1154 1214 (-2048 576 -640 ) (-2048 576 -128 ) (-2048 1024 -128 ) (-2048 1024 -640 ) 
4 1155 1215 (-2048 576 -2944 ) (-2048 576 -1152 ) (-2048 1024 -1152 ) (-2048 1024 -2944 ) 
4 1155 1157 (-1920 576 -2944 ) (-1920 576 -1280 ) (-2048 576 -1280 ) (-2048 576 -2944 ) 
4 1156 2346 (-1024 0 -1280 ) (-1024 0 -128 ) (-1792 0 -128 ) (-1792 0 -1280 ) 
4 1156 1157 (-1792 576 -1280 ) (-1024 576 -1280 ) (-1024 0 -1280 ) (-1792 0 -1280 ) 
4 1157 2347 (-1792 0 -1280 ) (-2048 0 -1280 ) (-2048 0 -2944 ) (-1792 0 -2944 ) 
4 1157 2346 (-1024 0 -2944 ) (-1024 0 -1280 ) (-1792 0 -1280 ) (-1792 0 -2944 ) 
4 1157 1217 (-2048 0 -2944 ) (-2048 0 -1280 ) (-2048 576 -1280 ) (-2048 576 -2944 ) 
4 1158 1188 (-2048 2048 1152 ) (-2048 2048 1216 ) (-3072 2048 1216 ) (-3072 2048 1152 ) 
4 1158 1187 (-2048 2048 1216 ) (-2048 2048 7168 ) (-3072 2048 7168 ) (-3072 2048 1216 ) 
4 1158 1175 (-3072 3072 7168 ) (-3072 3072 1152 ) (-3072 2048 1152 ) (-3072 2048 7168 ) 
4 1159 1189 (-2048 2048 -128 ) (-2048 2048 512 ) (-3072 2048 512 ) (-3072 2048 -128 ) 
3 1159 1176 (-3072 2816 -128 ) (-3072 2048 -128 ) (-3072 2048 512 ) 
4 1159 1160 (-2048 2048 -128 ) (-3072 2048 -128 ) (-3072 2816 -128 ) (-2048 2816 -128 ) 
4 1160 1189 (-2048 2048 -488 ) (-2048 2048 -128 ) (-3072 2048 -128 ) (-3072 2048 -488 ) 
4 1160 1177 (-3072 3072 -128 ) (-3072 3072 -488 ) (-3072 2048 -488 ) (-3072 2048 -128 ) 
4 1160 1162 (-2144 2784 -488 ) (-2048 2784 -488 ) (-2048 2720 -488 ) (-2144 2720 -488 ) 
4 1160 1163 (-3072 2720 -488 ) (-3072 2784 -488 ) (-2496 2784 -488 ) (-2496 2720 -488 ) 
5 1160 1161 (-3072 2784 -488 ) (-3072 3054.389893 -488 ) (-3054.389893 3072 -488 ) (-2048 3072 -488 ) (-2048 2784 -488 ) 
4 1160 1164 (-2048 2048 -488 ) (-3072 2048 -488 ) (-3072 2720 -488 ) (-2048 2720 -488 ) 
4 1161 1181 (-3072 2816 -607.817993 ) (-3072 2784 -607.817993 ) (-3072 2784 -488 ) (-3072 2816 -488 ) 
4 1161 1178 (-3072 3054.389893 -607.817993 ) (-3072 2816 -607.817993 ) (-3072 2816 -488 ) (-3072 3054.389893 -488 ) 
4 1161 1167 (-2984 2816 -607.817993 ) (-2920 2816 -607.817993 ) (-2920 2784 -607.817993 ) (-2984 2784 -607.817993 ) 
4 1161 1166 (-2920 2816 -607.817993 ) (-2048 2816 -607.817993 ) (-2048 2784 -607.817993 ) (-2920 2784 -607.817993 ) 
4 1161 1169 (-3072 2784 -607.817993 ) (-3072 2816 -607.817993 ) (-2984 2816 -607.817993 ) (-2984 2784 -607.817993 ) 
5 1161 1165 (-3072 2816 -607.817993 ) (-3072 3054.389893 -607.817993 ) (-3054.389893 3072 -607.817993 ) (-2048 3072 -607.817993 ) (-2048 2816 -607.817993 ) 
4 1161 1162 (-2144 2784 -607.817993 ) (-2048 2784 -607.817993 ) (-2048 2784 -488 ) (-2144 2784 -488 ) 
4 1161 1163 (-3072 2784 -607.817993 ) (-2496 2784 -607.817993 ) (-2496 2784 -488 ) (-3072 2784 -488 ) 
4 1162 1166 (-2144 2784 -607.817993 ) (-2048 2784 -607.817993 ) (-2048 2720 -607.817993 ) (-2144 2720 -607.817993 ) 
4 1162 1164 (-2144 2720 -607.817993 ) (-2048 2720 -607.817993 ) (-2048 2720 -488 ) (-2144 2720 -488 ) 
4 1163 1181 (-3072 2784 -607.817993 ) (-3072 2720 -607.817993 ) (-3072 2720 -488 ) (-3072 2784 -488 ) 
4 1163 1167 (-2984 2784 -607.817993 ) (-2920 2784 -607.817993 ) (-2920 2720 -607.817993 ) (-2984 2720 -607.817993 ) 
4 1163 1166 (-2920 2784 -607.817993 ) (-2496 2784 -607.817993 ) (-2496 2720 -607.817993 ) (-2920 2720 -607.817993 ) 
4 1163 1169 (-3072 2720 -607.817993 ) (-3072 2784 -607.817993 ) (-2984 2784 -607.817993 ) (-2984 2720 -607.817993 ) 
4 1163 1164 (-3072 2720 -607.817993 ) (-2496 2720 -607.817993 ) (-2496 2720 -488 ) (-3072 2720 -488 ) 
4 1164 1189 (-2048 2048 -607.817993 ) (-2048 2048 -488 ) (-3072 2048 -488 ) (-3072 2048 -607.817993 ) 
4 1164 1181 (-3072 2720 -607.817993 ) (-3072 2048 -607.817993 ) (-3072 2048 -488 ) (-3072 2720 -488 ) 
4 1164 1171 (-2584 2200 -607.817993 ) (-2520 2200 -607.817993 ) (-2520 2048 -607.817993 ) (-2584 2048 -607.817993 ) 
4 1164 1170 (-2520 2200 -607.817993 ) (-2048 2200 -607.817993 ) (-2048 2048 -607.817993 ) (-2520 2048 -607.817993 ) 
4 1164 1172 (-3072 2048 -607.817993 ) (-3072 2200 -607.817993 ) (-2584 2200 -607.817993 ) (-2584 2048 -607.817993 ) 
4 1164 1168 (-2920 2552 -607.817993 ) (-2920 2200 -607.817993 ) (-2984 2200 -607.817993 ) (-2984 2552 -607.817993 ) 
4 1164 1167 (-2984 2720 -607.817993 ) (-2920 2720 -607.817993 ) (-2920 2552 -607.817993 ) (-2984 2552 -607.817993 ) 
4 1164 1166 (-2920 2720 -607.817993 ) (-2048 2720 -607.817993 ) (-2048 2200 -607.817993 ) (-2920 2200 -607.817993 ) 
4 1164 1169 (-3072 2200 -607.817993 ) (-3072 2720 -607.817993 ) (-2984 2720 -607.817993 ) (-2984 2200 -607.817993 ) 
4 1165 1180 (-3072 3072 -607.817993 ) (-3072 3072 -640 ) (-3072 2816 -640 ) (-3072 2816 -607.817993 ) 
4 1165 1167 (-2920 2816 -607.817993 ) (-2984 2816 -607.817993 ) (-2984 2816 -640 ) (-2920 2816 -640 ) 
4 1165 1166 (-2048 2816 -640 ) (-2048 2816 -607.817993 ) (-2920 2816 -607.817993 ) (-2920 2816 -640 ) 
4 1165 1169 (-2984 2816 -607.817993 ) (-3072 2816 -607.817993 ) (-3072 2816 -640 ) (-2984 2816 -640 ) 
4 1166 1173 (-2920 2816 -991.818054 ) (-2048 2816 -991.818054 ) (-2048 2200 -991.818054 ) (-2920 2200 -991.818054 ) 
4 1166 1171 (-2520 2200 -872 ) (-2520 2200 -607.817993 ) (-2584 2200 -607.817993 ) (-2584 2200 -872 ) 
4 1166 1170 (-2520 2200 -991.818054 ) (-2048 2200 -991.818054 ) (-2048 2200 -607.817993 ) (-2520 2200 -607.817993 ) 
4 1166 1172 (-2920 2200 -991.818054 ) (-2584 2200 -991.818054 ) (-2584 2200 -607.817993 ) (-2920 2200 -607.817993 ) 
4 1166 1168 (-2920 2200 -872 ) (-2920 2200 -607.817993 ) (-2920 2552 -607.817993 ) (-2920 2552 -872 ) 
4 1166 1167 (-2920 2816 -607.817993 ) (-2920 2816 -991.818054 ) (-2920 2552 -991.818054 ) (-2920 2552 -607.817993 ) 
4 1167 1173 (-2984 2816 -991.818054 ) (-2920 2816 -991.818054 ) (-2920 2552 -991.818054 ) (-2984 2552 -991.818054 ) 
4 1167 1168 (-2984 2552 -607.817993 ) (-2984 2552 -872 ) (-2920 2552 -872 ) (-2920 2552 -607.817993 ) 
4 1167 1169 (-2984 2816 -607.817993 ) (-2984 2816 -991.818054 ) (-2984 2552 -991.818054 ) (-2984 2552 -607.817993 ) 
4 1168 1172 (-2920 2200 -872 ) (-2920 2200 -607.817993 ) (-2984 2200 -607.817993 ) (-2984 2200 -872 ) 
4 1168 1169 (-2984 2200 -872 ) (-2984 2200 -607.817993 ) (-2984 2552 -607.817993 ) (-2984 2552 -872 ) 
4 1169 1181 (-3072 2200 -607.817993 ) (-3072 2816 -607.817993 ) (-3072 2816 -991.818054 ) (-3072 2200 -991.818054 ) 
4 1169 1173 (-3072 2200 -991.818054 ) (-3072 2816 -991.818054 ) (-2984 2816 -991.818054 ) (-2984 2200 -991.818054 ) 
4 1169 1172 (-3072 2200 -991.818054 ) (-2984 2200 -991.818054 ) (-2984 2200 -607.817993 ) (-3072 2200 -607.817993 ) 
4 1170 1190 (-2048 2048 -991.818054 ) (-2048 2048 -640 ) (-2520 2048 -640 ) (-2520 2048 -991.818054 ) 
4 1170 1189 (-2048 2048 -640 ) (-2048 2048 -607.817993 ) (-2520 2048 -607.817993 ) (-2520 2048 -640 ) 
4 1170 1173 (-2048 2048 -991.818054 ) (-2520 2048 -991.818054 ) (-2520 2200 -991.818054 ) (-2048 2200 -991.818054 ) 
4 1170 1171 (-2520 2200 -607.817993 ) (-2520 2200 -872 ) (-2520 2048 -872 ) (-2520 2048 -607.817993 ) 
4 1171 1191 (-2584 2048 -640 ) (-2584 2048 -872 ) (-2520 2048 -872 ) (-2520 2048 -640 ) 
4 1171 1189 (-2520 2048 -607.817993 ) (-2584 2048 -607.817993 ) (-2584 2048 -640 ) (-2520 2048 -640 ) 
4 1171 1172 (-2584 2200 -607.817993 ) (-2584 2200 -872 ) (-2584 2048 -872 ) (-2584 2048 -607.817993 ) 
4 1172 1193 (-3072 2048 -640 ) (-3072 2048 -991.818054 ) (-2584 2048 -991.818054 ) (-2584 2048 -640 ) 
4 1172 1189 (-2584 2048 -607.817993 ) (-3072 2048 -607.817993 ) (-3072 2048 -640 ) (-2584 2048 -640 ) 
4 1172 1181 (-3072 2048 -991.818054 ) (-3072 2048 -607.817993 ) (-3072 2200 -607.817993 ) (-3072 2200 -991.818054 ) 
4 1172 1173 (-2584 2048 -991.818054 ) (-3072 2048 -991.818054 ) (-3072 2200 -991.818054 ) (-2584 2200 -991.818054 ) 
4 1173 1195 (-2496 2048 -991.818054 ) (-3072 2048 -991.818054 ) (-3072 2048 -1728 ) (-2496 2048 -1728 ) 
4 1173 1194 (-2048 2048 -1728 ) (-2048 2048 -991.818054 ) (-2496 2048 -991.818054 ) (-2496 2048 -1728 ) 
4 1173 1181 (-3072 2048 -1728 ) (-3072 2048 -991.818054 ) (-3072 2816 -991.818054 ) (-3072 2816 -1728 ) 
4 1174 1197 (-2048 2048 -2944 ) (-2048 2048 -1792 ) (-3072 2048 -1792 ) (-3072 2048 -2944 ) 
4 1174 1182 (-3072 3072 -1792 ) (-3072 3072 -2944 ) (-3072 2048 -2944 ) (-3072 2048 -1792 ) 
4 1175 1201 (-3072 2048 1152 ) (-3072 2048 7168 ) (-3584 2048 7168 ) (-3584 2048 1152 ) 
4 1175 1183 (-3584 2048 1216 ) (-3584 2048 7168 ) (-3584 3072 7168 ) (-3584 3072 1216 ) 
4 1176 1203 (-3072 2048 -128 ) (-3072 2048 512 ) (-3584 2048 512 ) (-3584 2048 -128 ) 
4 1176 1177 (-3072 2048 -128 ) (-3584 2048 -128 ) (-3584 2816 -128 ) (-3072 2816 -128 ) 
4 1177 1203 (-3072 2048 -488 ) (-3072 2048 -128 ) (-3584 2048 -128 ) (-3584 2048 -488 ) 
4 1177 1181 (-3072 2048 -488 ) (-3584 2048 -488 ) (-3584 2816 -488 ) (-3072 2816 -488 ) 
5 1177 1179 (-3584 2816 -488 ) (-3584 3072 -488 ) (-3121.137207 3072 -488 ) (-3087.760010 3038.630127 -488 ) (-3310.390137 2816 -488 ) 
3 1177 1178 (-3072 3054.390137 -488 ) (-3072 2816 -488 ) (-3310.390137 2816 -488 ) 
4 1178 1181 (-3072 2816 -607.817993 ) (-3072 2816 -488 ) (-3310.390137 2816 -488 ) (-3310.390137 2816 -607.817993 ) 
4 1178 1179 (-3087.760254 3038.630371 -607.817993 ) (-3310.390625 2816 -607.817993 ) (-3310.390625 2816 -488 ) (-3087.760254 3038.630371 -488 ) 
3 1178 1180 (-3072 2816 -607.817993 ) (-3310.390137 2816 -607.817993 ) (-3072 3054.390137 -607.817993 ) 
4 1179 1181 (-3310.390137 2816 -488 ) (-3584 2816 -488 ) (-3584 2816 -607.817993 ) (-3310.390137 2816 -607.817993 ) 
5 1179 1180 (-3310.390137 2816 -607.817993 ) (-3584 2816 -607.817993 ) (-3584 3072 -607.817993 ) (-3121.137207 3072 -607.817993 ) (-3087.760010 3038.630127 -607.817993 ) 
4 1180 1181 (-3072 2816 -640 ) (-3072 2816 -607.817993 ) (-3584 2816 -607.817993 ) (-3584 2816 -640 ) 
4 1181 1204 (-3072 2048 -1728 ) (-3072 2048 -1024 ) (-3584 2048 -1024 ) (-3584 2048 -1728 ) 
4 1181 1203 (-3072 2048 -1024 ) (-3072 2048 -488 ) (-3584 2048 -488 ) (-3584 2048 -1024 ) 
4 1182 1207 (-3072 2048 -2944 ) (-3072 2048 -1792 ) (-3584 2048 -1792 ) (-3584 2048 -2944 ) 
4 1182 1186 (-3584 2048 -2944 ) (-3584 2048 -1792 ) (-3584 3072 -1792 ) (-3584 3072 -2944 ) 
4 1183 1251 (-4096 2048 1216 ) (-4096 2048 7168 ) (-4096 3072 7168 ) (-4096 3072 1216 ) 
4 1183 1208 (-3584 2048 1216 ) (-3584 2048 7168 ) (-4096 2048 7168 ) (-4096 2048 1216 ) 
4 1183 1184 (-3712 2048 1216 ) (-4096 2048 1216 ) (-4096 3072 1216 ) (-3712 3072 1216 ) 
4 1184 1251 (-4096 2048 -128 ) (-4096 2048 1216 ) (-4096 3072 1216 ) (-4096 3072 -128 ) 
4 1184 1210 (-3712 2048 1216 ) (-4096 2048 1216 ) (-4096 2048 -128 ) (-3712 2048 -128 ) 
4 1184 1185 (-4096 2048 -128 ) (-4096 3072 -128 ) (-3712 3072 -128 ) (-3712 2048 -128 ) 
4 1185 1254 (-4096 2048 -1792 ) (-4096 2048 -1376 ) (-4096 3072 -1376 ) (-4096 3072 -1792 ) 
4 1185 1251 (-4096 2048 -1376 ) (-4096 2048 -128 ) (-4096 3072 -128 ) (-4096 3072 -1376 ) 
4 1185 1211 (-3712 2048 -128 ) (-4096 2048 -128 ) (-4096 2048 -1792 ) (-3712 2048 -1792 ) 
4 1185 1186 (-3712 2048 -1792 ) (-4096 2048 -1792 ) (-4096 3072 -1792 ) (-3712 3072 -1792 ) 
4 1186 1254 (-4096 2048 -2944 ) (-4096 2048 -1792 ) (-4096 3072 -1792 ) (-4096 3072 -2944 ) 
4 1186 1212 (-3584 2048 -2944 ) (-3584 2048 -1792 ) (-4096 2048 -1792 ) (-4096 2048 -2944 ) 
4 1187 1213 (-2048 1024 1216 ) (-2048 1024 7168 ) (-3072 1024 7168 ) (-3072 1024 1216 ) 
4 1187 1202 (-3072 1024 1216 ) (-3072 1024 7168 ) (-3072 1344 7168 ) (-3072 1344 1216 ) 
4 1187 1201 (-3072 1344 7168 ) (-3072 2048 7168 ) (-3072 2048 1216 ) (-3072 1344 1216 ) 
4 1187 1188 (-3072 1344 1216 ) (-3072 2048 1216 ) (-2048 2048 1216 ) (-2048 1344 1216 ) 
4 1188 1201 (-3072 1344 1216 ) (-3072 2048 1216 ) (-3072 2048 1152 ) (-3072 1344 1152 ) 
4 1189 1214 (-2048 1024 -640 ) (-2048 1024 1152 ) (-3072 1024 1152 ) (-3072 1024 -640 ) 
4 1189 1205 (-3072 1024 -640 ) (-3072 1024 1152 ) (-3072 1088 1152 ) (-3072 1088 -640 ) 
5 1189 1203 (-3072 1088 1152 ) (-3072 1280 1152 ) (-3072 2048 512 ) (-3072 2048 -640 ) (-3072 1088 -640 ) 
4 1189 1198 (-3072 1088 -640 ) (-3072 1472 -640 ) (-2048 1472 -640 ) (-2048 1088 -640 ) 
4 1189 1191 (-2584 2048 -640 ) (-2520 2048 -640 ) (-2520 1848 -640 ) (-2584 1848 -640 ) 
4 1189 1192 (-2520 1848 -640 ) (-2520 1472 -640 ) (-2584 1472 -640 ) (-2584 1848 -640 ) 
4 1189 1190 (-2520 2048 -640 ) (-2048 2048 -640 ) (-2048 1472 -640 ) (-2520 1472 -640 ) 
4 1189 1193 (-3072 1472 -640 ) (-3072 2048 -640 ) (-2584 2048 -640 ) (-2584 1472 -640 ) 
4 1190 1198 (-2048 1472 -991.818054 ) (-2048 1472 -640 ) (-2520 1472 -640 ) (-2520 1472 -991.818054 ) 
4 1190 1196 (-2496 1472 -991.818054 ) (-2520 1472 -991.818054 ) (-2520 1856 -991.818054 ) (-2496 1856 -991.818054 ) 
4 1190 1195 (-2520 1856 -991.818054 ) (-2520 2048 -991.818054 ) (-2496 2048 -991.818054 ) (-2496 1856 -991.818054 ) 
4 1190 1194 (-2048 1472 -991.818054 ) (-2496 1472 -991.818054 ) (-2496 2048 -991.818054 ) (-2048 2048 -991.818054 ) 
4 1190 1191 (-2520 1848 -872 ) (-2520 1848 -640 ) (-2520 2048 -640 ) (-2520 2048 -872 ) 
4 1190 1192 (-2520 1848 -991.818054 ) (-2520 1472 -991.818054 ) (-2520 1472 -640 ) (-2520 1848 -640 ) 
4 1191 1192 (-2584 1848 -640 ) (-2584 1848 -872 ) (-2520 1848 -872 ) (-2520 1848 -640 ) 
4 1191 1193 (-2584 1848 -872 ) (-2584 1848 -640 ) (-2584 2048 -640 ) (-2584 2048 -872 ) 
4 1192 1198 (-2520 1472 -640 ) (-2584 1472 -640 ) (-2584 1472 -991.818054 ) (-2520 1472 -991.818054 ) 
4 1192 1196 (-2520 1472 -991.818054 ) (-2584 1472 -991.818054 ) (-2584 1848 -991.818054 ) (-2520 1848 -991.818054 ) 
4 1192 1193 (-2584 1848 -991.818054 ) (-2584 1472 -991.818054 ) (-2584 1472 -640 ) (-2584 1848 -640 ) 
4 1193 1203 (-3072 1472 -991.818054 ) (-3072 1472 -640 ) (-3072 2048 -640 ) (-3072 2048 -991.818054 ) 
4 1193 1198 (-2584 1472 -640 ) (-3072 1472 -640 ) (-3072 1472 -991.818054 ) (-2584 1472 -991.818054 ) 
4 1193 1196 (-2584 1472 -991.818054 ) (-3072 1472 -991.818054 ) (-3072 1856 -991.818054 ) (-2584 1856 -991.818054 ) 
4 1193 1195 (-3072 1856 -991.818054 ) (-3072 2048 -991.818054 ) (-2584 2048 -991.818054 ) (-2584 1856 -991.818054 ) 
4 1194 1198 (-2048 1472 -1024 ) (-2048 1472 -991.818054 ) (-2496 1472 -991.818054 ) (-2496 1472 -1024 ) 
4 1194 1196 (-2496 1472 -1024 ) (-2496 1472 -991.818054 ) (-2496 1856 -991.818054 ) (-2496 1856 -1024 ) 
4 1194 1195 (-2496 2048 -1728 ) (-2496 1856 -1728 ) (-2496 1856 -991.818054 ) (-2496 2048 -991.818054 ) 
4 1195 1204 (-3072 2048 -1024 ) (-3072 2048 -1728 ) (-3072 1856 -1728 ) (-3072 1856 -1024 ) 
4 1195 1203 (-3072 1856 -991.818054 ) (-3072 2048 -991.818054 ) (-3072 2048 -1024 ) (-3072 1856 -1024 ) 
4 1195 1196 (-2496 1856 -1024 ) (-2496 1856 -991.818054 ) (-3072 1856 -991.818054 ) (-3072 1856 -1024 ) 
4 1196 1203 (-3072 1472 -1024 ) (-3072 1472 -991.818054 ) (-3072 1856 -991.818054 ) (-3072 1856 -1024 ) 
4 1196 1198 (-2496 1472 -991.818054 ) (-3072 1472 -991.818054 ) (-3072 1472 -1024 ) (-2496 1472 -1024 ) 
4 1197 1207 (-3072 1472 -2944 ) (-3072 1472 -1792 ) (-3072 2048 -1792 ) (-3072 2048 -2944 ) 
4 1197 1199 (-2048 1472 -2944 ) (-2048 1472 -1792 ) (-3072 1472 -1792 ) (-3072 1472 -2944 ) 
4 1198 1203 (-3072 1088 -1024 ) (-3072 1088 -640 ) (-3072 1472 -640 ) (-3072 1472 -1024 ) 
4 1199 1207 (-3072 1088 -2944 ) (-3072 1088 -1792 ) (-3072 1472 -1792 ) (-3072 1472 -2944 ) 
4 1199 1200 (-2048 1088 -2944 ) (-2048 1088 -1792 ) (-3072 1088 -1792 ) (-3072 1088 -2944 ) 
4 1200 1215 (-2048 1024 -2944 ) (-2048 1024 -1152 ) (-3072 1024 -1152 ) (-3072 1024 -2944 ) 
4 1200 1207 (-3072 1024 -2944 ) (-3072 1024 -1792 ) (-3072 1088 -1792 ) (-3072 1088 -2944 ) 
4 1200 1206 (-3072 1024 -1792 ) (-3072 1024 -1152 ) (-3072 1088 -1152 ) (-3072 1088 -1792 ) 
4 1201 1208 (-3584 2048 7168 ) (-3584 2048 1216 ) (-3584 1344 1216 ) (-3584 1344 7168 ) 
4 1201 1202 (-3072 1344 1216 ) (-3072 1344 7168 ) (-3584 1344 7168 ) (-3584 1344 1216 ) 
4 1202 1223 (-3072 1024 1216 ) (-3072 1024 7168 ) (-3584 1024 7168 ) (-3584 1024 1216 ) 
4 1202 1208 (-3584 1024 1216 ) (-3584 1024 7168 ) (-3584 1344 7168 ) (-3584 1344 1216 ) 
4 1203 1209 (-3584 1376 -128 ) (-3584 1088 -128 ) (-3584 1088 128 ) (-3584 1376 128 ) 
4 1203 1205 (-3072 1088 -640 ) (-3072 1088 1152 ) (-3584 1088 1152 ) (-3584 1088 -640 ) 
4 1203 1204 (-3584 1856 -1024 ) (-3584 2048 -1024 ) (-3072 2048 -1024 ) (-3072 1856 -1024 ) 
4 1205 1224 (-3072 1024 -640 ) (-3072 1024 1152 ) (-3584 1024 1152 ) (-3584 1024 -640 ) 
4 1205 1209 (-3584 1088 128 ) (-3584 1088 -128 ) (-3584 1056 -128 ) (-3584 1056 128 ) 
4 1206 1225 (-3072 1024 -1792 ) (-3072 1024 -1152 ) (-3584 1024 -1152 ) (-3584 1024 -1792 ) 
4 1206 1207 (-3072 1024 -1792 ) (-3584 1024 -1792 ) (-3584 1088 -1792 ) (-3072 1088 -1792 ) 
4 1207 1225 (-3072 1024 -2944 ) (-3072 1024 -1792 ) (-3584 1024 -1792 ) (-3584 1024 -2944 ) 
4 1207 1212 (-3584 2048 -1792 ) (-3584 2048 -2944 ) (-3584 1024 -2944 ) (-3584 1024 -1792 ) 
4 1208 1282 (-4096 1024 1216 ) (-4096 1024 7168 ) (-4096 1408 7168 ) (-4096 1408 1216 ) 
4 1208 1279 (-4096 1408 7168 ) (-4096 2048 7168 ) (-4096 2048 1216 ) (-4096 1408 1216 ) 
4 1208 1226 (-4096 1024 7168 ) (-4096 1024 1216 ) (-3584 1024 1216 ) (-3584 1024 7168 ) 
4 1208 1210 (-4096 2048 1216 ) (-3712 2048 1216 ) (-3712 1024 1216 ) (-4096 1024 1216 ) 
4 1210 1283 (-4096 1024 -128 ) (-4096 1024 736 ) (-4096 1408 736 ) (-4096 1408 -128 ) 
4 1210 1282 (-4096 1024 736 ) (-4096 1024 1216 ) (-4096 1408 1216 ) (-4096 1408 736 ) 
4 1210 1279 (-4096 1408 1216 ) (-4096 2048 1216 ) (-4096 2048 -128 ) (-4096 1408 -128 ) 
4 1210 1227 (-4096 1024 1216 ) (-4096 1024 -128 ) (-3712 1024 -128 ) (-3712 1024 1216 ) 
4 1210 1211 (-4096 1024 -128 ) (-4096 2048 -128 ) (-3712 2048 -128 ) (-3712 1024 -128 ) 
4 1211 1284 (-4096 1024 -1792 ) (-4096 1024 -160 ) (-4096 1408 -160 ) (-4096 1408 -1792 ) 
4 1211 1283 (-4096 1024 -160 ) (-4096 1024 -128 ) (-4096 1408 -128 ) (-4096 1408 -160 ) 
4 1211 1281 (-4096 2048 -1376 ) (-4096 2048 -1792 ) (-4096 1408 -1792 ) (-4096 1408 -1376 ) 
4 1211 1279 (-4096 1408 -128 ) (-4096 2048 -128 ) (-4096 2048 -1376 ) (-4096 1408 -1376 ) 
4 1211 1228 (-4096 1024 -128 ) (-4096 1024 -1792 ) (-3712 1024 -1792 ) (-3712 1024 -128 ) 
4 1211 1212 (-4096 2048 -1792 ) (-3712 2048 -1792 ) (-3712 1024 -1792 ) (-4096 1024 -1792 ) 
4 1212 1284 (-4096 1024 -2944 ) (-4096 1024 -1792 ) (-4096 1408 -1792 ) (-4096 1408 -2944 ) 
4 1212 1281 (-4096 1408 -1792 ) (-4096 2048 -1792 ) (-4096 2048 -2944 ) (-4096 1408 -2944 ) 
4 1212 1229 (-4096 1024 -1792 ) (-4096 1024 -2944 ) (-3584 1024 -2944 ) (-3584 1024 -1792 ) 
4 1213 1223 (-3072 1024 7168 ) (-3072 1024 1216 ) (-3072 576 1216 ) (-3072 576 7168 ) 
4 1213 1216 (-2048 576 1344 ) (-2048 576 7168 ) (-3072 576 7168 ) (-3072 576 1344 ) 
4 1214 1224 (-3072 1024 1152 ) (-3072 1024 -640 ) (-3072 576 -640 ) (-3072 576 1152 ) 
4 1214 1218 (-3072 576 -192 ) (-3072 576 -640 ) (-2880 576 -640 ) (-2880 576 -192 ) 
4 1215 1225 (-3072 1024 -1152 ) (-3072 1024 -2944 ) (-3072 576 -2944 ) (-3072 576 -1152 ) 
4 1215 1219 (-2880 576 -1152 ) (-3072 576 -1152 ) (-3072 576 -1280 ) (-2880 576 -1280 ) 
4 1215 1222 (-3072 576 -1280 ) (-3072 576 -2944 ) (-2816 576 -2944 ) (-2816 576 -1280 ) 
4 1215 1217 (-2048 576 -2944 ) (-2048 576 -1280 ) (-2816 576 -1280 ) (-2816 576 -2944 ) 
4 1216 2365 (-2048 0 1344 ) (-2048 0 7168 ) (-3072 0 7168 ) (-3072 0 1344 ) 
4 1216 1230 (-3072 0 1344 ) (-3072 0 7168 ) (-3072 576 7168 ) (-3072 576 1344 ) 
4 1217 2369 (-2048 0 -2944 ) (-2048 0 -1280 ) (-2816 0 -1280 ) (-2816 0 -2944 ) 
4 1217 1222 (-2816 576 -1280 ) (-2816 576 -2944 ) (-2816 0 -2944 ) (-2816 0 -1280 ) 
4 1218 1231 (-3072 576 -192 ) (-3072 576 -640 ) (-3072 512 -640 ) (-3072 512 -192 ) 
4 1218 1220 (-3072 512 -192 ) (-3072 512 -640 ) (-2880 512 -640 ) (-2880 512 -192 ) 
4 1219 1238 (-3072 576 -1152 ) (-3072 576 -1280 ) (-3072 512 -1280 ) (-3072 512 -1152 ) 
4 1219 1221 (-3072 512 -1280 ) (-2880 512 -1280 ) (-2880 512 -1152 ) (-3072 512 -1152 ) 
4 1219 1222 (-3072 576 -1280 ) (-2880 576 -1280 ) (-2880 512 -1280 ) (-3072 512 -1280 ) 
4 1220 1236 (-3072 0 -512 ) (-3072 0 -496 ) (-3072 512 -496 ) (-3072 512 -512 ) 
4 1220 1232 (-3072 0 -496 ) (-3072 0 -128 ) (-3072 512 -128 ) (-3072 512 -496 ) 
4 1220 1237 (-3072 0 -640 ) (-3072 0 -512 ) (-3072 512 -512 ) (-3072 512 -640 ) 
4 1221 1240 (-3072 0 -1280 ) (-3072 0 -1152 ) (-3072 512 -1152 ) (-3072 512 -1280 ) 
4 1221 1222 (-2816 512 -1280 ) (-2816 0 -1280 ) (-3072 0 -1280 ) (-3072 512 -1280 ) 
4 1222 2369 (-2816 0 -2944 ) (-2816 0 -1280 ) (-3072 0 -1280 ) (-3072 0 -2944 ) 
4 1222 1240 (-3072 0 -2944 ) (-3072 0 -1280 ) (-3072 512 -1280 ) (-3072 512 -2944 ) 
4 1222 1239 (-3072 512 -1280 ) (-3072 576 -1280 ) (-3072 576 -2944 ) (-3072 512 -2944 ) 
4 1223 1230 (-3072 576 1344 ) (-3072 576 7168 ) (-3584 576 7168 ) (-3584 576 1344 ) 
4 1223 1226 (-3584 1024 7168 ) (-3584 1024 1216 ) (-3584 576 1216 ) (-3584 576 7168 ) 
4 1224 1231 (-3072 576 -640 ) (-3072 576 -192 ) (-3328 576 -192 ) (-3328 576 -640 ) 
4 1225 1238 (-3072 576 -1280 ) (-3072 576 -1152 ) (-3328 576 -1152 ) (-3328 576 -1280 ) 
4 1225 1239 (-3072 576 -2944 ) (-3072 576 -1280 ) (-3584 576 -1280 ) (-3584 576 -2944 ) 
4 1225 1229 (-3584 1024 -1792 ) (-3584 1024 -2944 ) (-3584 576 -2944 ) (-3584 576 -1792 ) 
4 1226 1330 (-4096 576 1216 ) (-4096 576 1344 ) (-4096 1024 1344 ) (-4096 1024 1216 ) 
4 1226 1329 (-4096 576 1344 ) (-4096 576 7168 ) (-4096 1024 7168 ) (-4096 1024 1344 ) 
4 1226 1230 (-4096 576 7168 ) (-4096 576 1344 ) (-3584 576 1344 ) (-3584 576 7168 ) 
4 1226 1227 (-4096 1024 1216 ) (-3712 1024 1216 ) (-3712 576 1216 ) (-4096 576 1216 ) 
4 1227 1330 (-4096 576 -128 ) (-4096 576 1216 ) (-4096 1024 1216 ) (-4096 1024 -128 ) 
4 1227 1228 (-3712 576 -128 ) (-4096 576 -128 ) (-4096 1024 -128 ) (-3712 1024 -128 ) 
4 1228 1332 (-4096 576 -1792 ) (-4096 576 -128 ) (-4096 1024 -128 ) (-4096 1024 -1792 ) 
4 1228 1239 (-4096 576 -1280 ) (-4096 576 -1792 ) (-3712 576 -1792 ) (-3712 576 -1280 ) 
4 1228 1229 (-4096 1024 -1792 ) (-3712 1024 -1792 ) (-3712 576 -1792 ) (-4096 576 -1792 ) 
4 1229 1332 (-4096 576 -2944 ) (-4096 576 -1792 ) (-4096 1024 -1792 ) (-4096 1024 -2944 ) 
4 1229 1239 (-4096 576 -1792 ) (-4096 576 -2944 ) (-3584 576 -2944 ) (-3584 576 -1792 ) 
4 1230 2370 (-3072 0 1344 ) (-3072 0 7168 ) (-4096 0 7168 ) (-4096 0 1344 ) 
4 1230 1329 (-4096 0 1344 ) (-4096 0 7168 ) (-4096 576 7168 ) (-4096 576 1344 ) 
4 1231 1236 (-3072 512 -512 ) (-3072 512 -496 ) (-3328 512 -496 ) (-3328 512 -512 ) 
4 1231 1232 (-3072 512 -496 ) (-3072 512 -192 ) (-3328 512 -192 ) (-3328 512 -496 ) 
4 1231 1237 (-3328 512 -640 ) (-3072 512 -640 ) (-3072 512 -512 ) (-3328 512 -512 ) 
4 1232 1236 (-3072 0 -496 ) (-3776 0 -496 ) (-3776 512 -496 ) (-3072 512 -496 ) 
4 1232 1234 (-3808 512 -416 ) (-3808 512 -496 ) (-3808 0 -496 ) (-3808 0 -416 ) 
4 1233 1334 (-4096 0 -416 ) (-4096 0 -260.923157 ) (-4096 512 -260.923157 ) (-4096 512 -416 ) 
4 1233 1234 (-4096 512 -416 ) (-3872 512 -416 ) (-3872 0 -416 ) (-4096 0 -416 ) 
4 1234 1334 (-4096 0 -496 ) (-4096 0 -416 ) (-4096 512 -416 ) (-4096 512 -496 ) 
4 1234 1235 (-3904 0 -496 ) (-4096 0 -496 ) (-4096 512 -496 ) (-3904 512 -496 ) 
4 1235 1334 (-4096 0 -512 ) (-4096 0 -496 ) (-4096 512 -496 ) (-4096 512 -512 ) 
4 1235 1237 (-4096 0 -512 ) (-4096 512 -512 ) (-3920 512 -512 ) (-3920 0 -512 ) 
4 1236 1237 (-3760 512 -512 ) (-3072 512 -512 ) (-3072 0 -512 ) (-3760 0 -512 ) 
4 1237 1334 (-4096 0 -640 ) (-4096 0 -512 ) (-4096 512 -512 ) (-4096 512 -640 ) 
4 1237 1241 (-3584 0 -640 ) (-4096 0 -640 ) (-4096 512 -640 ) (-3584 512 -640 ) 
4 1238 1240 (-3072 512 -1280 ) (-3072 512 -1152 ) (-3328 512 -1152 ) (-3328 512 -1280 ) 
4 1238 1239 (-3072 512 -1280 ) (-3328 512 -1280 ) (-3328 576 -1280 ) (-3072 576 -1280 ) 
4 1239 1333 (-4096 576 -1280 ) (-4096 576 -2944 ) (-4096 512 -2944 ) (-4096 512 -1280 ) 
4 1239 1242 (-4096 512 -2944 ) (-3584 512 -2944 ) (-3584 512 -1280 ) (-4096 512 -1280 ) 
4 1239 1240 (-3584 512 -2944 ) (-3072 512 -2944 ) (-3072 512 -1280 ) (-3584 512 -1280 ) 
4 1240 2372 (-3072 0 -2944 ) (-3072 0 -1280 ) (-3584 0 -1280 ) (-3584 0 -2944 ) 
4 1240 1242 (-3584 512 -1152 ) (-3584 512 -2944 ) (-3584 0 -2944 ) (-3584 0 -1152 ) 
4 1241 1335 (-4096 0 -667.826172 ) (-4096 0 -640 ) (-4096 512 -640 ) (-4096 512 -667.826172 ) 
4 1242 2372 (-4096 0 -1280 ) (-4096 0 -2944 ) (-3584 0 -2944 ) (-3584 0 -1280 ) 
4 1242 1336 (-4096 0 -2944 ) (-4096 0 -1152 ) (-4096 512 -1152 ) (-4096 512 -2944 ) 
4 1243 1245 (-4096 4096 -2944 ) (-4096 4096 7168 ) (-5120 4096 7168 ) (-5120 4096 -2944 ) 
4 1243 1244 (-5120 5120 7168 ) (-5120 5120 -2944 ) (-5120 4096 -2944 ) (-5120 4096 7168 ) 
4 1244 1247 (-6144 5120 7168 ) (-6144 5120 -2944 ) (-6144 4096 -2944 ) (-6144 4096 7168 ) 
4 1244 1246 (-5120 4096 -2944 ) (-5120 4096 7168 ) (-6144 4096 7168 ) (-6144 4096 -2944 ) 
4 1245 1254 (-4096 3072 -2944 ) (-4096 3072 -1376 ) (-5120 3072 -1376 ) (-5120 3072 -2944 ) 
4 1245 1252 (-4928 3072 7168 ) (-5120 3072 7168 ) (-5120 3072 -1376 ) (-4928 3072 -1376 ) 
4 1245 1251 (-4096 3072 -1376 ) (-4096 3072 7168 ) (-4928 3072 7168 ) (-4928 3072 -1376 ) 
4 1245 1246 (-5120 4096 7168 ) (-5120 4096 -2944 ) (-5120 3072 -2944 ) (-5120 3072 7168 ) 
4 1246 1278 (-6144 3072 -1376 ) (-6144 3072 -2944 ) (-5952 3072 -2944 ) (-5952 3072 -1376 ) 
4 1246 1276 (-6144 3072 -1056 ) (-6144 3072 -1376 ) (-5952 3072 -1376 ) (-5952 3072 -1056 ) 
4 1246 1260 (-6144 3072 -608 ) (-6144 3072 -1056 ) (-5952 3072 -1056 ) (-5952 3072 -608 ) 
4 1246 1259 (-6144 3072 736 ) (-6144 3072 -608 ) (-5952 3072 -608 ) (-5952 3072 736 ) 
4 1246 1258 (-5952 3072 7168 ) (-6144 3072 7168 ) (-6144 3072 736 ) (-5952 3072 736 ) 
4 1246 1257 (-5120 3072 -2944 ) (-5120 3072 -1376 ) (-5952 3072 -1376 ) (-5952 3072 -2944 ) 
4 1246 1255 (-5120 3072 -1376 ) (-5120 3072 7168 ) (-5952 3072 7168 ) (-5952 3072 -1376 ) 
4 1246 1249 (-6144 3072 -2944 ) (-6144 3072 7168 ) (-6144 4096 7168 ) (-6144 4096 -2944 ) 
4 1247 1249 (-6144 4096 -2944 ) (-6144 4096 7168 ) (-7168 4096 7168 ) (-7168 4096 -2944 ) 
4 1247 1248 (-7168 5120 7168 ) (-7168 5120 -2944 ) (-7168 4096 -2944 ) (-7168 4096 7168 ) 
4 1248 1616 (-8192 4096 -2944 ) (-8192 4096 7168 ) (-8192 5120 7168 ) (-8192 5120 -2944 ) 
4 1248 1250 (-7168 4096 -2944 ) (-7168 4096 7168 ) (-8192 4096 7168 ) (-8192 4096 -2944 ) 
4 1249 1389 (-6144 3072 -2944 ) (-6144 3072 -1376 ) (-7168 3072 -1376 ) (-7168 3072 -2944 ) 
4 1249 1355 (-6144 3072 -1376 ) (-6144 3072 7168 ) (-7168 3072 7168 ) (-7168 3072 -1376 ) 
4 1249 1250 (-7168 4096 7168 ) (-7168 4096 -2944 ) (-7168 3072 -2944 ) (-7168 3072 7168 ) 
4 1250 1617 (-8192 3072 -2944 ) (-8192 3072 7168 ) (-8192 4096 7168 ) (-8192 4096 -2944 ) 
4 1250 1393 (-7168 3072 -2944 ) (-7168 3072 -1376 ) (-8192 3072 -1376 ) (-8192 3072 -2944 ) 
4 1250 1390 (-7168 3072 -1376 ) (-7168 3072 7168 ) (-7744 3072 7168 ) (-7744 3072 -1376 ) 
4 1250 1392 (-7744 3072 7168 ) (-8192 3072 7168 ) (-8192 3072 -1376 ) (-7744 3072 -1376 ) 
4 1251 1279 (-4096 2048 -1376 ) (-4096 2048 7168 ) (-4928 2048 7168 ) (-4928 2048 -1376 ) 
4 1251 1254 (-4096 2048 -1376 ) (-4928 2048 -1376 ) (-4928 3072 -1376 ) (-4096 3072 -1376 ) 
4 1251 1253 (-4928 2048 736 ) (-4928 2048 7168 ) (-4928 2880 7168 ) (-4928 2880 736 ) 
4 1251 1252 (-4928 3072 -1376 ) (-4928 2880 -1376 ) (-4928 2880 7168 ) (-4928 3072 7168 ) 
4 1252 1255 (-5120 3072 7168 ) (-5120 3072 -1376 ) (-5120 2880 -1376 ) (-5120 2880 7168 ) 
4 1252 1254 (-5120 2880 -1376 ) (-5120 3072 -1376 ) (-4928 3072 -1376 ) (-4928 2880 -1376 ) 
4 1252 1253 (-4928 2880 736 ) (-4928 2880 7168 ) (-5120 2880 7168 ) (-5120 2880 736 ) 
4 1253 1280 (-4928 2048 7168 ) (-5120 2048 7168 ) (-5120 2048 736 ) (-4928 2048 736 ) 
4 1253 1256 (-5120 2048 736 ) (-5120 2048 7168 ) (-5120 2880 7168 ) (-5120 2880 736 ) 
4 1254 1281 (-4096 2048 -2944 ) (-4096 2048 -1376 ) (-5120 2048 -1376 ) (-5120 2048 -2944 ) 
4 1254 1257 (-5120 3072 -1376 ) (-5120 3072 -2944 ) (-5120 2048 -2944 ) (-5120 2048 -1376 ) 
4 1255 1276 (-5952 3072 -1056 ) (-5952 3072 -1376 ) (-5952 2880 -1376 ) (-5952 2880 -1056 ) 
4 1255 1260 (-5952 3072 -608 ) (-5952 3072 -1056 ) (-5952 2880 -1056 ) (-5952 2880 -608 ) 
4 1255 1259 (-5952 3072 736 ) (-5952 3072 -608 ) (-5952 2880 -608 ) (-5952 2880 736 ) 
4 1255 1258 (-5952 2880 7168 ) (-5952 3072 7168 ) (-5952 3072 736 ) (-5952 2880 736 ) 
4 1255 1257 (-5952 2880 -1376 ) (-5952 3072 -1376 ) (-5120 3072 -1376 ) (-5120 2880 -1376 ) 
4 1255 1256 (-5120 2880 736 ) (-5120 2880 7168 ) (-5952 2880 7168 ) (-5952 2880 736 ) 
4 1256 1289 (-5120 2048 736 ) (-5120 2048 7168 ) (-5952 2048 7168 ) (-5952 2048 736 ) 
4 1256 1258 (-5952 2048 736 ) (-5952 2048 7168 ) (-5952 2880 7168 ) (-5952 2880 736 ) 
4 1257 1328 (-5120 2048 -2944 ) (-5120 2048 -1376 ) (-5952 2048 -1376 ) (-5952 2048 -2944 ) 
4 1257 1278 (-5952 2048 -2944 ) (-5952 2048 -1376 ) (-5952 3072 -1376 ) (-5952 3072 -2944 ) 
4 1258 1363 (-6144 2112 736 ) (-6144 2048 736 ) (-6144 2048 7168 ) (-6144 2112 7168 ) 
4 1258 1356 (-6144 2880 736 ) (-6144 2112 736 ) (-6144 2112 7168 ) (-6144 2880 7168 ) 
4 1258 1355 (-6144 3072 7168 ) (-6144 3072 736 ) (-6144 2880 736 ) (-6144 2880 7168 ) 
4 1258 1289 (-5952 2048 736 ) (-5952 2048 7168 ) (-6144 2048 7168 ) (-6144 2048 736 ) 
4 1258 1259 (-6144 3072 736 ) (-5952 3072 736 ) (-5952 2880 736 ) (-6144 2880 736 ) 
4 1259 1355 (-6144 3072 736 ) (-6144 3072 -608 ) (-6144 2880 -608 ) (-6144 2880 736 ) 
4 1259 1260 (-6144 2880 -608 ) (-6144 3072 -608 ) (-5952 3072 -608 ) (-5952 2880 -608 ) 
4 1260 1355 (-6144 3072 -608 ) (-6144 3072 -1056 ) (-6144 2880 -1056 ) (-6144 2880 -608 ) 
4 1260 1276 (-6144 3072 -1056 ) (-5952 3072 -1056 ) (-5952 2880 -1056 ) (-6144 2880 -1056 ) 
4 1261 1357 (-6144 2624 -1056 ) (-6144 2112 -1056 ) (-6144 2112 -608 ) (-6144 2624 -608 ) 
4 1261 1277 (-5952 2624 -1056 ) (-5952 2112 -1056 ) (-6144 2112 -1056 ) (-6144 2624 -1056 ) 
4 1261 1263 (-6096 2112 -1056 ) (-5952 2112 -1056 ) (-5952 2112 -800.088074 ) (-6096 2112 -800.088074 ) 
4 1261 1262 (-5952 2112 -784.086914 ) (-5952 2112 -608 ) (-6144 2112 -608 ) (-6144 2112 -784.086914 ) 
4 1262 1366 (-6144 2096 -784.086914 ) (-6144 2096 -745.230896 ) (-6144 2112 -745.230896 ) (-6144 2112 -784.086914 ) 
4 1262 1364 (-6144 2096 -745.230896 ) (-6144 2096 -608 ) (-6144 2112 -608 ) (-6144 2112 -745.230896 ) 
4 1262 1267 (-5952 2096 -784.086914 ) (-5952 2096 -608 ) (-6144 2096 -608 ) (-6144 2096 -784.086914 ) 
4 1263 1265 (-6096 2104 -816.088074 ) (-6096 2104 -1048 ) (-5952 2104 -1048 ) (-5952 2104 -816.088074 ) 
4 1263 1264 (-6096 2104 -800.088074 ) (-6096 2104 -816.088074 ) (-5952 2104 -816.088074 ) (-5952 2104 -800.088074 ) 
4 1263 1266 (-6096 2104 -1048 ) (-6096 2104 -1056 ) (-5952 2104 -1056 ) (-5952 2104 -1048 ) 
4 1264 1268 (-5952 2096 -816.088074 ) (-5952 2096 -800.088074 ) (-6096 2096 -800.088074 ) (-6096 2096 -816.088074 ) 
4 1264 1265 (-5952 2096 -816.088074 ) (-6096 2096 -816.088074 ) (-6096 2104 -816.088074 ) (-5952 2104 -816.088074 ) 
4 1265 1273 (-5952 2096 -1048 ) (-5952 2096 -1008.090027 ) (-6096 2096 -1008.090027 ) (-6096 2096 -1048 ) 
4 1265 1272 (-5952 2096 -1008.090027 ) (-5952 2096 -992.088074 ) (-6096 2096 -992.088074 ) (-6096 2096 -1008.090027 ) 
4 1265 1268 (-5952 2096 -992.088074 ) (-5952 2096 -816.088074 ) (-6096 2096 -816.088074 ) (-6096 2096 -992.088074 ) 
4 1265 1266 (-5952 2096 -1048 ) (-6096 2096 -1048 ) (-6096 2104 -1048 ) (-5952 2104 -1048 ) 
4 1266 1273 (-6096 2096 -1056 ) (-5952 2096 -1056 ) (-5952 2096 -1048 ) (-6096 2096 -1048 ) 
4 1267 1371 (-6144 2048 -784.086914 ) (-6144 2048 -745.230896 ) (-6144 2096 -745.230896 ) (-6144 2096 -784.086914 ) 
4 1267 1364 (-6144 2048 -745.230896 ) (-6144 2048 -608 ) (-6144 2096 -608 ) (-6144 2096 -745.230896 ) 
4 1267 1303 (-5952 2048 -784.086914 ) (-5952 2048 -608 ) (-6144 2048 -608 ) (-6144 2048 -784.086914 ) 
4 1268 1304 (-5952 2048 -992.088074 ) (-5952 2048 -800.088074 ) (-6112 2048 -800.088074 ) (-6112 2048 -992.088074 ) 
4 1268 1272 (-6096 2096 -992.088074 ) (-5952 2096 -992.088074 ) (-5952 2048 -992.088074 ) (-6096 2048 -992.088074 ) 
4 1268 1270 (-6112 2096 -992.088074 ) (-6112 2048 -992.088074 ) (-6112 2048 -816.088074 ) (-6112 2096 -816.088074 ) 
4 1268 1269 (-6112 2048 -816.088074 ) (-6112 2048 -800.088074 ) (-6112 2096 -800.088074 ) (-6112 2096 -816.088074 ) 
4 1269 1305 (-6112 2048 -800.088074 ) (-6128 2048 -800.088074 ) (-6128 2048 -816.088074 ) (-6112 2048 -816.088074 ) 
4 1269 1271 (-6128 2048 -816.088074 ) (-6128 2048 -800.088074 ) (-6128 2096 -800.088074 ) (-6128 2096 -816.088074 ) 
4 1269 1270 (-6128 2048 -816.088074 ) (-6128 2096 -816.088074 ) (-6112 2096 -816.088074 ) (-6112 2048 -816.088074 ) 
4 1270 1306 (-6128 2048 -816.088074 ) (-6128 2048 -992.088074 ) (-6112 2048 -992.088074 ) (-6112 2048 -816.088074 ) 
4 1270 1271 (-6128 2096 -992.088074 ) (-6128 2048 -992.088074 ) (-6128 2048 -816.088074 ) (-6128 2096 -816.088074 ) 
4 1271 1372 (-6144 2048 -992.088074 ) (-6144 2048 -800.088074 ) (-6144 2096 -800.088074 ) (-6144 2096 -992.088074 ) 
4 1271 1307 (-6128 2048 -800.088074 ) (-6144 2048 -800.088074 ) (-6144 2048 -992.088074 ) (-6128 2048 -992.088074 ) 
4 1272 1308 (-5952 2048 -1008.090027 ) (-5952 2048 -992.088074 ) (-6096 2048 -992.088074 ) (-6096 2048 -1008.090027 ) 
4 1272 1273 (-6096 2096 -1008.090027 ) (-5952 2096 -1008.090027 ) (-5952 2048 -1008.090027 ) (-6096 2048 -1008.090027 ) 
4 1273 1309 (-5952 2048 -1056 ) (-5952 2048 -1008.090027 ) (-6112 2048 -1008.090027 ) (-6112 2048 -1056 ) 
4 1273 1274 (-6112 2048 -1008.090027 ) (-6112 2096 -1008.090027 ) (-6112 2096 -1056 ) (-6112 2048 -1056 ) 
4 1274 1310 (-6112 2048 -1008.090027 ) (-6128 2048 -1008.090027 ) (-6128 2048 -1056 ) (-6112 2048 -1056 ) 
4 1274 1275 (-6128 2048 -1008.090027 ) (-6128 2096 -1008.090027 ) (-6128 2096 -1056 ) (-6128 2048 -1056 ) 
4 1275 1372 (-6144 2096 -1056 ) (-6144 2048 -1056 ) (-6144 2048 -1008.090027 ) (-6144 2096 -1008.090027 ) 
4 1275 1311 (-6128 2048 -1008.090027 ) (-6144 2048 -1008.090027 ) (-6144 2048 -1056 ) (-6128 2048 -1056 ) 
4 1276 1355 (-6144 3072 -1056 ) (-6144 3072 -1376 ) (-6144 2880 -1376 ) (-6144 2880 -1056 ) 
4 1276 1278 (-6144 2880 -1376 ) (-6144 3072 -1376 ) (-5952 3072 -1376 ) (-5952 2880 -1376 ) 
4 1277 1357 (-6144 2112 -1056 ) (-6144 2624 -1056 ) (-6144 2624 -1248 ) (-6144 2112 -1248 ) 
4 1278 1389 (-6144 3072 -1376 ) (-6144 3072 -2944 ) (-6144 2048 -2944 ) (-6144 2048 -1376 ) 
4 1278 1328 (-5952 2048 -2944 ) (-5952 2048 -1376 ) (-6144 2048 -1376 ) (-6144 2048 -2944 ) 
4 1279 1284 (-4096 1408 -1376 ) (-4096 1408 -160 ) (-4928 1408 -160 ) (-4928 1408 -1376 ) 
4 1279 1283 (-4096 1408 -160 ) (-4096 1408 736 ) (-4928 1408 736 ) (-4928 1408 -160 ) 
4 1279 1282 (-4096 1408 736 ) (-4096 1408 7168 ) (-4928 1408 7168 ) (-4928 1408 736 ) 
4 1279 1281 (-4096 1408 -1376 ) (-4928 1408 -1376 ) (-4928 2048 -1376 ) (-4096 2048 -1376 ) 
4 1279 1280 (-4928 1408 736 ) (-4928 1408 7168 ) (-4928 2048 7168 ) (-4928 2048 736 ) 
4 1280 1289 (-5120 1408 736 ) (-5120 1408 7168 ) (-5120 2048 7168 ) (-5120 2048 736 ) 
4 1280 1282 (-4928 1408 7168 ) (-5120 1408 7168 ) (-5120 1408 736 ) (-4928 1408 736 ) 
4 1281 1328 (-5120 1408 -2944 ) (-5120 1408 -1376 ) (-5120 2048 -1376 ) (-5120 2048 -2944 ) 
4 1281 1288 (-5056 1408 -1376 ) (-5120 1408 -1376 ) (-5120 1408 -2944 ) (-5056 1408 -2944 ) 
4 1281 1285 (-4928 1408 -1376 ) (-5056 1408 -1376 ) (-5056 1408 -2944 ) (-4928 1408 -2944 ) 
4 1281 1284 (-4096 1408 -2944 ) (-4096 1408 -1376 ) (-4928 1408 -1376 ) (-4928 1408 -2944 ) 
4 1282 1331 (-4928 1024 7168 ) (-5120 1024 7168 ) (-5120 1024 736 ) (-4928 1024 736 ) 
4 1282 1330 (-4096 1024 736 ) (-4096 1024 1344 ) (-4928 1024 1344 ) (-4928 1024 736 ) 
4 1282 1329 (-4096 1024 1344 ) (-4096 1024 7168 ) (-4928 1024 7168 ) (-4928 1024 1344 ) 
4 1282 1289 (-5120 1024 736 ) (-5120 1024 7168 ) (-5120 1408 7168 ) (-5120 1408 736 ) 
4 1282 1283 (-4096 1024 736 ) (-4928 1024 736 ) (-4928 1408 736 ) (-4096 1408 736 ) 
4 1283 1332 (-4096 1024 -160 ) (-4096 1024 -128 ) (-4928 1024 -128 ) (-4928 1024 -160 ) 
4 1283 1330 (-4096 1024 -128 ) (-4096 1024 736 ) (-4928 1024 736 ) (-4928 1024 -128 ) 
4 1283 1284 (-4928 1408 -160 ) (-4096 1408 -160 ) (-4096 1024 -160 ) (-4928 1024 -160 ) 
4 1284 1332 (-4096 1024 -2944 ) (-4096 1024 -160 ) (-4928 1024 -160 ) (-4928 1024 -2944 ) 
4 1284 1285 (-4928 1408 -2944 ) (-4928 1024 -2944 ) (-4928 1024 -1376 ) (-4928 1408 -1376 ) 
4 1285 1343 (-5056 1024 -1376 ) (-5056 1024 -2944 ) (-4928 1024 -2944 ) (-4928 1024 -1376 ) 
4 1285 1288 (-5056 1024 -2944 ) (-5056 1024 -1376 ) (-5056 1408 -1376 ) (-5056 1408 -2944 ) 
4 1286 1340 (-5056 1024 -640 ) (-5056 1024 -160 ) (-5120 1024 -160 ) (-5120 1024 -640 ) 
4 1286 1292 (-5120 1024 -640 ) (-5120 1024 -608 ) (-5120 1408 -608 ) (-5120 1408 -640 ) 
4 1286 1291 (-5120 1024 -608 ) (-5120 1024 -160 ) (-5120 1408 -160 ) (-5120 1408 -608 ) 
4 1287 1341 (-5056 1024 -1056 ) (-5056 1024 -672 ) (-5120 1024 -672 ) (-5120 1024 -1056 ) 
4 1287 1293 (-5120 1024 -1056 ) (-5120 1024 -672 ) (-5120 1408 -672 ) (-5120 1408 -1056 ) 
4 1288 1343 (-5056 1024 -2944 ) (-5056 1024 -1376 ) (-5120 1024 -1376 ) (-5120 1024 -2944 ) 
4 1288 1342 (-5056 1024 -1376 ) (-5056 1024 -1248 ) (-5120 1024 -1248 ) (-5120 1024 -1376 ) 
4 1288 1328 (-5120 1024 -2944 ) (-5120 1024 -1376 ) (-5120 1408 -1376 ) (-5120 1408 -2944 ) 
4 1288 1294 (-5120 1024 -1376 ) (-5120 1024 -1248 ) (-5120 1408 -1248 ) (-5120 1408 -1376 ) 
4 1289 1406 (-6144 1024 800 ) (-6144 1024 7168 ) (-6144 1664 7168 ) (-6144 1664 800 ) 
4 1289 1405 (-6144 1664 7168 ) (-6144 1824 7168 ) (-6144 1824 736 ) (-6144 1664 736 ) 
4 1289 1394 (-6144 1824 7168 ) (-6144 2048 7168 ) (-6144 2048 736 ) (-6144 1824 736 ) 
4 1289 1344 (-6144 1024 7168 ) (-6144 1024 736 ) (-5120 1024 736 ) (-5120 1024 7168 ) 
4 1290 1418 (-6144 1024 -160 ) (-6144 1024 437.332520 ) (-6144 1408 437.332489 ) (-6144 1408 -160 ) 
3 1290 1345 (-6144 1024 437.332489 ) (-6144 1024 -160 ) (-5888 1024 -160 ) 
4 1290 1291 (-6144 1408 -160 ) (-5888 1408 -160 ) (-5888 1024 -160 ) (-6144 1024 -160 ) 
4 1291 1418 (-6144 1024 -608 ) (-6144 1024 -160 ) (-6144 1408 -160 ) (-6144 1408 -608 ) 
4 1291 1346 (-6144 1024 -160 ) (-6144 1024 -608 ) (-5120 1024 -608 ) (-5120 1024 -160 ) 
4 1291 1324 (-5952 1024 -608 ) (-6144 1024 -608 ) (-6144 1408 -608 ) (-5952 1408 -608 ) 
3 1291 1300 (-5760 1408 -608 ) (-5712 1408 -608 ) (-5712 1395.140015 -608 ) 
4 1291 1299 (-5830.282715 1408 -608 ) (-5760 1408 -608 ) (-5712 1395.140015 -608 ) (-5712 1289.733521 -608 ) 
5 1291 1297 (-5712 1024 -608 ) (-5797.679199 1024 -608 ) (-5900.560059 1408 -608 ) (-5830.282715 1408 -608 ) (-5712 1289.733521 -608 ) 
4 1291 1295 (-5797.679199 1024 -608 ) (-5952 1024 -608 ) (-5952 1408 -608 ) (-5900.560059 1408 -608 ) 
4 1291 1292 (-5120 1408 -608 ) (-5120 1024 -608 ) (-5712 1024 -608 ) (-5712 1408 -608 ) 
4 1292 1346 (-5120 1024 -640 ) (-5120 1024 -608 ) (-5712 1024 -608 ) (-5712 1024 -640 ) 
4 1292 1300 (-5712 1395.140015 -608 ) (-5712 1408 -608 ) (-5712 1408 -640 ) (-5712 1395.140015 -640 ) 
4 1292 1299 (-5712 1289.733521 -608 ) (-5712 1395.140015 -608 ) (-5712 1395.140015 -640 ) (-5712 1289.733154 -640 ) 
4 1292 1297 (-5712 1024 -640 ) (-5712 1024 -608 ) (-5712 1289.733521 -608 ) (-5712 1289.733154 -640 ) 
4 1293 1349 (-5616 1024 -872 ) (-5680 1024 -872 ) (-5680 1024 -1056 ) (-5616 1024 -1056 ) 
4 1293 1348 (-5120 1024 -1056 ) (-5120 1024 -872 ) (-5616 1024 -872 ) (-5616 1024 -1056 ) 
4 1293 1352 (-5680 1024 -872 ) (-5712 1024 -872 ) (-5712 1024 -1056 ) (-5680 1024 -1056 ) 
4 1293 1347 (-5120 1024 -872 ) (-5120 1024 -672 ) (-5712 1024 -672 ) (-5712 1024 -872 ) 
4 1293 1300 (-5712 1395.140015 -672 ) (-5712 1408 -672 ) (-5712 1408 -1056 ) (-5712 1395.140015 -1056 ) 
4 1293 1299 (-5712 1289.733154 -672 ) (-5712 1395.140015 -672 ) (-5712 1395.140015 -1056 ) (-5712 1289.731445 -1056 ) 
4 1293 1297 (-5712 1024 -1056 ) (-5712 1024 -672 ) (-5712 1289.733154 -672 ) (-5712 1289.731445 -1056 ) 
4 1294 1354 (-5712 1024 -1376 ) (-5120 1024 -1376 ) (-5120 1024 -1248 ) (-5712 1024 -1248 ) 
4 1294 1328 (-5120 1024 -1376 ) (-5712 1024 -1376 ) (-5712 1408 -1376 ) (-5120 1408 -1376 ) 
4 1294 1302 (-5712 1408 -1376 ) (-5712 1395.140015 -1376 ) (-5712 1395.140015 -1248 ) (-5712 1408 -1248 ) 
4 1294 1301 (-5712 1395.140015 -1376 ) (-5712 1289.730103 -1376 ) (-5712 1289.730469 -1248 ) (-5712 1395.140015 -1248 ) 
4 1294 1298 (-5712 1289.730103 -1376 ) (-5712 1024 -1376 ) (-5712 1024 -1248 ) (-5712 1289.730469 -1248 ) 
4 1295 1353 (-5797.679199 1024 -1056 ) (-5797.679199 1024 -640 ) (-5952 1024 -640 ) (-5952 1024 -1056 ) 
4 1295 1346 (-5797.679199 1024 -640 ) (-5797.679199 1024 -608 ) (-5952 1024 -608 ) (-5952 1024 -640 ) 
4 1295 1325 (-5952 1024 -1056 ) (-5952 1024 -800.088074 ) (-5952 1599.998535 -800.088074 ) (-5952 1599.998535 -1056 ) 
4 1295 1324 (-5952 1024 -800.088074 ) (-5952 1024 -608 ) (-5952 1599.998535 -608 ) (-5952 1599.998535 -800.088074 ) 
4 1295 1297 (-5926.274902 1503.978760 -608 ) (-5797.679688 1024 -608 ) (-5797.679688 1024 -1056 ) (-5926.274414 1503.975830 -1056 ) 
4 1296 1354 (-5952 1024 -1376 ) (-5797.679199 1024 -1376 ) (-5797.679199 1024 -1248 ) (-5952 1024 -1248 ) 
3 1296 1328 (-5797.679199 1024 -1376 ) (-5952 1024 -1376 ) (-5952 1599.998535 -1376 ) 
4 1296 1327 (-5952 1599.998535 -1376 ) (-5952 1024 -1376 ) (-5952 1024 -1248 ) (-5952 1599.998535 -1248 ) 
4 1296 1298 (-5797.679688 1024 -1376 ) (-5926.273926 1503.973999 -1376 ) (-5926.273926 1503.974487 -1248 ) (-5797.679688 1024 -1248 ) 
4 1297 1353 (-5712 1024 -1056 ) (-5712 1024 -640 ) (-5797.679199 1024 -640 ) (-5797.679199 1024 -1056 ) 
4 1297 1346 (-5712 1024 -640 ) (-5712 1024 -608 ) (-5797.679199 1024 -608 ) (-5797.679199 1024 -640 ) 
4 1297 1299 (-5712 1289.732788 -608 ) (-5712 1289.730713 -1056 ) (-5856.011719 1433.723267 -1056 ) (-5856.008789 1433.722412 -608 ) 
4 1298 1354 (-5797.679199 1024 -1376 ) (-5712 1024 -1376 ) (-5712 1024 -1248 ) (-5797.679199 1024 -1248 ) 
4 1298 1328 (-5712 1024 -1376 ) (-5797.679199 1024 -1376 ) (-5926.272949 1503.973389 -1376 ) (-5712 1289.729980 -1376 ) 
4 1298 1301 (-5712 1289.729858 -1248 ) (-5712 1289.729248 -1376 ) (-5856.013184 1433.723511 -1376 ) (-5856.012695 1433.723389 -1248 ) 
4 1299 1300 (-5712 1395.140625 -608 ) (-5712 1395.140625 -1056 ) (-5760 1408 -1056 ) (-5760 1408 -608 ) 
3 1301 1328 (-5712 1395.140015 -1376 ) (-5712 1289.729980 -1376 ) (-5856.013184 1433.723511 -1376 ) 
4 1301 1302 (-5760.005371 1408 -1248 ) (-5712 1395.138550 -1248 ) (-5712 1395.138550 -1376 ) (-5760.005371 1408 -1376 ) 
3 1302 1328 (-5712 1408 -1376 ) (-5712 1395.140015 -1376 ) (-5760 1408 -1376 ) 
4 1303 1395 (-6144 1840 -608 ) (-6144 2048 -608 ) (-6144 2048 -784.086914 ) (-6144 1840 -784.086914 ) 
4 1303 1312 (-5952 1840 -784.086914 ) (-5952 1840 -608 ) (-6144 1840 -608 ) (-6144 1840 -784.086914 ) 
4 1304 1313 (-5952 1840 -992.088074 ) (-5952 1840 -800.088074 ) (-6096 1840 -800.088074 ) (-6096 1840 -992.088074 ) 
4 1304 1308 (-5952 1840 -992.088074 ) (-6096 1840 -992.088074 ) (-6096 2048 -992.088074 ) (-5952 2048 -992.088074 ) 
4 1304 1306 (-6112 2048 -992.088074 ) (-6112 1840 -992.088074 ) (-6112 1840 -816.088074 ) (-6112 2048 -816.088074 ) 
4 1304 1305 (-6112 1840 -816.088074 ) (-6112 1840 -800.088074 ) (-6112 2048 -800.088074 ) (-6112 2048 -816.088074 ) 
4 1305 1307 (-6128 1840 -816.088074 ) (-6128 1840 -800.088074 ) (-6128 2048 -800.088074 ) (-6128 2048 -816.088074 ) 
4 1305 1306 (-6128 1840 -816.088074 ) (-6128 2048 -816.088074 ) (-6112 2048 -816.088074 ) (-6112 1840 -816.088074 ) 
4 1306 1307 (-6128 2048 -992.088074 ) (-6128 1840 -992.088074 ) (-6128 1840 -816.088074 ) (-6128 2048 -816.088074 ) 
4 1307 1399 (-6144 2048 -800.088074 ) (-6144 2048 -992.088074 ) (-6144 1840 -992.088074 ) (-6144 1840 -800.088074 ) 
4 1308 1313 (-5952 1840 -1008.090027 ) (-5952 1840 -992.088074 ) (-6096 1840 -992.088074 ) (-6096 1840 -1008.090027 ) 
4 1308 1309 (-5952 1840 -1008.090027 ) (-6096 1840 -1008.090027 ) (-6096 2048 -1008.090027 ) (-5952 2048 -1008.090027 ) 
4 1309 1313 (-6096 1840 -1056 ) (-5952 1840 -1056 ) (-5952 1840 -1008.090027 ) (-6096 1840 -1008.090027 ) 
4 1309 1310 (-6112 2048 -1056 ) (-6112 1840 -1056 ) (-6112 1840 -1008.090027 ) (-6112 2048 -1008.090027 ) 
4 1310 1311 (-6128 2048 -1056 ) (-6128 1840 -1056 ) (-6128 1840 -1008.090027 ) (-6128 2048 -1008.090027 ) 
4 1311 1399 (-6144 2048 -1008.090027 ) (-6144 2048 -1056 ) (-6144 1840 -1056 ) (-6144 1840 -1008.090027 ) 
4 1312 1395 (-6144 1824 -608 ) (-6144 1840 -608 ) (-6144 1840 -784.086914 ) (-6144 1824 -784.086914 ) 
4 1312 1314 (-5952 1824 -784.086914 ) (-5952 1824 -608 ) (-6144 1824 -608 ) (-6144 1824 -784.086914 ) 
4 1313 1320 (-6096 1824 -1056 ) (-5952 1824 -1056 ) (-5952 1824 -1008.090027 ) (-6096 1824 -1008.090027 ) 
4 1313 1319 (-5952 1824 -1008.090027 ) (-5952 1824 -992.088074 ) (-6096 1824 -992.088074 ) (-6096 1824 -1008.090027 ) 
4 1313 1315 (-5952 1824 -992.088074 ) (-5952 1824 -800.088074 ) (-6096 1824 -800.088074 ) (-6096 1824 -992.088074 ) 
4 1314 1407 (-6144 1632 -608 ) (-6144 1824 -608 ) (-6144 1824 -784.086914 ) (-6144 1632 -784.086914 ) 
4 1314 1323 (-5952 1632 -784.086914 ) (-5952 1632 -608 ) (-6144 1632 -608 ) (-6144 1632 -784.086914 ) 
4 1315 1325 (-5952 1632 -992.088074 ) (-5952 1632 -800.088074 ) (-6096 1632 -800.088074 ) (-6096 1632 -992.088074 ) 
4 1315 1319 (-5952 1632 -992.088074 ) (-6096 1632 -992.088074 ) (-6096 1824 -992.088074 ) (-5952 1824 -992.088074 ) 
4 1315 1317 (-6112 1824 -992.088074 ) (-6112 1632 -992.088074 ) (-6112 1632 -816.088074 ) (-6112 1824 -816.088074 ) 
4 1315 1316 (-6112 1632 -816.088074 ) (-6112 1632 -800.088074 ) (-6112 1824 -800.088074 ) (-6112 1824 -816.088074 ) 
4 1316 1318 (-6128 1632 -816.088074 ) (-6128 1632 -800.088074 ) (-6128 1824 -800.088074 ) (-6128 1824 -816.088074 ) 
4 1316 1317 (-6128 1632 -816.088074 ) (-6128 1824 -816.088074 ) (-6112 1824 -816.088074 ) (-6112 1632 -816.088074 ) 
4 1317 1318 (-6128 1824 -992.088074 ) (-6128 1632 -992.088074 ) (-6128 1632 -816.088074 ) (-6128 1824 -816.088074 ) 
4 1318 1408 (-6144 1824 -800.088074 ) (-6144 1824 -992.088074 ) (-6144 1632 -992.088074 ) (-6144 1632 -800.088074 ) 
4 1319 1325 (-5952 1632 -1008.090027 ) (-5952 1632 -992.088074 ) (-6096 1632 -992.088074 ) (-6096 1632 -1008.090027 ) 
4 1319 1320 (-5952 1632 -1008.090027 ) (-6096 1632 -1008.090027 ) (-6096 1824 -1008.090027 ) (-5952 1824 -1008.090027 ) 
4 1320 1325 (-6096 1632 -1056 ) (-5952 1632 -1056 ) (-5952 1632 -1008.090027 ) (-6096 1632 -1008.090027 ) 
4 1320 1321 (-6112 1632 -1056 ) (-6112 1632 -1008.090027 ) (-6112 1824 -1008.090027 ) (-6112 1824 -1056 ) 
4 1321 1322 (-6128 1632 -1056 ) (-6128 1632 -1008.090027 ) (-6128 1824 -1008.090027 ) (-6128 1824 -1056 ) 
4 1322 1408 (-6144 1824 -1008.090027 ) (-6144 1824 -1056 ) (-6144 1632 -1056 ) (-6144 1632 -1008.090027 ) 
4 1323 1407 (-6144 1616 -608 ) (-6144 1632 -608 ) (-6144 1632 -784.086914 ) (-6144 1616 -784.086914 ) 
4 1323 1324 (-5952 1616 -784.086914 ) (-5952 1616 -608 ) (-6144 1616 -608 ) (-6144 1616 -784.086914 ) 
4 1324 1419 (-6144 1024 -800.088074 ) (-6144 1024 -608 ) (-6144 1616 -608 ) (-6144 1616 -800.088074 ) 
4 1324 1353 (-6144 1024 -640 ) (-6144 1024 -800.088074 ) (-5952 1024 -800.088074 ) (-5952 1024 -640 ) 
4 1324 1346 (-6144 1024 -608 ) (-6144 1024 -640 ) (-5952 1024 -640 ) (-5952 1024 -608 ) 
4 1324 1326 (-6144 1024 -800.088074 ) (-6144 1616 -800.088074 ) (-6096 1616 -800.088074 ) (-6096 1024 -800.088074 ) 
4 1324 1325 (-6096 1616 -800.088074 ) (-5952 1616 -800.088074 ) (-5952 1024 -800.088074 ) (-6096 1024 -800.088074 ) 
4 1325 1353 (-6096 1024 -1056 ) (-5952 1024 -1056 ) (-5952 1024 -800.088074 ) (-6096 1024 -800.088074 ) 
4 1325 1326 (-6096 1024 -800.088074 ) (-6096 1616 -800.088074 ) (-6096 1616 -1056 ) (-6096 1024 -1056 ) 
4 1326 1419 (-6144 1024 -1056 ) (-6144 1024 -800.088074 ) (-6144 1616 -800.088074 ) (-6144 1616 -1056 ) 
4 1326 1353 (-6144 1024 -800.088074 ) (-6144 1024 -1056 ) (-6096 1024 -1056 ) (-6096 1024 -800.088074 ) 
4 1327 1420 (-6144 1024 -1376 ) (-6144 1024 -1248 ) (-6144 1616 -1248 ) (-6144 1616 -1376 ) 
4 1327 1417 (-6144 1616 -1248 ) (-6144 1824 -1248 ) (-6144 1824 -1376 ) (-6144 1616 -1376 ) 
4 1327 1404 (-6144 1824 -1248 ) (-6144 1840 -1248 ) (-6144 1840 -1376 ) (-6144 1824 -1376 ) 
4 1327 1400 (-6144 1840 -1248 ) (-6144 2048 -1248 ) (-6144 2048 -1376 ) (-6144 1840 -1376 ) 
4 1327 1354 (-6144 1024 -1248 ) (-6144 1024 -1376 ) (-5952 1024 -1376 ) (-5952 1024 -1248 ) 
4 1327 1328 (-5952 1024 -1376 ) (-6144 1024 -1376 ) (-6144 2048 -1376 ) (-5952 2048 -1376 ) 
4 1328 1420 (-6144 1024 -2944 ) (-6144 1024 -1376 ) (-6144 1616 -1376 ) (-6144 1616 -2944 ) 
4 1328 1417 (-6144 1616 -1376 ) (-6144 1824 -1376 ) (-6144 1824 -2944 ) (-6144 1616 -2944 ) 
4 1328 1404 (-6144 1824 -1376 ) (-6144 1840 -1376 ) (-6144 1840 -2944 ) (-6144 1824 -2944 ) 
4 1328 1400 (-6144 1840 -1376 ) (-6144 2048 -1376 ) (-6144 2048 -2944 ) (-6144 1840 -2944 ) 
4 1328 1354 (-6144 1024 -1376 ) (-6144 1024 -2944 ) (-5120 1024 -2944 ) (-5120 1024 -1376 ) 
4 1329 2402 (-4096 0 1344 ) (-4096 0 7168 ) (-4928 0 7168 ) (-4928 0 1344 ) 
4 1329 1331 (-4928 1024 7168 ) (-4928 1024 1344 ) (-4928 0 1344 ) (-4928 0 7168 ) 
4 1329 1330 (-4928 576 1344 ) (-4928 1024 1344 ) (-4096 1024 1344 ) (-4096 576 1344 ) 
4 1330 1332 (-4928 576 -128 ) (-4928 1024 -128 ) (-4096 1024 -128 ) (-4096 576 -128 ) 
4 1330 1331 (-4928 1024 1344 ) (-4928 1024 736 ) (-4928 576 736 ) (-4928 576 1344 ) 
4 1331 2406 (-5120 0 7168 ) (-5120 0 736 ) (-4928 0 736 ) (-4928 0 7168 ) 
4 1331 1344 (-5120 1024 7168 ) (-5120 1024 736 ) (-5120 0 736 ) (-5120 0 7168 ) 
4 1332 1343 (-4928 1024 -1376 ) (-4928 1024 -2944 ) (-4928 576 -2944 ) (-4928 576 -1376 ) 
4 1332 1333 (-4928 576 -1280 ) (-4928 576 -2944 ) (-4096 576 -2944 ) (-4096 576 -1280 ) 
4 1333 1343 (-4928 576 -1376 ) (-4928 576 -2944 ) (-4928 512 -2944 ) (-4928 512 -1376 ) 
4 1333 1338 (-4928 512 -1376 ) (-4928 512 -2944 ) (-4736 512 -2944 ) (-4736 512 -1376 ) 
4 1333 1336 (-4736 512 -2944 ) (-4096 512 -2944 ) (-4096 512 -1280 ) (-4736 512 -1280 ) 
4 1334 1337 (-4736 384 -640 ) (-4736 128 -640 ) (-4736 128 -384 ) (-4736 384 -384 ) 
4 1334 1335 (-4176 512 -640 ) (-4096 512 -640 ) (-4096 0 -640 ) (-4176 0 -640 ) 
4 1336 2405 (-4096 0 -2944 ) (-4096 0 -1280 ) (-4736 0 -1280 ) (-4736 0 -2944 ) 
4 1336 1338 (-4736 512 -1376 ) (-4736 512 -2944 ) (-4736 0 -2944 ) (-4736 0 -1376 ) 
4 1337 1339 (-4928 384 -384 ) (-4928 384 -640 ) (-4928 128 -640 ) (-4928 128 -384 ) 
4 1338 2405 (-4736 0 -2944 ) (-4736 0 -1376 ) (-4928 0 -1376 ) (-4928 0 -2944 ) 
4 1338 1343 (-4928 0 -2944 ) (-4928 0 -1376 ) (-4928 512 -1376 ) (-4928 512 -2944 ) 
4 1339 1340 (-5056 128 -640 ) (-5056 128 -384 ) (-5056 384 -384 ) (-5056 384 -640 ) 
4 1340 2408 (-5120 0 -160 ) (-5120 0 -640 ) (-5056 0 -640 ) (-5056 0 -160 ) 
4 1340 1346 (-5120 1024 -160 ) (-5120 1024 -640 ) (-5120 0 -640 ) (-5120 0 -160 ) 
4 1341 2409 (-5120 0 -672 ) (-5120 0 -1056 ) (-5056 0 -1056 ) (-5056 0 -672 ) 
4 1341 1348 (-5120 1024 -872 ) (-5120 1024 -1056 ) (-5120 0 -1056 ) (-5120 0 -872 ) 
4 1341 1347 (-5120 1024 -672 ) (-5120 1024 -872 ) (-5120 0 -872 ) (-5120 0 -672 ) 
4 1342 2410 (-5120 0 -1248 ) (-5120 0 -1376 ) (-5056 0 -1376 ) (-5056 0 -1248 ) 
4 1342 1354 (-5120 1024 -1248 ) (-5120 1024 -1376 ) (-5120 0 -1376 ) (-5120 0 -1248 ) 
4 1342 1343 (-5120 1024 -1376 ) (-5056 1024 -1376 ) (-5056 0 -1376 ) (-5120 0 -1376 ) 
4 1343 2410 (-5056 0 -1376 ) (-5120 0 -1376 ) (-5120 0 -2944 ) (-5056 0 -2944 ) 
4 1343 2407 (-4928 0 -2944 ) (-4928 0 -1376 ) (-5056 0 -1376 ) (-5056 0 -2944 ) 
4 1343 1354 (-5120 1024 -1376 ) (-5120 1024 -2944 ) (-5120 0 -2944 ) (-5120 0 -1376 ) 
4 1344 2413 (-5120 0 736 ) (-5120 0 7168 ) (-6144 0 7168 ) (-6144 0 736 ) 
4 1344 1492 (-6144 0 800 ) (-6144 0 7168 ) (-6144 1024 7168 ) (-6144 1024 800 ) 
3 1345 2414 (-6144 0 437.332489 ) (-6144 0 -160 ) (-5888 0 -160 ) 
4 1345 1494 (-6144 0 -160 ) (-6144 0 437.332520 ) (-6144 1024 437.332489 ) (-6144 1024 -160 ) 
4 1345 1346 (-6144 0 -160 ) (-6144 1024 -160 ) (-5888 1024 -160 ) (-5888 0 -160 ) 
4 1346 2419 (-5888 0 -416 ) (-6144 0 -416 ) (-6144 0 -640 ) (-5888 0 -640 ) 
4 1346 2416 (-5120 0 -640 ) (-5120 0 -416 ) (-5712 0 -416 ) (-5712 0 -640 ) 
4 1346 2418 (-5712 0 -416 ) (-5888 0 -416 ) (-5888 0 -640 ) (-5712 0 -640 ) 
4 1346 2415 (-5120 0 -416 ) (-5120 0 -160 ) (-6144 0 -160 ) (-6144 0 -416 ) 
4 1346 1506 (-6144 560 -160 ) (-6144 608 -160 ) (-6144 608 -640 ) (-6144 560 -640 ) 
4 1346 1505 (-6144 608 -160 ) (-6144 640 -160 ) (-6144 640 -640 ) (-6144 608 -640 ) 
4 1346 1507 (-6144 0 -640 ) (-6144 0 -160 ) (-6144 560 -160 ) (-6144 560 -640 ) 
4 1346 1498 (-6144 640 -160 ) (-6144 1008 -160 ) (-6144 1008 -640 ) (-6144 640 -640 ) 
4 1346 1495 (-6144 1008 -160 ) (-6144 1024 -160 ) (-6144 1024 -640 ) (-6144 1008 -640 ) 
4 1346 1353 (-5712 0 -640 ) (-6144 0 -640 ) (-6144 1024 -640 ) (-5712 1024 -640 ) 
4 1347 2417 (-5120 0 -872 ) (-5120 0 -672 ) (-5712 0 -672 ) (-5712 0 -872 ) 
4 1347 1349 (-5680 968 -872 ) (-5680 1024 -872 ) (-5616 1024 -872 ) (-5616 968 -872 ) 
4 1347 1351 (-5616 0 -872 ) (-5680 0 -872 ) (-5680 272 -872 ) (-5616 272 -872 ) 
4 1347 1348 (-5120 0 -872 ) (-5616 0 -872 ) (-5616 1024 -872 ) (-5120 1024 -872 ) 
4 1347 1352 (-5680 0 -872 ) (-5712 0 -872 ) (-5712 1024 -872 ) (-5680 1024 -872 ) 
4 1347 1353 (-5712 0 -872 ) (-5712 0 -672 ) (-5712 1024 -672 ) (-5712 1024 -872 ) 
4 1348 2423 (-5120 0 -1056 ) (-5120 0 -1040 ) (-5616 0 -1040 ) (-5616 0 -1056 ) 
4 1348 2420 (-5120 0 -1040 ) (-5120 0 -928 ) (-5616 0 -928 ) (-5616 0 -1040 ) 
4 1348 2417 (-5120 0 -928 ) (-5120 0 -872 ) (-5616 0 -872 ) (-5616 0 -928 ) 
4 1348 1350 (-5616 968 -1056 ) (-5616 272 -1056 ) (-5616 272 -991.818054 ) (-5616 968 -991.818054 ) 
4 1348 1349 (-5616 1024 -1056 ) (-5616 968 -1056 ) (-5616 968 -872 ) (-5616 1024 -872 ) 
4 1348 1351 (-5616 272 -1056 ) (-5616 0 -1056 ) (-5616 0 -872 ) (-5616 272 -872 ) 
4 1349 1350 (-5680 968 -991.818054 ) (-5680 968 -1056 ) (-5616 968 -1056 ) (-5616 968 -991.818054 ) 
4 1349 1352 (-5680 1024 -1056 ) (-5680 968 -1056 ) (-5680 968 -872 ) (-5680 1024 -872 ) 
4 1350 1352 (-5680 968 -1056 ) (-5680 272 -1056 ) (-5680 272 -991.818054 ) (-5680 968 -991.818054 ) 
4 1350 1351 (-5680 272 -991.818054 ) (-5680 272 -1056 ) (-5616 272 -1056 ) (-5616 272 -991.818054 ) 
4 1351 2423 (-5680 0 -1040 ) (-5680 0 -1056 ) (-5616 0 -1056 ) (-5616 0 -1040 ) 
4 1351 2420 (-5680 0 -928 ) (-5680 0 -1040 ) (-5616 0 -1040 ) (-5616 0 -928 ) 
4 1351 2417 (-5616 0 -872 ) (-5680 0 -872 ) (-5680 0 -928 ) (-5616 0 -928 ) 
4 1351 1352 (-5680 272 -1056 ) (-5680 0 -1056 ) (-5680 0 -872 ) (-5680 272 -872 ) 
4 1352 2423 (-5712 0 -1040 ) (-5712 0 -1056 ) (-5680 0 -1056 ) (-5680 0 -1040 ) 
4 1352 2420 (-5712 0 -928 ) (-5712 0 -1040 ) (-5680 0 -1040 ) (-5680 0 -928 ) 
4 1352 2417 (-5680 0 -872 ) (-5712 0 -872 ) (-5712 0 -928 ) (-5680 0 -928 ) 
4 1352 1353 (-5712 1024 -1056 ) (-5712 0 -1056 ) (-5712 0 -872 ) (-5712 1024 -872 ) 
4 1353 2424 (-6144 0 -1040 ) (-6144 0 -1056 ) (-5760 0 -1056 ) (-5760 0 -1040 ) 
4 1353 2423 (-5760 0 -1056 ) (-5712 0 -1056 ) (-5712 0 -1040 ) (-5760 0 -1040 ) 
4 1353 2421 (-6144 0 -928 ) (-6144 0 -1040 ) (-5888 0 -1040 ) (-5888 0 -928 ) 
4 1353 2420 (-5888 0 -1040 ) (-5712 0 -1040 ) (-5712 0 -928 ) (-5888 0 -928 ) 
4 1353 2419 (-5888 0 -640 ) (-6144 0 -640 ) (-6144 0 -928 ) (-5888 0 -928 ) 
4 1353 2418 (-5712 0 -640 ) (-5888 0 -640 ) (-5888 0 -928 ) (-5712 0 -928 ) 
4 1353 1506 (-6144 560 -640 ) (-6144 608 -640 ) (-6144 608 -1056 ) (-6144 560 -1056 ) 
4 1353 1505 (-6144 608 -640 ) (-6144 640 -640 ) (-6144 640 -1056 ) (-6144 608 -1056 ) 
4 1353 1507 (-6144 0 -1056 ) (-6144 0 -640 ) (-6144 560 -640 ) (-6144 560 -1056 ) 
4 1353 1498 (-6144 640 -640 ) (-6144 1008 -640 ) (-6144 1008 -1056 ) (-6144 640 -1056 ) 
4 1353 1495 (-6144 1008 -640 ) (-6144 1024 -640 ) (-6144 1024 -1056 ) (-6144 1008 -1056 ) 
4 1354 2430 (-5120 0 -2944 ) (-5120 0 -1248 ) (-6144 0 -1248 ) (-6144 0 -2944 ) 
4 1354 1508 (-6144 0 -2944 ) (-6144 0 -1248 ) (-6144 1024 -1248 ) (-6144 1024 -2944 ) 
4 1355 1390 (-7168 3072 7168 ) (-7168 3072 -1376 ) (-7168 2880 -1376 ) (-7168 2880 7168 ) 
4 1355 1389 (-7168 2880 -1376 ) (-7168 3072 -1376 ) (-6144 3072 -1376 ) (-6144 2880 -1376 ) 
4 1355 1356 (-6144 2880 736 ) (-6144 2880 7168 ) (-7168 2880 7168 ) (-7168 2880 736 ) 
4 1356 1391 (-7168 2112 736 ) (-7168 2112 7168 ) (-7168 2880 7168 ) (-7168 2880 736 ) 
4 1356 1388 (-7168 2112 7168 ) (-7168 2112 736 ) (-6720 2112 736 ) (-6720 2112 7168 ) 
4 1356 1374 (-6720 2112 736 ) (-6528 2112 736 ) (-6528 2112 7168 ) (-6720 2112 7168 ) 
4 1356 1363 (-6528 2112 736 ) (-6144 2112 736 ) (-6144 2112 7168 ) (-6528 2112 7168 ) 
4 1357 1367 (-6208 2112 -960.087646 ) (-6208 2112 -1248 ) (-6144.017090 2112 -1248 ) (-6192 2112 -992.087769 ) 
4 1357 1366 (-6144 2112 -784.088135 ) (-6144 2112 -745.230835 ) (-6208 2112 -754.373718 ) (-6208 2112 -774.945190 ) 
4 1357 1364 (-6144 2112 -745.230835 ) (-6144 2112 -608 ) (-6208 2112 -608 ) (-6208 2112 -754.373718 ) 
4 1357 1361 (-6208 2112 -1248 ) (-6208 2112 -1056 ) (-6208 2624 -1056 ) (-6208 2624 -1248 ) 
4 1357 1358 (-6208 2112 -1056 ) (-6208 2112 -608 ) (-6208 2624 -608 ) (-6208 2624 -1056 ) 
4 1358 1370 (-6464 2112 -960.087830 ) (-6464 2112 -1056 ) (-6454.844727 2112 -1056 ) (-6432 2112 -896.089111 ) 
4 1358 1369 (-6256 2112 -761.230896 ) (-6416 2112 -784.088013 ) (-6454.844727 2112 -1056 ) (-6256 2112 -1056 ) 
3 1358 1368 (-6256 2112 -784.088074 ) (-6256 2112 -864.087646 ) (-6240 2112 -896.087158 ) 
4 1358 1367 (-6208 2112 -1056 ) (-6208 2112 -960.087646 ) (-6256 2112 -864.087646 ) (-6256 2112 -1056 ) 
4 1358 1366 (-6208 2112 -774.945251 ) (-6208 2112 -754.373779 ) (-6256 2112 -761.230896 ) (-6256 2112 -768.088135 ) 
4 1358 1365 (-6416 2112 -608 ) (-6464 2112 -608 ) (-6464 2112 -774.936096 ) (-6416 2112 -768.078979 ) 
4 1358 1364 (-6208 2112 -754.373779 ) (-6208 2112 -608 ) (-6416 2112 -608 ) (-6416 2112 -784.088074 ) 
4 1358 1362 (-6464 2112 -1056 ) (-6464 2112 -608 ) (-6464 2624 -608 ) (-6464 2624 -1056 ) 
4 1358 1361 (-6464 2112 -1056 ) (-6464 2624 -1056 ) (-6208 2624 -1056 ) (-6208 2112 -1056 ) 
4 1359 1360 (-6392 2648 -1248 ) (-6280 2648 -1248 ) (-6280 2648 -1056 ) (-6392 2648 -1056 ) 
4 1360 1361 (-6392 2632 -1248 ) (-6280 2632 -1248 ) (-6280 2632 -1056 ) (-6392 2632 -1056 ) 
3 1361 1370 (-6454.844727 2112 -1056 ) (-6464 2112 -1056 ) (-6464 2112 -1120.088623 ) 
5 1361 1369 (-6256 2112 -1056 ) (-6454.844727 2112 -1056 ) (-6464 2112 -1120.088623 ) (-6464 2112 -1248 ) (-6256 2112 -1248 ) 
4 1361 1367 (-6208 2112 -1248 ) (-6208 2112 -1056 ) (-6256 2112 -1056 ) (-6256 2112 -1248 ) 
4 1361 1362 (-6464 2112 -1248 ) (-6464 2112 -1056 ) (-6464 2624 -1056 ) (-6464 2624 -1248 ) 
4 1362 1376 (-6720 2112 -800.088074 ) (-6720 2112 -1056 ) (-6576 2112 -1056 ) (-6576 2112 -800.088074 ) 
4 1362 1375 (-6528 2112 -608 ) (-6720 2112 -608 ) (-6720 2112 -784.086914 ) (-6528 2112 -784.086914 ) 
5 1362 1370 (-6464 2112 -1120.088745 ) (-6464 2112 -960.087891 ) (-6480 2112 -992.087219 ) (-6527.982422 2112 -1248 ) (-6482.272949 2112 -1248 ) 
3 1362 1369 (-6464 2112 -1248 ) (-6464 2112 -1120.088745 ) (-6482.272949 2112 -1248 ) 
4 1362 1365 (-6464 2112 -774.936096 ) (-6464 2112 -608 ) (-6528 2112 -608 ) (-6528 2112 -784.078979 ) 
4 1363 1394 (-6144 2048 736 ) (-6144 2048 7168 ) (-6528 2048 7168 ) (-6528 2048 736 ) 
4 1363 1374 (-6528 2112 7168 ) (-6528 2112 736 ) (-6528 2048 736 ) (-6528 2048 7168 ) 
3 1364 1397 (-6416 2048 -761.230835 ) (-6416 2048 -784.089355 ) (-6335.996582 2048 -772.659912 ) 
4 1364 1395 (-6144 2048 -745.230957 ) (-6144 2048 -608 ) (-6256 2048 -608 ) (-6256 2048 -761.231445 ) 
5 1364 1396 (-6256 2048 -608 ) (-6416 2048 -608 ) (-6416 2048 -761.230835 ) (-6335.996582 2048 -772.659912 ) (-6256 2048 -761.231445 ) 
4 1364 1371 (-6144 2096 -745.230286 ) (-6144 2048 -745.230286 ) (-6256 2048 -761.230286 ) (-6256 2096 -761.230286 ) 
4 1364 1373 (-6256 2048 -761.230286 ) (-6416 2048 -784.087402 ) (-6416 2096 -784.087402 ) (-6256 2096 -761.230286 ) 
4 1364 1369 (-6416 2112 -784.087402 ) (-6256 2112 -761.230286 ) (-6256 2096 -761.230286 ) (-6416 2096 -784.087402 ) 
4 1364 1366 (-6256 2112 -761.230286 ) (-6144 2112 -745.230286 ) (-6144 2096 -745.230286 ) (-6256 2096 -761.230286 ) 
4 1364 1365 (-6416 2048 -768.078979 ) (-6416 2048 -608 ) (-6416 2112 -608 ) (-6416 2112 -768.078979 ) 
4 1365 1398 (-6528 2048 -745.230896 ) (-6528 2048 -784.078979 ) (-6416 2048 -768.078979 ) (-6416 2048 -761.230835 ) 
4 1365 1396 (-6416 2048 -608 ) (-6528 2048 -608 ) (-6528 2048 -745.230896 ) (-6416 2048 -761.230835 ) 
4 1365 1375 (-6528 2112 -608 ) (-6528 2112 -784.078979 ) (-6528 2048 -784.078979 ) (-6528 2048 -608 ) 
4 1366 1371 (-6144 2096 -745.233398 ) (-6256 2096 -761.233459 ) (-6256 2096 -768.088135 ) (-6144 2096 -784.088013 ) 
4 1366 1369 (-6256 2096 -768.088196 ) (-6256 2096 -761.234375 ) (-6256 2112 -761.234375 ) (-6256 2112 -768.088196 ) 
4 1367 1372 (-6256 2096 -864.087463 ) (-6256 2096 -1248 ) (-6144.017090 2096 -1248 ) (-6192 2096 -992.088440 ) 
4 1367 1369 (-6256 2096 -1248 ) (-6256 2096 -864.087524 ) (-6256 2112 -864.087524 ) (-6256 2112 -1248 ) 
4 1367 1368 (-6240 2112 -896.088318 ) (-6256 2112 -864.088074 ) (-6256 2096 -864.088074 ) (-6240 2096 -896.088318 ) 
3 1368 1372 (-6256 2096 -784.088013 ) (-6256 2096 -864.087463 ) (-6240 2096 -896.087036 ) 
4 1368 1369 (-6256 2096 -864.087524 ) (-6256 2096 -784.088074 ) (-6256 2112 -784.088074 ) (-6256 2112 -864.087524 ) 
4 1369 1373 (-6256 2096 -761.233459 ) (-6416 2096 -784.090759 ) (-6482.272949 2096 -1248 ) (-6256 2096 -1248 ) 
4 1369 1370 (-6482.272461 2112 -1248 ) (-6482.272461 2096 -1248 ) (-6432 2096 -896.087158 ) (-6432 2112 -896.087097 ) 
4 1370 1373 (-6527.982422 2096 -1248 ) (-6482.272949 2096 -1248 ) (-6432 2096 -896.086914 ) (-6480 2096 -992.086060 ) 
4 1371 1395 (-6144 2048 -784.088013 ) (-6144 2048 -745.230957 ) (-6256 2048 -761.231445 ) (-6256 2048 -768.088074 ) 
4 1371 1373 (-6256 2096 -761.238281 ) (-6256 2096 -768.088135 ) (-6256 2048 -768.088135 ) (-6256 2048 -761.238281 ) 
4 1372 1399 (-6144 2048 -1248 ) (-6144 2048 -800.087952 ) (-6256 2048 -784.088013 ) (-6256 2048 -1248 ) 
4 1372 1373 (-6256 2096 -784.088074 ) (-6256 2096 -1248 ) (-6256 2048 -1248 ) (-6256 2048 -784.088013 ) 
5 1373 1399 (-6335.996582 2048 -772.659912 ) (-6528 2048 -800.089844 ) (-6528 2048 -1248 ) (-6256 2048 -1248 ) (-6256 2048 -784.088013 ) 
3 1373 1396 (-6256 2048 -761.231445 ) (-6335.996582 2048 -772.659912 ) (-6256 2048 -784.088013 ) 
4 1373 1385 (-6528 2048 -1056 ) (-6528 2048 -1008.090027 ) (-6528 2096 -1008.090027 ) (-6528 2096 -1056 ) 
4 1373 1380 (-6528 2048 -992.088074 ) (-6528 2048 -800.088013 ) (-6528 2096 -800.089355 ) (-6528 2096 -992.088074 ) 
4 1374 1421 (-6720 2048 7168 ) (-6720 2048 736 ) (-6528 2048 736 ) (-6528 2048 7168 ) 
4 1374 1388 (-6720 2112 7168 ) (-6720 2112 736 ) (-6720 2048 736 ) (-6720 2048 7168 ) 
4 1375 1423 (-6720 2048 -608 ) (-6720 2048 -784.086914 ) (-6528 2048 -784.086914 ) (-6528 2048 -608 ) 
4 1376 1378 (-6576 2104 -1048 ) (-6576 2104 -816.088074 ) (-6720 2104 -816.088074 ) (-6720 2104 -1048 ) 
4 1376 1377 (-6576 2104 -816.088074 ) (-6576 2104 -800.088074 ) (-6720 2104 -800.088074 ) (-6720 2104 -816.088074 ) 
4 1376 1379 (-6720 2104 -1056 ) (-6576 2104 -1056 ) (-6576 2104 -1048 ) (-6720 2104 -1048 ) 
4 1377 1383 (-6576 2096 -816.088074 ) (-6576 2096 -800.088074 ) (-6720 2096 -800.088074 ) (-6720 2096 -816.088074 ) 
4 1377 1378 (-6720 2104 -816.088074 ) (-6576 2104 -816.088074 ) (-6576 2096 -816.088074 ) (-6720 2096 -816.088074 ) 
4 1378 1387 (-6576 2096 -1048 ) (-6576 2096 -1008.090027 ) (-6720 2096 -1008.090027 ) (-6720 2096 -1048 ) 
4 1378 1384 (-6576 2096 -1008.090027 ) (-6576 2096 -992.088074 ) (-6720 2096 -992.088074 ) (-6720 2096 -1008.090027 ) 
4 1378 1383 (-6576 2096 -992.088074 ) (-6576 2096 -816.088074 ) (-6720 2096 -816.088074 ) (-6720 2096 -992.088074 ) 
4 1378 1379 (-6720 2104 -1048 ) (-6576 2104 -1048 ) (-6576 2096 -1048 ) (-6720 2096 -1048 ) 
4 1379 1387 (-6720 2096 -1056 ) (-6576 2096 -1056 ) (-6576 2096 -1048 ) (-6720 2096 -1048 ) 
4 1380 1435 (-6544 2048 -992.088074 ) (-6528 2048 -992.088074 ) (-6528 2048 -800.088074 ) (-6544 2048 -800.088074 ) 
4 1380 1382 (-6544 2096 -816.088074 ) (-6544 2096 -992.088074 ) (-6544 2048 -992.088074 ) (-6544 2048 -816.088074 ) 
4 1380 1381 (-6544 2096 -800.088074 ) (-6544 2096 -816.088074 ) (-6544 2048 -816.088074 ) (-6544 2048 -800.088074 ) 
4 1381 1436 (-6544 2048 -816.088074 ) (-6544 2048 -800.088074 ) (-6560 2048 -800.088074 ) (-6560 2048 -816.088074 ) 
4 1381 1383 (-6560 2096 -800.088074 ) (-6560 2096 -816.088074 ) (-6560 2048 -816.088074 ) (-6560 2048 -800.088074 ) 
4 1381 1382 (-6560 2048 -816.088074 ) (-6560 2096 -816.088074 ) (-6544 2096 -816.088074 ) (-6544 2048 -816.088074 ) 
4 1382 1437 (-6560 2048 -992.088074 ) (-6544 2048 -992.088074 ) (-6544 2048 -816.088074 ) (-6560 2048 -816.088074 ) 
4 1382 1383 (-6560 2096 -816.088074 ) (-6560 2096 -992.088074 ) (-6560 2048 -992.088074 ) (-6560 2048 -816.088074 ) 
4 1383 1438 (-6720 2048 -800.088074 ) (-6720 2048 -992.088074 ) (-6560 2048 -992.088074 ) (-6560 2048 -800.088074 ) 
4 1383 1384 (-6720 2048 -992.088074 ) (-6720 2096 -992.088074 ) (-6576 2096 -992.088074 ) (-6576 2048 -992.088074 ) 
4 1384 1439 (-6720 2048 -992.088074 ) (-6720 2048 -1008.090027 ) (-6576 2048 -1008.090027 ) (-6576 2048 -992.088074 ) 
4 1384 1387 (-6720 2048 -1008.090027 ) (-6720 2096 -1008.090027 ) (-6576 2096 -1008.090027 ) (-6576 2048 -1008.090027 ) 
4 1385 1440 (-6544 2048 -1056 ) (-6528 2048 -1056 ) (-6528 2048 -1008.090027 ) (-6544 2048 -1008.090027 ) 
4 1385 1386 (-6544 2048 -1008.090027 ) (-6544 2096 -1008.090027 ) (-6544 2096 -1056 ) (-6544 2048 -1056 ) 
4 1386 1441 (-6560 2048 -1056 ) (-6544 2048 -1056 ) (-6544 2048 -1008.090027 ) (-6560 2048 -1008.090027 ) 
4 1386 1387 (-6560 2048 -1008.090027 ) (-6560 2096 -1008.090027 ) (-6560 2096 -1056 ) (-6560 2048 -1056 ) 
4 1387 1442 (-6720 2048 -1008.090027 ) (-6720 2048 -1056 ) (-6560 2048 -1056 ) (-6560 2048 -1008.090027 ) 
4 1388 1421 (-7168 2048 7168 ) (-7168 2048 736 ) (-6720 2048 736 ) (-6720 2048 7168 ) 
4 1388 1391 (-7168 2048 736 ) (-7168 2048 7168 ) (-7168 2112 7168 ) (-7168 2112 736 ) 
4 1389 1480 (-6960 2048 -1376 ) (-7168 2048 -1376 ) (-7168 2048 -2944 ) (-6960 2048 -2944 ) 
4 1389 1466 (-6528 2048 -1376 ) (-6960 2048 -1376 ) (-6960 2048 -2944 ) (-6528 2048 -2944 ) 
4 1389 1400 (-6144 2048 -2944 ) (-6144 2048 -1376 ) (-6528 2048 -1376 ) (-6528 2048 -2944 ) 
4 1389 1393 (-7168 3072 -1376 ) (-7168 3072 -2944 ) (-7168 2048 -2944 ) (-7168 2048 -1376 ) 
4 1390 1393 (-7168 3072 -1376 ) (-7168 2880 -1376 ) (-7744 2880 -1376 ) (-7744 3072 -1376 ) 
4 1390 1391 (-7744 2880 7168 ) (-7744 2880 736 ) (-7168 2880 736 ) (-7168 2880 7168 ) 
4 1390 1392 (-7744 3072 -1376 ) (-7744 2880 -1376 ) (-7744 2880 7168 ) (-7744 3072 7168 ) 
4 1391 1482 (-7168 2048 736 ) (-7168 2048 7168 ) (-7744 2048 7168 ) (-7744 2048 736 ) 
4 1391 1392 (-7744 2048 736 ) (-7744 2048 7168 ) (-7744 2880 7168 ) (-7744 2880 736 ) 
4 1392 1618 (-8192 2048 -1376 ) (-8192 2048 7168 ) (-8192 3072 7168 ) (-8192 3072 -1376 ) 
4 1392 1483 (-7744 2048 7168 ) (-8192 2048 7168 ) (-8192 2048 -1376 ) (-7744 2048 -1376 ) 
4 1392 1393 (-7744 2048 -1376 ) (-8192 2048 -1376 ) (-8192 3072 -1376 ) (-7744 3072 -1376 ) 
4 1393 1618 (-8192 2048 -2944 ) (-8192 2048 -1376 ) (-8192 3072 -1376 ) (-8192 3072 -2944 ) 
4 1393 1484 (-7168 2048 -2944 ) (-7168 2048 -1376 ) (-8192 2048 -1376 ) (-8192 2048 -2944 ) 
4 1394 1421 (-6528 2048 7168 ) (-6528 2048 736 ) (-6528 1824 736 ) (-6528 1824 7168 ) 
4 1394 1405 (-6528 1824 7168 ) (-6528 1824 736 ) (-6144 1824 736 ) (-6144 1824 7168 ) 
4 1395 1407 (-6144 1824 -784.088074 ) (-6144 1824 -608 ) (-6256 1824 -608 ) (-6256 1824 -768.088135 ) 
4 1395 1396 (-6256 1824 -768.088074 ) (-6256 1824 -608 ) (-6256 2048 -608 ) (-6256 2048 -768.088013 ) 
4 1396 1423 (-6528 2048 -608 ) (-6528 2048 -745.230469 ) (-6528 1824 -745.229492 ) (-6528 1824 -608 ) 
3 1396 1413 (-6336 1824 -772.659302 ) (-6256 1824 -784.087830 ) (-6256 1824 -761.230835 ) 
4 1396 1412 (-6528 1824 -608 ) (-6528 1824 -745.230469 ) (-6416 1824 -761.230530 ) (-6416 1824 -608 ) 
5 1396 1411 (-6416 1824 -761.230530 ) (-6336 1824 -772.659302 ) (-6256 1824 -761.230835 ) (-6256 1824 -608 ) (-6416 1824 -608 ) 
4 1396 1402 (-6256 1824 -784.087097 ) (-6299.077148 1824 -777.933289 ) (-6299.077148 1840 -777.933289 ) (-6256 1840 -784.087158 ) 
4 1396 1401 (-6299.077148 1824 -777.933289 ) (-6335.997559 1824 -772.659058 ) (-6335.997559 1840 -772.659058 ) (-6299.077148 1840 -777.933289 ) 
4 1396 1399 (-6335.997559 1840 -772.659058 ) (-6335.998535 2048 -772.659241 ) (-6256 2048 -784.087585 ) (-6256 1840 -784.087158 ) 
4 1396 1398 (-6416 1824 -761.230286 ) (-6528 1824 -745.230469 ) (-6528 2048 -745.230469 ) (-6416 2048 -761.230469 ) 
4 1396 1397 (-6335.997559 1824 -772.659058 ) (-6416 1824 -761.230286 ) (-6416 2048 -761.230469 ) (-6335.998535 2048 -772.659241 ) 
3 1397 1411 (-6416 1824 -784.088013 ) (-6336 1824 -772.659302 ) (-6416 1824 -761.230530 ) 
4 1397 1401 (-6336.003906 1840 -772.659180 ) (-6336.003906 1824 -772.659180 ) (-6416 1824 -784.087219 ) (-6416 1840 -784.087219 ) 
4 1397 1399 (-6336.003906 2048 -772.659180 ) (-6336.003906 1840 -772.659180 ) (-6416 1840 -784.087219 ) (-6416 2048 -784.087219 ) 
4 1397 1398 (-6416 1824 -768.078979 ) (-6416 1824 -761.226624 ) (-6416 2048 -761.226624 ) (-6416 2048 -768.078979 ) 
4 1398 1423 (-6528 2048 -745.230469 ) (-6528 2048 -784.078979 ) (-6528 1824 -784.078979 ) (-6528 1824 -745.229492 ) 
4 1398 1412 (-6528 1824 -745.230469 ) (-6528 1824 -784.078979 ) (-6416 1824 -768.078979 ) (-6416 1824 -761.230530 ) 
4 1399 1440 (-6528 2048 -1008.090027 ) (-6528 2048 -1056 ) (-6528 1840 -1056 ) (-6528 1840 -1008.090027 ) 
4 1399 1435 (-6528 2048 -800.088013 ) (-6528 2048 -992.088074 ) (-6528 1840 -992.088074 ) (-6528 1840 -800.086975 ) 
4 1399 1403 (-6508.482910 1840 -1144 ) (-6467.416016 1840 -1144 ) (-6432 1840 -896.087952 ) (-6480 1840 -992.087402 ) 
3 1399 1402 (-6256 1840 -784.087585 ) (-6299.077148 1840 -777.933960 ) (-6240 1840 -896.088135 ) 
6 1399 1401 (-6299.077148 1840 -777.933960 ) (-6335.988281 1840 -772.661133 ) (-6416 1840 -784.091431 ) (-6467.416016 1840 -1144 ) (-6163.516602 1840 -1144 ) (-6192 1840 -992.090027 ) 
4 1400 1466 (-6528 2048 -1376 ) (-6528 2048 -2944 ) (-6528 1840 -2944 ) (-6528 1840 -1376 ) 
4 1400 1444 (-6528 2048 -1248 ) (-6528 2048 -1376 ) (-6528 1840 -1376 ) (-6528 1840 -1248 ) 
4 1400 1404 (-6528 1840 -1248 ) (-6528 1840 -2944 ) (-6144 1840 -2944 ) (-6144 1840 -1248 ) 
4 1401 1416 (-6466.272949 1824 -1136 ) (-6165.016602 1824 -1136 ) (-6180.016602 1824 -1056 ) (-6454.844238 1824 -1056 ) 
6 1401 1413 (-6256 1824 -864.087708 ) (-6299.076660 1824 -777.933960 ) (-6336 1824 -772.659302 ) (-6416 1824 -784.088013 ) (-6454.844238 1824 -1056 ) (-6256 1824 -1056 ) 
4 1401 1408 (-6180.016602 1824 -1056 ) (-6192 1824 -992.088379 ) (-6256 1824 -864.087708 ) (-6256 1824 -1056 ) 
4 1401 1403 (-6432 1840 -896.086609 ) (-6467.416016 1840 -1144.003784 ) (-6466.272949 1824 -1136.003784 ) (-6432 1824 -896.086792 ) 
4 1401 1402 (-6240 1840 -896.088196 ) (-6299.077148 1840 -777.934082 ) (-6299.077148 1824 -777.934082 ) (-6240 1824 -896.088135 ) 
3 1402 1413 (-6256 1824 -784.087769 ) (-6299.076660 1824 -777.933960 ) (-6256 1824 -864.088013 ) 
3 1402 1408 (-6256 1824 -784.087769 ) (-6256 1824 -864.088013 ) (-6240 1824 -896.087341 ) 
4 1403 1416 (-6506.982910 1824 -1136 ) (-6466.272949 1824 -1136 ) (-6454.844238 1824 -1056 ) (-6491.982910 1824 -1056 ) 
4 1403 1413 (-6454.844238 1824 -1056 ) (-6432 1824 -896.088440 ) (-6480 1824 -992.087646 ) (-6491.982910 1824 -1056 ) 
4 1404 1466 (-6528 1824 -2944 ) (-6528 1824 -1376 ) (-6528 1840 -1376 ) (-6528 1840 -2944 ) 
4 1404 1444 (-6528 1824 -1376 ) (-6528 1824 -1248.092529 ) (-6528 1840 -1248.090942 ) (-6528 1840 -1376 ) 
5 1404 1417 (-6528 1824 -1248.092529 ) (-6528 1824 -2944 ) (-6144 1824 -2944 ) (-6144 1824 -1248 ) (-6527.982422 1824 -1248 ) 
4 1405 1421 (-6528 1664 7168 ) (-6528 1824 7168 ) (-6528 1824 736 ) (-6528 1664 736 ) 
4 1405 1406 (-6144 1664 800 ) (-6144 1664 7168 ) (-6528 1664 7168 ) (-6528 1664 800 ) 
4 1406 1492 (-6144 1024 800 ) (-6144 1024 7168 ) (-6528 1024 7168 ) (-6528 1024 800 ) 
4 1406 1421 (-6528 1024 800 ) (-6528 1024 7168 ) (-6528 1664 7168 ) (-6528 1664 800 ) 
4 1407 1419 (-6144 1616 -784.088135 ) (-6144 1616 -608 ) (-6256 1616 -608 ) (-6256 1616 -768.088074 ) 
4 1407 1414 (-6256 1616 -768.088135 ) (-6256 1616 -761.230896 ) (-6256 1632 -761.230896 ) (-6256 1632 -768.088135 ) 
4 1407 1413 (-6256 1632 -761.230896 ) (-6256 1824 -761.230896 ) (-6256 1824 -768.088074 ) (-6256 1632 -768.088135 ) 
4 1407 1411 (-6256 1616 -761.230896 ) (-6256 1616 -608 ) (-6256 1824 -608 ) (-6256 1824 -761.230896 ) 
4 1408 1416 (-6256 1664 -1056 ) (-6256 1824 -1056 ) (-6144 1824 -1056 ) (-6144 1664 -1056 ) 
4 1408 1413 (-6256 1824 -1056 ) (-6256 1632 -1056 ) (-6256 1632 -784.088074 ) (-6256 1824 -784.088135 ) 
3 1408 1410 (-6256 1632 -784.087891 ) (-6256 1632 -864.087524 ) (-6240 1632 -896.087341 ) 
4 1408 1409 (-6256 1632 -864.087524 ) (-6256 1632 -1056 ) (-6180.016113 1632 -1056 ) (-6192 1632 -992.089600 ) 
4 1409 1419 (-6256 1616 -864.087708 ) (-6256 1616 -1056 ) (-6180.016113 1616 -1056 ) (-6192 1616 -992.089661 ) 
4 1409 1414 (-6256 1632 -1056 ) (-6256 1616 -1056 ) (-6256 1616 -864.087646 ) (-6256 1632 -864.087646 ) 
4 1409 1410 (-6240 1632 -896.090698 ) (-6256 1632 -864.089844 ) (-6256 1616 -864.089844 ) (-6240 1616 -896.090698 ) 
3 1410 1419 (-6256 1616 -784.088135 ) (-6256 1616 -864.087708 ) (-6240 1616 -896.088562 ) 
4 1410 1414 (-6256 1616 -864.087646 ) (-6256 1616 -784.088074 ) (-6256 1632 -784.088074 ) (-6256 1632 -864.087646 ) 
4 1411 1419 (-6416 1616 -784.088013 ) (-6256 1616 -761.230835 ) (-6256 1616 -608 ) (-6416 1616 -608 ) 
4 1411 1414 (-6256 1632 -761.230469 ) (-6256 1616 -761.230469 ) (-6416 1616 -784.087585 ) (-6416 1632 -784.087585 ) 
4 1411 1413 (-6416 1824 -784.087585 ) (-6256 1824 -761.230469 ) (-6256 1632 -761.230469 ) (-6416 1632 -784.087585 ) 
4 1411 1412 (-6416 1616 -768.078979 ) (-6416 1616 -608 ) (-6416 1824 -608 ) (-6416 1824 -768.078979 ) 
4 1412 1423 (-6528 1616 -784.078979 ) (-6528 1616 -608 ) (-6528 1824 -608 ) (-6528 1824 -784.078979 ) 
4 1412 1419 (-6528 1616 -608 ) (-6528 1616 -784.078979 ) (-6416 1616 -768.078979 ) (-6416 1616 -608 ) 
4 1413 1450 (-6528 1824 -1008.090027 ) (-6528 1824 -1056 ) (-6528 1632 -1056 ) (-6528 1632 -1008.090027 ) 
4 1413 1445 (-6528 1632 -800.088013 ) (-6528 1824 -800.088013 ) (-6528 1824 -992.088074 ) (-6528 1632 -992.088074 ) 
4 1413 1416 (-6528 1664 -1056 ) (-6528 1824 -1056 ) (-6256 1824 -1056 ) (-6256 1664 -1056 ) 
4 1413 1415 (-6480 1632 -992.088501 ) (-6491.983398 1632 -1056 ) (-6454.844238 1632 -1056 ) (-6432 1632 -896.088135 ) 
4 1413 1414 (-6256 1632 -1056 ) (-6256 1632 -761.233398 ) (-6416 1632 -784.090576 ) (-6454.844238 1632 -1056 ) 
4 1414 1419 (-6454.844238 1616 -1056 ) (-6256 1616 -1056 ) (-6256 1616 -761.230835 ) (-6416 1616 -784.087952 ) 
4 1414 1415 (-6432 1632 -896.089111 ) (-6454.844727 1632 -1056 ) (-6454.844727 1616 -1056 ) (-6432 1616 -896.089111 ) 
4 1415 1419 (-6491.983398 1616 -1056 ) (-6454.844238 1616 -1056 ) (-6432 1616 -896.087524 ) (-6480 1616 -992.088257 ) 
4 1417 1466 (-6528 1616 -2944 ) (-6528 1616 -1376 ) (-6528 1824 -1376 ) (-6528 1824 -2944 ) 
4 1417 1455 (-6528 1616 -1376 ) (-6528 1616 -1248 ) (-6528 1632 -1248 ) (-6528 1632 -1376 ) 
4 1417 1453 (-6528 1632 -1248 ) (-6528 1824 -1248 ) (-6528 1824 -1376 ) (-6528 1632 -1376 ) 
4 1417 1420 (-6144 1616 -2944 ) (-6144 1616 -1248 ) (-6528 1616 -1248 ) (-6528 1616 -2944 ) 
4 1418 1495 (-6144 1024 -608 ) (-6144 1024 -160 ) (-6528 1024 -160 ) (-6528 1024 -608 ) 
6 1418 1494 (-6144 1024 -160 ) (-6144 1024 437.332642 ) (-6272 1024 736 ) (-6400 1024 736 ) (-6528 1024 437.333893 ) (-6528 1024 -160 ) 
4 1418 1422 (-6528 1024 -608 ) (-6528 1024 437.333862 ) (-6528 1408 437.333893 ) (-6528 1408 -608 ) 
4 1418 1419 (-6144 1024 -608 ) (-6528 1024 -608 ) (-6528 1408 -608 ) (-6144 1408 -608 ) 
4 1419 1495 (-6144 1024 -1056 ) (-6144 1024 -608 ) (-6528 1024 -608 ) (-6528 1024 -1056 ) 
4 1419 1454 (-6528 1024 -1056 ) (-6528 1024 -800.088074 ) (-6528 1616 -800.088074 ) (-6528 1616 -1056 ) 
4 1419 1424 (-6528 1024 -800.088074 ) (-6528 1024 -608 ) (-6528 1616 -608 ) (-6528 1616 -800.088074 ) 
4 1420 1508 (-6144 1024 -2944 ) (-6144 1024 -1248 ) (-6528 1024 -1248 ) (-6528 1024 -2944 ) 
4 1420 1466 (-6528 1024 -2944 ) (-6528 1024 -1376 ) (-6528 1616 -1376 ) (-6528 1616 -2944 ) 
4 1420 1455 (-6528 1024 -1376 ) (-6528 1024 -1248 ) (-6528 1616 -1248 ) (-6528 1616 -1376 ) 
4 1421 1509 (-6960 1024 7168 ) (-7168 1024 7168 ) (-7168 1024 736 ) (-6960 1024 736 ) 
4 1421 1493 (-6528 1024 736 ) (-6528 1024 800 ) (-6960 1024 800 ) (-6960 1024 736 ) 
4 1421 1492 (-6528 1024 800 ) (-6528 1024 7168 ) (-6960 1024 7168 ) (-6960 1024 800 ) 
4 1421 1485 (-7168 1024 736 ) (-7168 1024 7168 ) (-7168 1408 7168 ) (-7168 1408 736 ) 
4 1421 1482 (-7168 1408 7168 ) (-7168 2048 7168 ) (-7168 2048 736 ) (-7168 1408 736 ) 
4 1422 1495 (-6528 1024 -608 ) (-6528 1024 -160 ) (-6720 1024 -160 ) (-6720 1024 -608 ) 
4 1422 1494 (-6528 1024 -160 ) (-6528 1024 437.333862 ) (-6720 1024 -10.666565 ) (-6720 1024 -160 ) 
4 1422 1432 (-6720 1024 -157.714294 ) (-6720 1024 -10.666565 ) (-6720 1408 -10.666565 ) (-6720 1408 -157.714294 ) 
4 1422 1425 (-6720 1392 -157.714294 ) (-6720 1408 -157.714294 ) (-6720 1408 -608 ) (-6720 1392 -608 ) 
4 1422 1431 (-6720 1024 -608 ) (-6720 1024 -157.714294 ) (-6720 1392 -157.714294 ) (-6720 1392 -608 ) 
4 1422 1424 (-6720 1024 -608 ) (-6720 1408 -608 ) (-6528 1408 -608 ) (-6528 1024 -608 ) 
4 1423 1424 (-6528 1616 -608 ) (-6720 1616 -608 ) (-6720 1616 -784.086914 ) (-6528 1616 -784.086914 ) 
4 1424 1495 (-6528 1024 -800.088074 ) (-6528 1024 -608 ) (-6720 1024 -608 ) (-6720 1024 -800.088074 ) 
3 1424 1460 (-6720 1600 -800.088074 ) (-6720 1616 -800.088074 ) (-6715.713379 1616 -800.088074 ) 
4 1424 1458 (-6720 1529.706543 -800.088074 ) (-6720 1600 -800.088074 ) (-6715.713379 1616 -800.088074 ) (-6633.694824 1616 -800.088074 ) 
5 1424 1456 (-6576 1024 -800.088074 ) (-6720 1024 -800.088074 ) (-6720 1529.706543 -800.088074 ) (-6633.694824 1616 -800.088074 ) (-6576 1616 -800.088074 ) 
4 1424 1454 (-6528 1616 -800.088074 ) (-6528 1024 -800.088074 ) (-6576 1024 -800.088074 ) (-6576 1616 -800.088074 ) 
4 1424 1428 (-6720 1600 -800.088074 ) (-6720 1529.706421 -800.088074 ) (-6720 1529.706421 -608 ) (-6720 1600 -608 ) 
4 1424 1427 (-6720 1529.706421 -800.088074 ) (-6720 1392 -800.088074 ) (-6720 1392 -608 ) (-6720 1529.706421 -608 ) 
4 1424 1431 (-6720 1392 -800.088074 ) (-6720 1024 -800.088074 ) (-6720 1024 -608 ) (-6720 1392 -608 ) 
4 1425 1432 (-6736 1392 -160 ) (-6720 1392 -157.714355 ) (-6720 1408 -157.714355 ) (-6736 1408 -160 ) 
4 1425 1433 (-6848 1392 -176 ) (-6736 1392 -160 ) (-6736 1408 -160 ) (-6848 1408 -176 ) 
4 1425 1430 (-6857.726074 1392 -608 ) (-6909.714355 1392 -608 ) (-6909.714355 1408 -608 ) (-6841.723633 1408 -608 ) 
4 1425 1427 (-6720 1392 -608 ) (-6857.726074 1392 -608 ) (-6841.723633 1408 -608 ) (-6720 1408 -608 ) 
4 1425 1426 (-6864 1408 -288 ) (-6909.713867 1408 -608 ) (-6909.713867 1392 -608 ) (-6864 1392 -288 ) 
4 1425 1431 (-6720 1392 -608 ) (-6720 1392 -157.710938 ) (-6848 1392 -175.996552 ) (-6909.714355 1392 -608 ) 
4 1426 1430 (-6909.714355 1392 -608 ) (-6954 1392 -608 ) (-6954 1408 -608 ) (-6909.714355 1408 -608 ) 
4 1426 1431 (-6954 1392 -608 ) (-6909.714355 1392 -608 ) (-6864 1392 -288 ) (-6912 1392 -384 ) 
3 1427 1456 (-6720 1529.706299 -800.088074 ) (-6720 1392 -800.088074 ) (-6857.725586 1392 -800.088074 ) 
4 1427 1429 (-6841.720215 1408 -608 ) (-6815.995117 1433.721313 -608 ) (-6815.995117 1433.721313 -800.088074 ) (-6841.720215 1408 -800.088074 ) 
4 1427 1430 (-6857.722656 1392 -800.088074 ) (-6857.722656 1392 -608 ) (-6841.720215 1408 -608 ) (-6841.720215 1408 -800.088074 ) 
4 1427 1428 (-6745.725098 1503.981812 -608 ) (-6720 1529.703491 -608 ) (-6720 1529.703491 -800.088074 ) (-6745.725098 1503.981812 -800.088074 ) 
4 1427 1431 (-6720 1392 -800.088074 ) (-6720 1392 -608 ) (-6857.725586 1392 -608 ) (-6857.725586 1392 -800.088074 ) 
3 1428 1458 (-6720 1600 -800.088074 ) (-6720 1529.706299 -800.088074 ) (-6745.724121 1503.985962 -800.088074 ) 
3 1429 1462 (-6816 1433.720215 -800.088074 ) (-6841.723145 1408 -800.088074 ) (-6912 1408 -800.088074 ) 
4 1429 1430 (-6912 1408 -800.088074 ) (-6841.723633 1408 -800.088074 ) (-6841.723633 1408 -608 ) (-6912 1408 -608 ) 
4 1430 1479 (-6960 1408 -800.088074 ) (-6960 1392 -800.088074 ) (-6960 1392 -672 ) (-6960 1408 -672 ) 
4 1430 1463 (-6960 1392 -800.088074 ) (-6960 1408 -800.088074 ) (-6841.723145 1408 -800.088074 ) (-6857.725586 1392 -800.088074 ) 
5 1430 1431 (-6857.725586 1392 -608 ) (-6954 1392 -608 ) (-6960 1392 -640 ) (-6960 1392 -800.088074 ) (-6857.725586 1392 -800.088074 ) 
4 1431 1497 (-6960 1024 -192 ) (-6960 1024 -800.088074 ) (-6848 1024 -800.088074 ) (-6848 1024 -176 ) 
5 1431 1495 (-6848 1024 -800.088074 ) (-6720 1024 -800.088074 ) (-6720 1024 -160 ) (-6736 1024 -160 ) (-6848 1024 -176 ) 
3 1431 1494 (-6720 1024 -160 ) (-6720 1024 -157.714294 ) (-6736 1024 -160 ) 
4 1431 1479 (-6960 1024 -800.088074 ) (-6960 1024 -672 ) (-6960 1392 -672 ) (-6960 1392 -800.088074 ) 
4 1431 1475 (-6960 1024 -640 ) (-6960 1024 -400 ) (-6960 1392 -400 ) (-6960 1392 -640 ) 
4 1431 1470 (-6960 1024 -384 ) (-6960 1024 -192 ) (-6960 1392 -192 ) (-6960 1392 -384 ) 
3 1431 1463 (-6960 1289.739746 -800.088074 ) (-6960 1392 -800.088074 ) (-6857.725586 1392 -800.088074 ) 
5 1431 1456 (-6960 1024 -800.088074 ) (-6960 1289.739746 -800.088074 ) (-6857.725586 1392 -800.088074 ) (-6720 1392 -800.088074 ) (-6720 1024 -800.088074 ) 
4 1431 1432 (-6736 1024 -160 ) (-6720 1024 -157.714355 ) (-6720 1392 -157.714355 ) (-6736 1392 -160 ) 
4 1431 1433 (-6848 1024 -176 ) (-6736 1024 -160 ) (-6736 1392 -160 ) (-6848 1392 -176 ) 
4 1432 1494 (-6784 1024 -160 ) (-6736 1024 -160 ) (-6720 1024 -157.714294 ) (-6720 1024 -10.666885 ) 
4 1432 1433 (-6784 1408 -160 ) (-6736 1408 -160 ) (-6736 1024 -160 ) (-6784 1024 -160 ) 
3 1433 1495 (-6848 1024 -160 ) (-6848 1024 -176 ) (-6736 1024 -160 ) 
3 1434 1496 (-6960 1024 -160 ) (-6960 1024 -176 ) (-6848 1024 -160 ) 
4 1434 1467 (-6960 1024 -176 ) (-6960 1024 -160 ) (-6960 1408 -160 ) (-6960 1408 -176 ) 
4 1435 1437 (-6544 2048 -992.088074 ) (-6544 1840 -992.088074 ) (-6544 1840 -816.088074 ) (-6544 2048 -816.088074 ) 
4 1435 1436 (-6544 1840 -816.088074 ) (-6544 1840 -800.088074 ) (-6544 2048 -800.088074 ) (-6544 2048 -816.088074 ) 
4 1436 1438 (-6560 1840 -816.088074 ) (-6560 1840 -800.088074 ) (-6560 2048 -800.088074 ) (-6560 2048 -816.088074 ) 
4 1436 1437 (-6560 1840 -816.088074 ) (-6560 2048 -816.088074 ) (-6544 2048 -816.088074 ) (-6544 1840 -816.088074 ) 
4 1437 1438 (-6560 2048 -992.088074 ) (-6560 1840 -992.088074 ) (-6560 1840 -816.088074 ) (-6560 2048 -816.088074 ) 
4 1438 1443 (-6576 1840 -800.088074 ) (-6720 1840 -800.088074 ) (-6720 1840 -992.088074 ) (-6576 1840 -992.088074 ) 
4 1438 1439 (-6576 1840 -992.088074 ) (-6720 1840 -992.088074 ) (-6720 2048 -992.088074 ) (-6576 2048 -992.088074 ) 
4 1439 1443 (-6576 1840 -992.088074 ) (-6720 1840 -992.088074 ) (-6720 1840 -1008.090027 ) (-6576 1840 -1008.090027 ) 
4 1439 1442 (-6576 1840 -1008.090027 ) (-6720 1840 -1008.090027 ) (-6720 2048 -1008.090027 ) (-6576 2048 -1008.090027 ) 
4 1440 1441 (-6544 2048 -1056 ) (-6544 1840 -1056 ) (-6544 1840 -1008.090027 ) (-6544 2048 -1008.090027 ) 
4 1441 1442 (-6560 2048 -1056 ) (-6560 1840 -1056 ) (-6560 1840 -1008.090027 ) (-6560 2048 -1008.090027 ) 
4 1442 1443 (-6720 1840 -1056 ) (-6576 1840 -1056 ) (-6576 1840 -1008.090027 ) (-6720 1840 -1008.090027 ) 
4 1443 1452 (-6720 1824 -1008.090027 ) (-6720 1824 -1056 ) (-6576 1824 -1056 ) (-6576 1824 -1008.090027 ) 
4 1443 1449 (-6720 1824 -992.088074 ) (-6720 1824 -1008.090027 ) (-6576 1824 -1008.090027 ) (-6576 1824 -992.088074 ) 
4 1443 1448 (-6576 1824 -800.088074 ) (-6720 1824 -800.088074 ) (-6720 1824 -992.088074 ) (-6576 1824 -992.088074 ) 
4 1444 1466 (-6720 2048 -1376 ) (-6528 2048 -1376 ) (-6528 1824 -1376 ) (-6720 1824 -1376 ) 
4 1444 1453 (-6720 1824 -1376 ) (-6528 1824 -1376 ) (-6528 1824 -1248 ) (-6720 1824 -1248 ) 
4 1445 1447 (-6544 1824 -816.088074 ) (-6544 1824 -992.088074 ) (-6544 1632 -992.088074 ) (-6544 1632 -816.088074 ) 
4 1445 1446 (-6544 1824 -800.088074 ) (-6544 1824 -816.088074 ) (-6544 1632 -816.088074 ) (-6544 1632 -800.088074 ) 
4 1446 1448 (-6560 1824 -800.088074 ) (-6560 1824 -816.088074 ) (-6560 1632 -816.088074 ) (-6560 1632 -800.088074 ) 
4 1446 1447 (-6560 1632 -816.088074 ) (-6560 1824 -816.088074 ) (-6544 1824 -816.088074 ) (-6544 1632 -816.088074 ) 
4 1447 1448 (-6560 1824 -816.088074 ) (-6560 1824 -992.088074 ) (-6560 1632 -992.088074 ) (-6560 1632 -816.088074 ) 
4 1448 1460 (-6711.426758 1632 -800.088074 ) (-6720 1632 -800.088074 ) (-6720 1632 -992.088074 ) (-6711.426758 1632 -992.088074 ) 
4 1448 1458 (-6617.692383 1632 -800.088074 ) (-6711.426758 1632 -800.088074 ) (-6711.426758 1632 -992.088074 ) (-6617.692383 1632 -992.088074 ) 
4 1448 1456 (-6576 1632 -800.088074 ) (-6617.692383 1632 -800.088074 ) (-6617.692383 1632 -992.088074 ) (-6576 1632 -992.088074 ) 
4 1448 1449 (-6576 1632 -992.088074 ) (-6720 1632 -992.088074 ) (-6720 1824 -992.088074 ) (-6576 1824 -992.088074 ) 
4 1449 1460 (-6711.426758 1632 -992.088074 ) (-6720 1632 -992.088074 ) (-6720 1632 -1008.090027 ) (-6711.426758 1632 -1008.090027 ) 
4 1449 1458 (-6617.692383 1632 -992.088074 ) (-6711.426758 1632 -992.088074 ) (-6711.426758 1632 -1008.090027 ) (-6617.692383 1632 -1008.090027 ) 
4 1449 1456 (-6576 1632 -992.088074 ) (-6617.692383 1632 -992.088074 ) (-6617.692383 1632 -1008.090027 ) (-6576 1632 -1008.090027 ) 
4 1449 1452 (-6576 1632 -1008.090027 ) (-6720 1632 -1008.090027 ) (-6720 1824 -1008.090027 ) (-6576 1824 -1008.090027 ) 
4 1450 1451 (-6544 1824 -1056 ) (-6544 1632 -1056 ) (-6544 1632 -1008.090027 ) (-6544 1824 -1008.090027 ) 
4 1451 1452 (-6560 1824 -1056 ) (-6560 1632 -1056 ) (-6560 1632 -1008.090027 ) (-6560 1824 -1008.090027 ) 
4 1452 1460 (-6711.426758 1632 -1008.090027 ) (-6720 1632 -1008.090027 ) (-6720 1632 -1056 ) (-6711.426758 1632 -1056 ) 
4 1452 1458 (-6617.692383 1632 -1008.090027 ) (-6711.426758 1632 -1008.090027 ) (-6711.426758 1632 -1056 ) (-6617.692383 1632 -1056 ) 
4 1452 1456 (-6576 1632 -1008.090027 ) (-6617.692383 1632 -1008.090027 ) (-6617.692383 1632 -1056 ) (-6576 1632 -1056 ) 
4 1453 1466 (-6720 1824 -1376 ) (-6528 1824 -1376 ) (-6528 1632 -1376 ) (-6720 1632 -1376 ) 
4 1453 1461 (-6720 1632 -1376 ) (-6711.426758 1632 -1376 ) (-6711.426758 1632 -1248 ) (-6720 1632 -1248 ) 
4 1453 1459 (-6711.426758 1632 -1376 ) (-6617.692383 1632 -1376 ) (-6617.692383 1632 -1248 ) (-6711.426758 1632 -1248 ) 
4 1453 1457 (-6617.692383 1632 -1376 ) (-6576 1632 -1376 ) (-6576 1632 -1248 ) (-6617.692383 1632 -1248 ) 
4 1453 1455 (-6576 1632 -1376 ) (-6528 1632 -1376 ) (-6528 1632 -1248 ) (-6576 1632 -1248 ) 
4 1454 1495 (-6528 1024 -1056 ) (-6528 1024 -800.088074 ) (-6576 1024 -800.088074 ) (-6576 1024 -1056 ) 
4 1454 1456 (-6576 1616 -1056 ) (-6576 1024 -1056 ) (-6576 1024 -800.088074 ) (-6576 1616 -800.088074 ) 
4 1455 1508 (-6528 1024 -1376 ) (-6528 1024 -1248 ) (-6576 1024 -1248 ) (-6576 1024 -1376 ) 
4 1455 1466 (-6576 1632 -1376 ) (-6528 1632 -1376 ) (-6528 1024 -1376 ) (-6576 1024 -1376 ) 
4 1455 1457 (-6576 1632 -1248 ) (-6576 1632 -1376 ) (-6576 1024 -1376 ) (-6576 1024 -1248 ) 
4 1456 1497 (-6848 1024 -800.088074 ) (-6960 1024 -800.088074 ) (-6960 1024 -1056 ) (-6848 1024 -1056 ) 
4 1456 1495 (-6576 1024 -800.088074 ) (-6848 1024 -800.088074 ) (-6848 1024 -1056 ) (-6576 1024 -1056 ) 
4 1456 1479 (-6960 1024 -1056 ) (-6960 1024 -800.088074 ) (-6960 1289.739746 -800.088074 ) (-6960 1289.739746 -1056 ) 
4 1456 1462 (-6815.993164 1433.721924 -1056 ) (-6841.718750 1408 -1056 ) (-6841.718750 1408 -800.088074 ) (-6815.993652 1433.721802 -800.088074 ) 
4 1456 1463 (-6841.718750 1408 -1056 ) (-6960 1289.735107 -1056 ) (-6960 1289.734375 -800.088074 ) (-6841.718750 1408 -800.088074 ) 
4 1456 1458 (-6617.688477 1632 -800.088074 ) (-6617.688477 1632 -1056 ) (-6745.725586 1503.980225 -1056 ) (-6745.726074 1503.979736 -800.088074 ) 
4 1457 1508 (-6960 1024 -1248 ) (-6960 1024 -1376 ) (-6576 1024 -1376 ) (-6576 1024 -1248 ) 
4 1457 1481 (-6960 1024 -1376 ) (-6960 1024 -1248 ) (-6960 1289.739746 -1248 ) (-6960 1289.739746 -1376 ) 
5 1457 1466 (-6960 1024 -1376 ) (-6960 1289.739746 -1376 ) (-6617.692383 1632 -1376 ) (-6576 1632 -1376 ) (-6576 1024 -1376 ) 
4 1457 1464 (-6815.994629 1433.721680 -1376 ) (-6841.719727 1408 -1376 ) (-6841.719238 1408 -1248 ) (-6815.994141 1433.721680 -1248 ) 
4 1457 1465 (-6841.719727 1408 -1376 ) (-6960 1289.736084 -1376 ) (-6960 1289.735718 -1248 ) (-6841.719238 1408 -1248 ) 
4 1457 1459 (-6617.688477 1632 -1248 ) (-6617.688477 1632 -1376 ) (-6745.725586 1503.980591 -1376 ) (-6745.725586 1503.980469 -1248 ) 
4 1458 1460 (-6711.425781 1632 -800.088074 ) (-6711.425781 1632 -1056 ) (-6720 1599.997070 -1056 ) (-6720 1599.997070 -800.088074 ) 
3 1459 1466 (-6711.426758 1632 -1376 ) (-6617.692383 1632 -1376 ) (-6745.724121 1503.985962 -1376 ) 
4 1459 1461 (-6711.425781 1632 -1248 ) (-6711.425781 1632 -1376 ) (-6720 1599.997070 -1376 ) (-6720 1599.997070 -1248 ) 
3 1461 1466 (-6720 1632 -1376 ) (-6711.426758 1632 -1376 ) (-6720 1600 -1376 ) 
4 1462 1463 (-6912 1408 -1056 ) (-6841.722656 1408 -1056 ) (-6841.722656 1408 -800.088074 ) (-6912 1408 -800.088074 ) 
4 1463 1479 (-6960 1289.739746 -800.088074 ) (-6960 1408 -800.088074 ) (-6960 1408 -1056 ) (-6960 1289.739746 -1056 ) 
3 1464 1466 (-6816 1433.720215 -1376 ) (-6841.723145 1408 -1376 ) (-6912 1408 -1376 ) 
4 1464 1465 (-6912 1408 -1376 ) (-6841.723633 1408 -1376 ) (-6841.723633 1408 -1248 ) (-6912 1408 -1248 ) 
4 1465 1481 (-6960 1408 -1376 ) (-6960 1289.739746 -1376 ) (-6960 1289.739746 -1248 ) (-6960 1408 -1248 ) 
3 1465 1466 (-6960 1289.739746 -1376 ) (-6960 1408 -1376 ) (-6841.723145 1408 -1376 ) 
4 1466 1508 (-6528 1024 -2944 ) (-6528 1024 -1376 ) (-6960 1024 -1376 ) (-6960 1024 -2944 ) 
4 1466 1480 (-6960 1408 -1376 ) (-6960 2048 -1376 ) (-6960 2048 -2944 ) (-6960 1408 -2944 ) 
4 1466 1481 (-6960 1024 -2944 ) (-6960 1024 -1376 ) (-6960 1408 -1376 ) (-6960 1408 -2944 ) 
4 1467 1510 (-6960 1024 -176 ) (-6960 1024 -160 ) (-7008 1024 -160 ) (-7008 1024 -176 ) 
4 1467 1468 (-7008 1024 -176 ) (-7008 1024 -160 ) (-7008 1408 -160 ) (-7008 1408 -176 ) 
4 1468 1512 (-7008 1024 -160 ) (-7168 1024 -160 ) (-7168 1024 -192 ) (-7008 1024 -192 ) 
4 1468 1487 (-7168 1024 -192 ) (-7168 1024 -160 ) (-7168 1408 -160 ) (-7168 1408 -192 ) 
4 1468 1473 (-7168 1024 -192 ) (-7168 1392 -192 ) (-7008 1392 -192 ) (-7008 1024 -192 ) 
4 1468 1469 (-7168 1392 -192 ) (-7168 1408 -192 ) (-7008 1408 -192 ) (-7008 1392 -192 ) 
4 1469 1487 (-7168 1392 -192 ) (-7168 1408 -192 ) (-7168 1408 -640 ) (-7168 1392 -640 ) 
4 1469 1478 (-7168 1392 -640 ) (-7008 1392 -640 ) (-7008 1392 -400 ) (-7168 1392 -400 ) 
4 1469 1474 (-7008 1392 -400 ) (-7008 1392 -384 ) (-7168 1392 -384 ) (-7168 1392 -400 ) 
4 1469 1473 (-7008 1392 -384 ) (-7008 1392 -192 ) (-7168 1392 -192 ) (-7168 1392 -384 ) 
4 1470 1514 (-6960 1024 -384 ) (-6960 1024 -192 ) (-6976 1024 -192 ) (-6976 1024 -384 ) 
4 1470 1472 (-6976 1392 -208 ) (-6976 1392 -384 ) (-6976 1024 -384 ) (-6976 1024 -208 ) 
4 1470 1471 (-6976 1392 -192 ) (-6976 1392 -208 ) (-6976 1024 -208 ) (-6976 1024 -192 ) 
4 1471 1515 (-6976 1024 -192 ) (-6992 1024 -192 ) (-6992 1024 -208 ) (-6976 1024 -208 ) 
4 1471 1473 (-6992 1392 -192 ) (-6992 1392 -208 ) (-6992 1024 -208 ) (-6992 1024 -192 ) 
4 1471 1472 (-6992 1024 -208 ) (-6992 1392 -208 ) (-6976 1392 -208 ) (-6976 1024 -208 ) 
4 1472 1516 (-6992 1024 -208 ) (-6992 1024 -384 ) (-6976 1024 -384 ) (-6976 1024 -208 ) 
4 1472 1473 (-6992 1392 -208 ) (-6992 1392 -384 ) (-6992 1024 -384 ) (-6992 1024 -208 ) 
4 1473 1517 (-6992 1024 -192 ) (-7168 1024 -192 ) (-7168 1024 -384 ) (-6992 1024 -384 ) 
4 1473 1487 (-7168 1024 -384 ) (-7168 1024 -192 ) (-7168 1392 -192 ) (-7168 1392 -384 ) 
4 1473 1474 (-7168 1392 -384 ) (-7008 1392 -384 ) (-7008 1024 -384 ) (-7168 1024 -384 ) 
4 1474 1518 (-7008 1024 -384 ) (-7168 1024 -384 ) (-7168 1024 -400 ) (-7008 1024 -400 ) 
4 1474 1487 (-7168 1024 -400 ) (-7168 1024 -384 ) (-7168 1392 -384 ) (-7168 1392 -400 ) 
4 1474 1478 (-7168 1024 -400 ) (-7168 1392 -400 ) (-7008 1392 -400 ) (-7008 1024 -400 ) 
4 1475 1519 (-6960 1024 -640 ) (-6960 1024 -400 ) (-6976 1024 -400 ) (-6976 1024 -640 ) 
4 1475 1477 (-6976 1392 -624 ) (-6976 1392 -640 ) (-6976 1024 -640 ) (-6976 1024 -624 ) 
4 1475 1476 (-6976 1024 -400 ) (-6976 1392 -400 ) (-6976 1392 -624 ) (-6976 1024 -624 ) 
4 1476 1520 (-6976 1024 -400 ) (-6992 1024 -400 ) (-6992 1024 -624 ) (-6976 1024 -624 ) 
4 1476 1478 (-6992 1024 -400 ) (-6992 1392 -400 ) (-6992 1392 -624 ) (-6992 1024 -624 ) 
4 1476 1477 (-6992 1024 -624 ) (-6992 1392 -624 ) (-6976 1392 -624 ) (-6976 1024 -624 ) 
4 1477 1521 (-6992 1024 -624 ) (-6992 1024 -640 ) (-6976 1024 -640 ) (-6976 1024 -624 ) 
4 1477 1478 (-6992 1392 -624 ) (-6992 1392 -640 ) (-6992 1024 -640 ) (-6992 1024 -624 ) 
4 1478 1522 (-6992 1024 -400 ) (-7168 1024 -400 ) (-7168 1024 -640 ) (-6992 1024 -640 ) 
4 1478 1487 (-7168 1024 -640 ) (-7168 1024 -400 ) (-7168 1392 -400 ) (-7168 1392 -640 ) 
4 1479 1523 (-6960 1024 -1056 ) (-6960 1024 -672 ) (-7168 1024 -672 ) (-7168 1024 -1056 ) 
4 1479 1488 (-7168 1024 -1056 ) (-7168 1024 -672 ) (-7168 1408 -672 ) (-7168 1408 -1056 ) 
4 1480 1484 (-7168 2048 -1376 ) (-7168 2048 -2944 ) (-7168 1408 -2944 ) (-7168 1408 -1376 ) 
4 1480 1481 (-7168 1408 -2944 ) (-6960 1408 -2944 ) (-6960 1408 -1376 ) (-7168 1408 -1376 ) 
4 1481 1566 (-6960 1024 -2944 ) (-6960 1024 -1248 ) (-7168 1024 -1248 ) (-7168 1024 -2944 ) 
4 1481 1489 (-7168 1024 -2944 ) (-7168 1024 -1248 ) (-7168 1408 -1248 ) (-7168 1408 -2944 ) 
4 1482 1485 (-7168 1408 736 ) (-7168 1408 7168 ) (-7744 1408 7168 ) (-7744 1408 736 ) 
4 1482 1483 (-7744 1408 736 ) (-7744 1408 7168 ) (-7744 2048 7168 ) (-7744 2048 736 ) 
4 1483 1619 (-8192 1408 -1376 ) (-8192 1408 7168 ) (-8192 2048 7168 ) (-8192 2048 -1376 ) 
4 1483 1491 (-8192 1408 -160 ) (-8192 1408 -1376 ) (-7744 1408 -1376 ) (-7744 1408 -160 ) 
4 1483 1486 (-8192 1408 736 ) (-8192 1408 -160 ) (-7744 1408 -160 ) (-7744 1408 736 ) 
4 1483 1485 (-8192 1408 7168 ) (-8192 1408 736 ) (-7744 1408 736 ) (-7744 1408 7168 ) 
4 1483 1484 (-7744 1408 -1376 ) (-8192 1408 -1376 ) (-8192 2048 -1376 ) (-7744 2048 -1376 ) 
4 1484 1619 (-8192 1408 -2944 ) (-8192 1408 -1376 ) (-8192 2048 -1376 ) (-8192 2048 -2944 ) 
4 1484 1490 (-7744 1408 -2944 ) (-7616 1408 -2944 ) (-7616 1408 -1376 ) (-7744 1408 -1376 ) 
4 1484 1491 (-8192 1408 -1376 ) (-8192 1408 -2944 ) (-7744 1408 -2944 ) (-7744 1408 -1376 ) 
4 1484 1489 (-7616 1408 -2944 ) (-7168 1408 -2944 ) (-7168 1408 -1376 ) (-7616 1408 -1376 ) 
4 1485 1619 (-8192 1024 736 ) (-8192 1024 7168 ) (-8192 1408 7168 ) (-8192 1408 736 ) 
4 1485 1567 (-7744 1024 736 ) (-7168 1024 736 ) (-7168 1024 7168 ) (-7744 1024 7168 ) 
4 1485 1568 (-8192 1024 7168 ) (-8192 1024 736 ) (-7744 1024 736 ) (-7744 1024 7168 ) 
4 1485 1486 (-8192 1408 736 ) (-7744 1408 736 ) (-7744 1024 736 ) (-8192 1024 736 ) 
4 1486 1619 (-8192 1024 -160 ) (-8192 1024 736 ) (-8192 1408 736 ) (-8192 1408 -160 ) 
4 1486 1568 (-8192 1024 736 ) (-8192 1024 -160 ) (-7744 1024 -160 ) (-7744 1024 736 ) 
4 1486 1491 (-7744 1024 -160 ) (-8192 1024 -160 ) (-8192 1408 -160 ) (-7744 1408 -160 ) 
4 1487 1569 (-7168 1024 -640 ) (-7168 1024 -160 ) (-7616 1024 -160 ) (-7616 1024 -640 ) 
4 1488 1593 (-7168 1024 -1056 ) (-7168 1024 -672 ) (-7616 1024 -672 ) (-7616 1024 -1056 ) 
4 1489 1594 (-7168 1024 -2944 ) (-7168 1024 -1248 ) (-7616 1024 -1248 ) (-7616 1024 -2944 ) 
4 1489 1490 (-7616 1024 -2944 ) (-7616 1024 -1376 ) (-7616 1408 -1376 ) (-7616 1408 -2944 ) 
4 1490 1595 (-7744 1024 -2944 ) (-7616 1024 -2944 ) (-7616 1024 -1376 ) (-7744 1024 -1376 ) 
4 1490 1491 (-7744 1408 -2944 ) (-7744 1024 -2944 ) (-7744 1024 -1376 ) (-7744 1408 -1376 ) 
4 1491 1619 (-8192 1024 -2944 ) (-8192 1024 -160 ) (-8192 1408 -160 ) (-8192 1408 -2944 ) 
4 1491 1596 (-8192 1024 -640 ) (-8192 1024 -2944 ) (-7744 1024 -2944 ) (-7744 1024 -640 ) 
4 1491 1570 (-8192 1024 -160 ) (-8192 1024 -640 ) (-7744 1024 -640 ) (-7744 1024 -160 ) 
4 1492 2434 (-6144 0 800 ) (-6144 0 7168 ) (-6960 0 7168 ) (-6960 0 800 ) 
4 1492 1553 (-6960 0 800 ) (-6960 0 7168 ) (-6960 560 7168 ) (-6960 560 800 ) 
4 1492 1509 (-6960 560 7168 ) (-6960 1024 7168 ) (-6960 1024 800 ) (-6960 560 800 ) 
4 1492 1493 (-6528 0 800 ) (-6960 0 800 ) (-6960 1024 800 ) (-6528 1024 800 ) 
4 1493 2435 (-6528 0 800 ) (-6960 0 800 ) (-6960 0 736 ) (-6528 0 736 ) 
4 1493 1553 (-6960 0 736 ) (-6960 0 800 ) (-6960 560 800 ) (-6960 560 736 ) 
4 1493 1509 (-6960 560 800 ) (-6960 1024 800 ) (-6960 1024 736 ) (-6960 560 736 ) 
5 1494 2436 (-6144 0 -160 ) (-6144 0 437.332520 ) (-6272 0 736 ) (-6400 0 736 ) (-6784 0 -160 ) 
4 1494 1506 (-6784 560 -160 ) (-6784 608 -160 ) (-6144 608 -160 ) (-6144 560 -160 ) 
4 1494 1505 (-6784 608 -160 ) (-6784 640 -160 ) (-6144 640 -160 ) (-6144 608 -160 ) 
4 1494 1507 (-6144 0 -160 ) (-6784 0 -160 ) (-6784 560 -160 ) (-6144 560 -160 ) 
4 1494 1498 (-6784 640 -160 ) (-6784 1008 -160 ) (-6144 1008 -160 ) (-6144 640 -160 ) 
4 1494 1495 (-6784 1008 -160 ) (-6784 1024 -160 ) (-6144 1024 -160 ) (-6144 1008 -160 ) 
4 1495 1498 (-6848 1008 -1056 ) (-6144 1008 -1056 ) (-6144 1008 -160 ) (-6848 1008 -160 ) 
4 1495 1497 (-6848 1024 -1056 ) (-6848 1008 -1056 ) (-6848 1008 -176 ) (-6848 1024 -176 ) 
4 1496 1510 (-6960 1008 -160 ) (-6960 1024 -160 ) (-6960 1024 -176 ) (-6960 1008 -176 ) 
3 1496 1504 (-6848 1008 -160 ) (-6960 1008 -160 ) (-6960 1008 -176 ) 
4 1497 1523 (-6960 1024 -672 ) (-6960 1024 -1056 ) (-6960 1008 -1056 ) (-6960 1008 -672 ) 
4 1497 1519 (-6960 1024 -400 ) (-6960 1024 -640 ) (-6960 1008 -640 ) (-6960 1008 -400 ) 
4 1497 1514 (-6960 1024 -192 ) (-6960 1024 -384 ) (-6960 1008 -384 ) (-6960 1008 -192 ) 
4 1497 1500 (-6960 1008 -640 ) (-6960 1008 -960.001953 ) (-6864 1008 -288 ) (-6912 1008 -384 ) 
4 1497 1499 (-6960 1008 -1056 ) (-6848 1008 -1056 ) (-6848 1008 -176 ) (-6960 1008 -960.001953 ) 
4 1498 1505 (-6848 640 -1056 ) (-6144 640 -1056 ) (-6144 640 -160 ) (-6848 640 -160 ) 
4 1498 1502 (-6848 656 -1056 ) (-6848 640 -1056 ) (-6848 640 -176 ) (-6848 656 -176 ) 
4 1498 1501 (-6848 992 -1056 ) (-6848 656 -1056 ) (-6848 656 -176 ) (-6848 992 -176 ) 
4 1498 1499 (-6848 1008 -176 ) (-6848 1008 -1056 ) (-6848 992 -1056 ) (-6848 992 -176 ) 
4 1499 1525 (-6960 1008 -960.001953 ) (-6960 1008 -1056 ) (-6960 992 -1056 ) (-6960 992 -960.001892 ) 
4 1499 1501 (-6848 992 -1056 ) (-6848 992 -175.997070 ) (-6960 992 -960.002014 ) (-6960 992 -1056 ) 
4 1499 1500 (-6960 992 -960.009460 ) (-6863.998535 992 -287.997681 ) (-6863.998535 1008 -287.997620 ) (-6960 1008 -960.006409 ) 
4 1500 1525 (-6960 1008 -672 ) (-6960 1008 -960.001953 ) (-6960 992 -960.001892 ) (-6960 992 -672 ) 
4 1500 1501 (-6960 992 -640 ) (-6960 992 -960.002014 ) (-6864 992 -288 ) (-6912 992 -384 ) 
4 1501 1532 (-6960 992 -1056 ) (-6960 656 -1056 ) (-6960 656 -672 ) (-6960 992 -672 ) 
4 1501 1529 (-6960 656 -640 ) (-6960 656 -400 ) (-6960 992 -400 ) (-6960 992 -640 ) 
4 1501 1526 (-6960 656 -384 ) (-6960 656 -192 ) (-6960 992 -192 ) (-6960 992 -384 ) 
4 1501 1503 (-6960 656 -640 ) (-6960 656 -960.002014 ) (-6864 656 -288 ) (-6912 656 -384 ) 
4 1501 1502 (-6848 656 -1056 ) (-6848 656 -175.997070 ) (-6960 656 -960.002014 ) (-6960 656 -1056 ) 
4 1502 1535 (-6960 656 -1056 ) (-6960 640 -1056 ) (-6960 640 -960.001953 ) (-6960 656 -960.001892 ) 
4 1502 1505 (-6960 640 -1056 ) (-6848 640 -1056 ) (-6848 640 -176 ) (-6960 640 -960.001953 ) 
4 1502 1503 (-6864 656 -288 ) (-6960 656 -960 ) (-6960 640 -960.002625 ) (-6864 640 -288 ) 
4 1503 1535 (-6960 640 -960.001953 ) (-6960 640 -672 ) (-6960 656 -672 ) (-6960 656 -960.001892 ) 
4 1503 1505 (-6960 640 -640 ) (-6960 640 -960.001953 ) (-6864 640 -288 ) (-6912 640 -384 ) 
4 1504 1510 (-6960 640 -160 ) (-6960 1008 -160 ) (-6960 1008 -176 ) (-6960 640 -176 ) 
3 1504 1505 (-6848 640 -160 ) (-6960 640 -160 ) (-6960 640 -176 ) 
4 1505 1533 (-6960 640 -192 ) (-6960 640 -640 ) (-6960 608 -640 ) (-6960 608 -192 ) 
4 1505 1535 (-6960 640 -672 ) (-6960 640 -1056 ) (-6960 608 -1056 ) (-6960 608 -672 ) 
4 1505 1511 (-6960 608 -160 ) (-6960 640 -160 ) (-6960 640 -192 ) (-6960 608 -192 ) 
5 1505 1506 (-6960 608 -1056 ) (-6144 608 -1056 ) (-6144 608 -160 ) (-6784 608 -160 ) (-6960 608 -600 ) 
4 1506 1534 (-6960 608 -600 ) (-6960 608 -640 ) (-6960 560 -640 ) (-6960 560 -600 ) 
4 1506 1535 (-6960 608 -672 ) (-6960 608 -1056 ) (-6960 560 -1056 ) (-6960 560 -672 ) 
5 1506 1507 (-6960 560 -1056 ) (-6144 560 -1056 ) (-6144 560 -160 ) (-6784 560 -160 ) (-6960 560 -600 ) 
4 1507 2455 (-6504 0 -1040 ) (-6912 0 -1040 ) (-6912 0 -1056 ) (-6504 0 -1056 ) 
4 1507 2459 (-6912 0 -1040 ) (-6960 0 -1040 ) (-6960 0 -1056 ) (-6912 0 -1056 ) 
4 1507 2453 (-6168 0 -1040 ) (-6504 0 -1040 ) (-6504 0 -1056 ) (-6168 0 -1056 ) 
4 1507 2451 (-6144 0 -1056 ) (-6144 0 -1040 ) (-6168 0 -1040 ) (-6168 0 -1056 ) 
4 1507 2448 (-6504 0 -672 ) (-6784 0 -672 ) (-6784 0 -1040 ) (-6504 0 -1040 ) 
4 1507 2449 (-6784 0 -672 ) (-6960 0 -672 ) (-6960 0 -1040 ) (-6784 0 -1040 ) 
4 1507 2446 (-6168 0 -672 ) (-6504 0 -672 ) (-6504 0 -1040 ) (-6168 0 -1040 ) 
4 1507 2444 (-6144 0 -1040 ) (-6144 0 -672 ) (-6168 0 -672 ) (-6168 0 -1040 ) 
4 1507 2443 (-6960 0 -640 ) (-6960 0 -672 ) (-6504 0 -672 ) (-6504 0 -640 ) 
4 1507 2442 (-6504 0 -672 ) (-6168 0 -672 ) (-6168 0 -640 ) (-6504 0 -640 ) 
4 1507 2439 (-6168 0 -160 ) (-6504 0 -160 ) (-6504 0 -640 ) (-6168 0 -640 ) 
4 1507 2441 (-6504 0 -160 ) (-6960 0 -160 ) (-6960 0 -640 ) (-6504 0 -640 ) 
4 1507 2437 (-6144 0 -672 ) (-6144 0 -160 ) (-6168 0 -160 ) (-6168 0 -672 ) 
4 1507 1562 (-6960 0 -1056 ) (-6960 0 -872 ) (-6960 560 -872 ) (-6960 560 -1056 ) 
4 1507 1555 (-6960 0 -872 ) (-6960 0 -672 ) (-6960 560 -672 ) (-6960 560 -872 ) 
4 1507 1554 (-6960 0 -640 ) (-6960 0 -160 ) (-6960 560 -160 ) (-6960 560 -640 ) 
4 1508 2460 (-6144 0 -2944 ) (-6144 0 -1248 ) (-6960 0 -1248 ) (-6960 0 -2944 ) 
4 1508 1566 (-6960 0 -2944 ) (-6960 0 -1248 ) (-6960 1024 -1248 ) (-6960 1024 -2944 ) 
4 1509 1567 (-7168 1024 7168 ) (-7168 1024 736 ) (-7168 560 736 ) (-7168 560 7168 ) 
4 1509 1553 (-6960 560 736 ) (-6960 560 7168 ) (-7168 560 7168 ) (-7168 560 736 ) 
4 1510 1511 (-7008 640 -160 ) (-7008 640 -176 ) (-6960 640 -176 ) (-6960 640 -160 ) 
4 1510 1512 (-7008 640 -176 ) (-7008 640 -160 ) (-7008 1024 -160 ) (-7008 1024 -176 ) 
4 1511 1539 (-6992 608 -192 ) (-7008 608 -192 ) (-7008 640 -192 ) (-6992 640 -192 ) 
4 1511 1533 (-6960 640 -192 ) (-6960 608 -192 ) (-6992 608 -192 ) (-6992 640 -192 ) 
4 1511 1513 (-6976 608 -176 ) (-6976 608 -160 ) (-7008 608 -160 ) (-7008 608 -176 ) 
4 1511 1512 (-7008 640 -192 ) (-7008 608 -192 ) (-7008 608 -160 ) (-7008 640 -160 ) 
4 1512 1569 (-7168 1024 -160 ) (-7168 1024 -192 ) (-7168 608 -192 ) (-7168 608 -160 ) 
4 1512 1540 (-7168 608 -192 ) (-7168 656 -192 ) (-7008 656 -192 ) (-7008 608 -192 ) 
4 1512 1538 (-7168 656 -192 ) (-7168 992 -192 ) (-7008 992 -192 ) (-7008 656 -192 ) 
4 1512 1524 (-7168 992 -192 ) (-7168 1008 -192 ) (-7008 1008 -192 ) (-7008 992 -192 ) 
4 1512 1517 (-7168 1008 -192 ) (-7168 1024 -192 ) (-7008 1024 -192 ) (-7008 1008 -192 ) 
4 1512 1513 (-7008 608 -176 ) (-7008 608 -160 ) (-7168 608 -160 ) (-7168 608 -176 ) 
4 1513 1571 (-7168 560 -176 ) (-7168 560 -160 ) (-7168 608 -160 ) (-7168 608 -176 ) 
4 1513 1556 (-6976 560 -160 ) (-7168 560 -160 ) (-7168 560 -176 ) (-6976 560 -176 ) 
4 1514 1516 (-6976 1024 -384 ) (-6976 1008 -384 ) (-6976 1008 -208 ) (-6976 1024 -208 ) 
4 1514 1515 (-6976 1008 -208 ) (-6976 1008 -192 ) (-6976 1024 -192 ) (-6976 1024 -208 ) 
4 1515 1517 (-6992 1008 -208 ) (-6992 1008 -192 ) (-6992 1024 -192 ) (-6992 1024 -208 ) 
4 1515 1516 (-6992 1008 -208 ) (-6992 1024 -208 ) (-6976 1024 -208 ) (-6976 1008 -208 ) 
4 1516 1517 (-6992 1024 -384 ) (-6992 1008 -384 ) (-6992 1008 -208 ) (-6992 1024 -208 ) 
4 1517 1569 (-7168 1024 -192 ) (-7168 1024 -384 ) (-7168 1008 -384 ) (-7168 1008 -192 ) 
4 1517 1524 (-7008 1008 -192 ) (-7168 1008 -192 ) (-7168 1008 -384 ) (-7008 1008 -384 ) 
4 1517 1518 (-7008 1008 -384 ) (-7168 1008 -384 ) (-7168 1024 -384 ) (-7008 1024 -384 ) 
4 1518 1569 (-7168 1024 -384 ) (-7168 1024 -400 ) (-7168 1008 -400 ) (-7168 1008 -384 ) 
4 1518 1524 (-7008 1008 -384 ) (-7168 1008 -384 ) (-7168 1008 -400 ) (-7008 1008 -400 ) 
4 1518 1522 (-7008 1008 -400 ) (-7168 1008 -400 ) (-7168 1024 -400 ) (-7008 1024 -400 ) 
4 1519 1521 (-6976 1024 -640 ) (-6976 1008 -640 ) (-6976 1008 -624 ) (-6976 1024 -624 ) 
4 1519 1520 (-6976 1008 -624 ) (-6976 1008 -400 ) (-6976 1024 -400 ) (-6976 1024 -624 ) 
4 1520 1522 (-6992 1008 -624 ) (-6992 1008 -400 ) (-6992 1024 -400 ) (-6992 1024 -624 ) 
4 1520 1521 (-6992 1008 -624 ) (-6992 1024 -624 ) (-6976 1024 -624 ) (-6976 1008 -624 ) 
4 1521 1522 (-6992 1024 -640 ) (-6992 1008 -640 ) (-6992 1008 -624 ) (-6992 1024 -624 ) 
4 1522 1569 (-7168 1024 -400 ) (-7168 1024 -640 ) (-7168 1008 -640 ) (-7168 1008 -400 ) 
4 1522 1524 (-7008 1008 -400 ) (-7168 1008 -400 ) (-7168 1008 -640 ) (-7008 1008 -640 ) 
4 1523 1593 (-7168 1024 -672 ) (-7168 1024 -1056 ) (-7168 1008 -1056 ) (-7168 1008 -672 ) 
4 1523 1525 (-7168 1008 -1056 ) (-6960 1008 -1056 ) (-6960 1008 -672 ) (-7168 1008 -672 ) 
4 1524 1569 (-7168 992 -640 ) (-7168 992 -192 ) (-7168 1008 -192 ) (-7168 1008 -640 ) 
4 1524 1538 (-7008 992 -192 ) (-7168 992 -192 ) (-7168 992 -640 ) (-7008 992 -640 ) 
4 1525 1593 (-7168 1008 -1056 ) (-7168 992 -1056 ) (-7168 992 -672 ) (-7168 1008 -672 ) 
4 1525 1550 (-7056 992 -1056 ) (-6992 992 -1056 ) (-6992 992 -872 ) (-7056 992 -872 ) 
4 1525 1552 (-7168 992 -1056 ) (-7056 992 -1056 ) (-7056 992 -872 ) (-7168 992 -872 ) 
4 1525 1549 (-6992 992 -872 ) (-6992 992 -672 ) (-7168 992 -672 ) (-7168 992 -872 ) 
4 1525 1532 (-6992 992 -1056 ) (-6960 992 -1056 ) (-6960 992 -672 ) (-6992 992 -672 ) 
4 1526 1528 (-6976 992 -208 ) (-6976 992 -384 ) (-6976 656 -384 ) (-6976 656 -208 ) 
4 1526 1527 (-6976 992 -192 ) (-6976 992 -208 ) (-6976 656 -208 ) (-6976 656 -192 ) 
4 1527 1536 (-6992 992 -192 ) (-6992 992 -208 ) (-6992 656 -208 ) (-6992 656 -192 ) 
4 1527 1528 (-6976 992 -208 ) (-6976 656 -208 ) (-6992 656 -208 ) (-6992 992 -208 ) 
4 1528 1536 (-6992 992 -208 ) (-6992 992 -384 ) (-6992 656 -384 ) (-6992 656 -208 ) 
4 1529 1531 (-6976 992 -640 ) (-6976 656 -640 ) (-6976 656 -624 ) (-6976 992 -624 ) 
4 1529 1530 (-6976 656 -624 ) (-6976 656 -400 ) (-6976 992 -400 ) (-6976 992 -624 ) 
4 1530 1537 (-6992 992 -400 ) (-6992 992 -624 ) (-6992 656 -624 ) (-6992 656 -400 ) 
4 1530 1531 (-6976 992 -624 ) (-6976 656 -624 ) (-6992 656 -624 ) (-6992 992 -624 ) 
4 1531 1537 (-6992 992 -624 ) (-6992 992 -640 ) (-6992 656 -640 ) (-6992 656 -624 ) 
4 1532 1551 (-6992 968 -1056 ) (-6992 656 -1056 ) (-6992 656 -991.818054 ) (-6992 968 -991.818054 ) 
4 1532 1550 (-6992 992 -872 ) (-6992 992 -1056 ) (-6992 968 -1056 ) (-6992 968 -872 ) 
4 1532 1549 (-6992 992 -672 ) (-6992 992 -872 ) (-6992 656 -872 ) (-6992 656 -672 ) 
4 1532 1535 (-6992 656 -672 ) (-6992 656 -1056 ) (-6960 656 -1056 ) (-6960 656 -672 ) 
4 1533 1539 (-6992 608 -192 ) (-6992 640 -192 ) (-6992 640 -640 ) (-6992 608 -640 ) 
3 1533 1534 (-6976 608 -640 ) (-6960 608 -640 ) (-6960 608 -600 ) 
3 1534 1554 (-6960 560 -640 ) (-6960 560 -600 ) (-6976 560 -640 ) 
4 1535 1562 (-6992 560 -1056 ) (-6960 560 -1056 ) (-6960 560 -872 ) (-6992 560 -872 ) 
4 1535 1561 (-6976 560 -672 ) (-6992 560 -672 ) (-6992 560 -872 ) (-6976 560 -872 ) 
4 1535 1555 (-6960 560 -872 ) (-6960 560 -672 ) (-6976 560 -672 ) (-6976 560 -872 ) 
4 1535 1551 (-6992 656 -1056 ) (-6992 560 -1056 ) (-6992 560 -991.818054 ) (-6992 656 -991.818054 ) 
4 1535 1549 (-6992 560 -872 ) (-6992 560 -672 ) (-6992 656 -672 ) (-6992 656 -872 ) 
4 1536 1538 (-7008 992 -192 ) (-7008 992 -384 ) (-7008 656 -384 ) (-7008 656 -192 ) 
4 1537 1538 (-7008 992 -400 ) (-7008 992 -640 ) (-7008 656 -640 ) (-7008 656 -400 ) 
4 1538 1569 (-7168 656 -192 ) (-7168 992 -192 ) (-7168 992 -640 ) (-7168 656 -640 ) 
4 1538 1540 (-7168 656 -640 ) (-7008 656 -640 ) (-7008 656 -192 ) (-7168 656 -192 ) 
4 1539 1548 (-7008 608 -640 ) (-6992 608 -640 ) (-6992 608 -576 ) (-7008 608 -576 ) 
4 1539 1545 (-6992 608 -560 ) (-6992 608 -400 ) (-7008 608 -400 ) (-7008 608 -560 ) 
4 1539 1541 (-6992 608 -384 ) (-6992 608 -192 ) (-7008 608 -192 ) (-7008 608 -384 ) 
4 1539 1540 (-7008 640 -640 ) (-7008 608 -640 ) (-7008 608 -192 ) (-7008 640 -192 ) 
4 1540 1569 (-7168 608 -192 ) (-7168 656 -192 ) (-7168 656 -640 ) (-7168 608 -640 ) 
4 1540 1548 (-7168 608 -640 ) (-7008 608 -640 ) (-7008 608 -576 ) (-7168 608 -576 ) 
4 1540 1545 (-7008 608 -560 ) (-7008 608 -400 ) (-7168 608 -400 ) (-7168 608 -560 ) 
4 1540 1541 (-7008 608 -384 ) (-7008 608 -192 ) (-7168 608 -192 ) (-7168 608 -384 ) 
4 1541 1572 (-7168 592 -192 ) (-7168 608 -192 ) (-7168 608 -384 ) (-7168 592 -384 ) 
4 1541 1543 (-7168 592 -384 ) (-6992 592 -384 ) (-6992 592 -208 ) (-7168 592 -208 ) 
4 1541 1542 (-6992 592 -208 ) (-6992 592 -192 ) (-7168 592 -192 ) (-7168 592 -208 ) 
4 1542 1573 (-7168 576 -192 ) (-7168 592 -192 ) (-7168 592 -208 ) (-7168 576 -208 ) 
4 1542 1544 (-6992 576 -208 ) (-6992 576 -192 ) (-7168 576 -192 ) (-7168 576 -208 ) 
4 1542 1543 (-6992 576 -208 ) (-7168 576 -208 ) (-7168 592 -208 ) (-6992 592 -208 ) 
4 1543 1574 (-7168 592 -208 ) (-7168 592 -384 ) (-7168 576 -384 ) (-7168 576 -208 ) 
4 1543 1544 (-7168 576 -384 ) (-6992 576 -384 ) (-6992 576 -208 ) (-7168 576 -208 ) 
4 1544 1575 (-7168 560 -384 ) (-7168 560 -192 ) (-7168 576 -192 ) (-7168 576 -384 ) 
4 1544 1560 (-6992 560 -384 ) (-6992 560 -192 ) (-7168 560 -192 ) (-7168 560 -384 ) 
4 1545 1576 (-7168 592 -400 ) (-7168 608 -400 ) (-7168 608 -560 ) (-7168 592 -560 ) 
4 1545 1546 (-7168 592 -560 ) (-6992 592 -560 ) (-6992 592 -400 ) (-7168 592 -400 ) 
4 1546 1577 (-7168 576 -400 ) (-7168 592 -400 ) (-7168 592 -560 ) (-7168 576 -560 ) 
4 1546 1547 (-7168 576 -560 ) (-6992 576 -560 ) (-6992 576 -400 ) (-7168 576 -400 ) 
4 1547 1578 (-7168 560 -560 ) (-7168 560 -400 ) (-7168 576 -400 ) (-7168 576 -560 ) 
4 1547 1560 (-6992 560 -560 ) (-6992 560 -400 ) (-7168 560 -400 ) (-7168 560 -560 ) 
4 1548 1579 (-7168 560 -640 ) (-7168 560 -576 ) (-7168 608 -576 ) (-7168 608 -640 ) 
4 1548 1560 (-6992 560 -640 ) (-6992 560 -576 ) (-7168 560 -576 ) (-7168 560 -640 ) 
4 1549 1593 (-7168 560 -872 ) (-7168 560 -672 ) (-7168 992 -672 ) (-7168 992 -872 ) 
4 1549 1561 (-6992 560 -872 ) (-6992 560 -672 ) (-7168 560 -672 ) (-7168 560 -872 ) 
4 1549 1550 (-7056 992 -872 ) (-6992 992 -872 ) (-6992 968 -872 ) (-7056 968 -872 ) 
4 1549 1552 (-7168 992 -872 ) (-7056 992 -872 ) (-7056 560 -872 ) (-7168 560 -872 ) 
4 1550 1551 (-7056 968 -991.818054 ) (-7056 968 -1056 ) (-6992 968 -1056 ) (-6992 968 -991.818054 ) 
4 1550 1552 (-7056 968 -872 ) (-7056 992 -872 ) (-7056 992 -1056 ) (-7056 968 -1056 ) 
4 1551 1563 (-7056 560 -1056 ) (-6992 560 -1056 ) (-6992 560 -991.818054 ) (-7056 560 -991.818054 ) 
4 1551 1552 (-7056 560 -1056 ) (-7056 560 -991.818054 ) (-7056 968 -991.818054 ) (-7056 968 -1056 ) 
4 1552 1593 (-7168 992 -1056 ) (-7168 560 -1056 ) (-7168 560 -872 ) (-7168 992 -872 ) 
4 1552 1565 (-7168 560 -1056 ) (-7056 560 -1056 ) (-7056 560 -872 ) (-7168 560 -872 ) 
4 1553 2435 (-6960 0 736 ) (-6960 0 800 ) (-7168 0 800 ) (-7168 0 736 ) 
4 1553 2434 (-6960 0 800 ) (-6960 0 7168 ) (-7168 0 7168 ) (-7168 0 800 ) 
4 1553 1597 (-7168 0 736 ) (-7168 0 7168 ) (-7168 560 7168 ) (-7168 560 736 ) 
4 1554 2441 (-6960 0 -640 ) (-6960 0 -160 ) (-6976 0 -160 ) (-6976 0 -640 ) 
4 1554 1559 (-6976 512 -384 ) (-6976 560 -640 ) (-6976 514.285706 -640 ) (-6976 464 -288 ) 
5 1554 1558 (-6976 0 -640 ) (-6976 0 -160 ) (-6976 336 -160 ) (-6976 448 -176 ) (-6976 514.285706 -640 ) 
3 1554 1557 (-6976 336 -160 ) (-6976 448 -160 ) (-6976 448 -176 ) 
3 1554 1556 (-6976 448 -160 ) (-6976 560 -160 ) (-6976 560 -176 ) 
4 1555 2449 (-6960 0 -872 ) (-6960 0 -672 ) (-6976 0 -672 ) (-6976 0 -872 ) 
4 1555 1562 (-6976 560 -872 ) (-6960 560 -872 ) (-6960 0 -872 ) (-6976 0 -872 ) 
4 1555 1561 (-6976 560 -872 ) (-6976 0 -872 ) (-6976 0 -672 ) (-6976 560 -672 ) 
3 1556 1598 (-7168 560 -160 ) (-7168 560 -176 ) (-7168 448 -160 ) 
3 1557 1600 (-7168 448 -160 ) (-7168 448 -176 ) (-7168 336 -160 ) 
4 1557 1560 (-6992 336.003601 -160 ) (-7168 336.003571 -160 ) (-7168 448 -176 ) (-6992 448 -176 ) 
4 1557 1558 (-6976 448 -176 ) (-6976 336.003601 -160 ) (-6992 336.003601 -160 ) (-6992 448 -176 ) 
4 1558 2441 (-6976 0 -640 ) (-6976 0 -160 ) (-6992 0 -160 ) (-6992 0 -640 ) 
5 1558 1560 (-6992 0 -160 ) (-6992 335.996094 -160 ) (-6992 448 -176 ) (-6992 514.285706 -640 ) (-6992 0 -640 ) 
4 1558 1559 (-6976 514.286133 -640 ) (-6992 514.286133 -640 ) (-6992 464 -288.001129 ) (-6976 464 -288.001129 ) 
4 1559 1560 (-6992 512 -384 ) (-6992 560 -640 ) (-6992 514.285706 -640 ) (-6992 464 -288 ) 
4 1560 2441 (-7168 0 -160 ) (-7168 0 -640 ) (-6992 0 -640 ) (-6992 0 -160 ) 
5 1560 1601 (-7168 0 -640 ) (-7168 0 -160 ) (-7168 336 -160 ) (-7168 560 -192 ) (-7168 560 -640 ) 
4 1561 2449 (-7168 0 -672 ) (-7168 0 -872 ) (-6976 0 -872 ) (-6976 0 -672 ) 
4 1561 1608 (-7168 0 -872 ) (-7168 0 -672 ) (-7168 560 -672 ) (-7168 560 -872 ) 
4 1561 1564 (-6992 272 -872 ) (-6992 0 -872 ) (-7056 0 -872 ) (-7056 272 -872 ) 
4 1561 1562 (-6992 560 -872 ) (-6976 560 -872 ) (-6976 0 -872 ) (-6992 0 -872 ) 
4 1561 1565 (-7168 0 -872 ) (-7168 560 -872 ) (-7056 560 -872 ) (-7056 0 -872 ) 
4 1562 2459 (-6960 0 -1056 ) (-6960 0 -1040 ) (-6992 0 -1040 ) (-6992 0 -1056 ) 
4 1562 2449 (-6960 0 -1040 ) (-6960 0 -872 ) (-6992 0 -872 ) (-6992 0 -1040 ) 
4 1562 1563 (-6992 560 -991.818054 ) (-6992 560 -1056 ) (-6992 272 -1056 ) (-6992 272 -991.818054 ) 
4 1562 1564 (-6992 0 -872 ) (-6992 272 -872 ) (-6992 272 -1056 ) (-6992 0 -1056 ) 
4 1563 1564 (-7056 272 -991.818054 ) (-7056 272 -1056 ) (-6992 272 -1056 ) (-6992 272 -991.818054 ) 
4 1563 1565 (-7056 560 -991.818054 ) (-7056 560 -1056 ) (-7056 272 -1056 ) (-7056 272 -991.818054 ) 
4 1564 2459 (-7056 0 -1040 ) (-7056 0 -1056 ) (-6992 0 -1056 ) (-6992 0 -1040 ) 
4 1564 2449 (-6992 0 -872 ) (-7056 0 -872 ) (-7056 0 -1040 ) (-6992 0 -1040 ) 
4 1564 1565 (-7056 0 -872 ) (-7056 272 -872 ) (-7056 272 -1056 ) (-7056 0 -1056 ) 
4 1565 2459 (-7168 0 -1040 ) (-7168 0 -1056 ) (-7056 0 -1056 ) (-7056 0 -1040 ) 
4 1565 2449 (-7056 0 -872 ) (-7168 0 -872 ) (-7168 0 -1040 ) (-7056 0 -1040 ) 
4 1565 1608 (-7168 560 -1056 ) (-7168 0 -1056 ) (-7168 0 -872 ) (-7168 560 -872 ) 
4 1566 2460 (-6960 0 -2944 ) (-6960 0 -1248 ) (-7168 0 -1248 ) (-7168 0 -2944 ) 
4 1566 1611 (-7168 560 -2944 ) (-7168 0 -2944 ) (-7168 0 -1376 ) (-7168 560 -1376 ) 
4 1566 1609 (-7168 0 -1376 ) (-7168 0 -1248 ) (-7168 560 -1248 ) (-7168 560 -1376 ) 
4 1566 1594 (-7168 1024 -1248 ) (-7168 1024 -2944 ) (-7168 560 -2944 ) (-7168 560 -1248 ) 
4 1567 1597 (-7168 560 736 ) (-7168 560 7168 ) (-7744 560 7168 ) (-7744 560 736 ) 
4 1567 1568 (-7744 560 736 ) (-7744 560 7168 ) (-7744 1024 7168 ) (-7744 1024 736 ) 
4 1568 1620 (-8192 560 -160 ) (-8192 560 7168 ) (-8192 1024 7168 ) (-8192 1024 -160 ) 
4 1568 1610 (-8192 560 7168 ) (-8192 560 -160 ) (-7744 560 -160 ) (-7744 560 7168 ) 
4 1568 1592 (-7744 560 -160 ) (-8192 560 -160 ) (-8192 608 -160 ) (-7744 608 -160 ) 
4 1568 1570 (-8192 608 -160 ) (-8192 1024 -160 ) (-7744 1024 -160 ) (-7744 608 -160 ) 
4 1569 1591 (-7616 608 -640 ) (-7552 608 -640 ) (-7552 608 -160 ) (-7616 608 -160 ) 
4 1569 1590 (-7536 608 -176 ) (-7536 608 -160 ) (-7552 608 -160 ) (-7552 608 -176 ) 
4 1569 1586 (-7536 608 -640 ) (-7200 608 -640 ) (-7200 608 -400 ) (-7536 608 -400 ) 
4 1569 1582 (-7200 608 -384 ) (-7200 608 -192 ) (-7536 608 -192 ) (-7536 608 -384 ) 
4 1569 1581 (-7200 608 -176 ) (-7200 608 -160 ) (-7536 608 -160 ) (-7536 608 -176 ) 
4 1569 1580 (-7184 608 -176 ) (-7184 608 -160 ) (-7200 608 -160 ) (-7200 608 -176 ) 
4 1569 1579 (-7184 608 -640 ) (-7168 608 -640 ) (-7168 608 -576 ) (-7184 608 -576 ) 
4 1569 1576 (-7168 608 -560 ) (-7168 608 -400 ) (-7184 608 -400 ) (-7184 608 -560 ) 
4 1569 1572 (-7168 608 -384 ) (-7168 608 -192 ) (-7184 608 -192 ) (-7184 608 -384 ) 
4 1569 1571 (-7168 608 -176 ) (-7168 608 -160 ) (-7184 608 -160 ) (-7184 608 -176 ) 
4 1570 1620 (-8192 608 -160 ) (-8192 1024 -160 ) (-8192 1024 -640 ) (-8192 608 -640 ) 
4 1570 1596 (-8192 608 -640 ) (-8192 1024 -640 ) (-7744 1024 -640 ) (-7744 608 -640 ) 
4 1570 1592 (-8192 608 -640 ) (-7744 608 -640 ) (-7744 608 -160 ) (-8192 608 -160 ) 
4 1571 1598 (-7168 560 -176 ) (-7168 560 -160 ) (-7184 560 -160 ) (-7184 560 -176 ) 
4 1571 1580 (-7184 608 -160 ) (-7184 608 -176 ) (-7184 560 -176 ) (-7184 560 -160 ) 
4 1572 1574 (-7184 592 -384 ) (-7168 592 -384 ) (-7168 592 -208 ) (-7184 592 -208 ) 
4 1572 1573 (-7168 592 -208 ) (-7168 592 -192 ) (-7184 592 -192 ) (-7184 592 -208 ) 
4 1573 1575 (-7168 576 -208 ) (-7168 576 -192 ) (-7184 576 -192 ) (-7184 576 -208 ) 
4 1573 1574 (-7168 576 -208 ) (-7184 576 -208 ) (-7184 592 -208 ) (-7168 592 -208 ) 
4 1574 1575 (-7184 576 -384 ) (-7168 576 -384 ) (-7168 576 -208 ) (-7184 576 -208 ) 
4 1575 1601 (-7168 560 -384 ) (-7168 560 -192 ) (-7184 560 -192 ) (-7184 560 -384 ) 
4 1576 1577 (-7184 592 -560 ) (-7168 592 -560 ) (-7168 592 -400 ) (-7184 592 -400 ) 
4 1577 1578 (-7184 576 -560 ) (-7168 576 -560 ) (-7168 576 -400 ) (-7184 576 -400 ) 
4 1578 1601 (-7168 560 -560 ) (-7168 560 -400 ) (-7184 560 -400 ) (-7184 560 -560 ) 
4 1579 1601 (-7184 560 -640 ) (-7168 560 -640 ) (-7168 560 -576 ) (-7184 560 -576 ) 
4 1580 1598 (-7184 560 -176 ) (-7184 560 -160 ) (-7200 560 -160 ) (-7200 560 -176 ) 
4 1580 1581 (-7200 608 -160 ) (-7200 608 -176 ) (-7200 560 -176 ) (-7200 560 -160 ) 
4 1581 1598 (-7200 560 -176 ) (-7200 560 -160 ) (-7536 560 -160 ) (-7536 560 -176 ) 
4 1581 1590 (-7536 608 -160 ) (-7536 608 -176 ) (-7536 560 -176 ) (-7536 560 -160 ) 
4 1582 1584 (-7536 592 -384 ) (-7200 592 -384 ) (-7200 592 -208 ) (-7536 592 -208 ) 
4 1582 1583 (-7200 592 -208 ) (-7200 592 -192 ) (-7536 592 -192 ) (-7536 592 -208 ) 
4 1583 1585 (-7200 576 -208 ) (-7200 576 -192 ) (-7536 576 -192 ) (-7536 576 -208 ) 
4 1583 1584 (-7200 576 -208 ) (-7536 576 -208 ) (-7536 592 -208 ) (-7200 592 -208 ) 
4 1584 1585 (-7536 576 -384 ) (-7200 576 -384 ) (-7200 576 -208 ) (-7536 576 -208 ) 
4 1585 1604 (-7200 560 -384 ) (-7200 560 -192 ) (-7536 560 -192 ) (-7536 560 -384 ) 
4 1586 1588 (-7200 592 -640 ) (-7200 592 -624 ) (-7536 592 -624 ) (-7536 592 -640 ) 
4 1586 1587 (-7200 592 -624 ) (-7200 592 -400 ) (-7536 592 -400 ) (-7536 592 -624 ) 
4 1587 1589 (-7200 576 -624 ) (-7200 576 -400 ) (-7536 576 -400 ) (-7536 576 -624 ) 
4 1587 1588 (-7200 576 -624 ) (-7536 576 -624 ) (-7536 592 -624 ) (-7200 592 -624 ) 
4 1588 1589 (-7200 576 -640 ) (-7200 576 -624 ) (-7536 576 -624 ) (-7536 576 -640 ) 
4 1589 1604 (-7536 560 -640 ) (-7200 560 -640 ) (-7200 560 -400 ) (-7536 560 -400 ) 
4 1590 1598 (-7536 560 -176 ) (-7536 560 -160 ) (-7552 560 -160 ) (-7552 560 -176 ) 
4 1590 1591 (-7552 608 -160 ) (-7552 608 -176 ) (-7552 560 -176 ) (-7552 560 -160 ) 
4 1591 1607 (-7616 560 -640 ) (-7552 560 -640 ) (-7552 560 -192 ) (-7616 560 -192 ) 
4 1591 1599 (-7552 560 -192 ) (-7552 560 -176 ) (-7616 560 -176 ) (-7616 560 -192 ) 
4 1591 1598 (-7552 560 -176 ) (-7552 560 -160 ) (-7616 560 -160 ) (-7616 560 -176 ) 
4 1592 1620 (-8192 560 -640 ) (-8192 560 -160 ) (-8192 608 -160 ) (-8192 608 -640 ) 
4 1592 1610 (-8192 560 -160 ) (-8192 560 -640 ) (-7744 560 -640 ) (-7744 560 -160 ) 
4 1592 1596 (-7744 560 -640 ) (-8192 560 -640 ) (-8192 608 -640 ) (-7744 608 -640 ) 
4 1593 1608 (-7168 560 -1056 ) (-7168 560 -672 ) (-7616 560 -672 ) (-7616 560 -1056 ) 
4 1594 1611 (-7168 560 -2944 ) (-7168 560 -1376 ) (-7616 560 -1376 ) (-7616 560 -2944 ) 
4 1594 1609 (-7168 560 -1376 ) (-7168 560 -1248 ) (-7616 560 -1248 ) (-7616 560 -1376 ) 
4 1594 1595 (-7616 560 -2944 ) (-7616 560 -1376 ) (-7616 1024 -1376 ) (-7616 1024 -2944 ) 
4 1595 1611 (-7744 560 -2944 ) (-7616 560 -2944 ) (-7616 560 -1376 ) (-7744 560 -1376 ) 
4 1595 1596 (-7744 1024 -2944 ) (-7744 560 -2944 ) (-7744 560 -1376 ) (-7744 1024 -1376 ) 
4 1596 1620 (-8192 560 -2944 ) (-8192 560 -640 ) (-8192 1024 -640 ) (-8192 1024 -2944 ) 
4 1596 1611 (-8192 560 -1376 ) (-8192 560 -2944 ) (-7744 560 -2944 ) (-7744 560 -1376 ) 
4 1596 1610 (-8192 560 -640 ) (-8192 560 -1376 ) (-7744 560 -1376 ) (-7744 560 -640 ) 
4 1597 2462 (-7168 0 736 ) (-7168 0 7168 ) (-7744 0 7168 ) (-7744 0 736 ) 
4 1597 1610 (-7744 0 736 ) (-7744 0 7168 ) (-7744 560 7168 ) (-7744 560 736 ) 
4 1598 1599 (-7552 448 -160 ) (-7616 448 -160 ) (-7616 560 -176 ) (-7552 560 -176 ) 
4 1599 1607 (-7616 560 -192 ) (-7552 560 -192 ) (-7552 448 -176 ) (-7616 448 -176 ) 
4 1599 1600 (-7616 448 -160 ) (-7616 448 -176 ) (-7552 448 -176 ) (-7552 448 -160 ) 
4 1600 1607 (-7552 336 -160 ) (-7616 336 -160 ) (-7616 448 -176 ) (-7552 448 -176 ) 
4 1600 1605 (-7536 336 -160 ) (-7552 336 -160 ) (-7552 448 -176 ) (-7536 448 -176 ) 
4 1600 1604 (-7200 336 -160 ) (-7536 336 -160 ) (-7536 448 -176 ) (-7200 448 -176 ) 
4 1600 1602 (-7184 336 -160 ) (-7200 336 -160 ) (-7200 448 -176 ) (-7184 448 -176 ) 
4 1600 1601 (-7168 448 -176 ) (-7168 336 -160 ) (-7184 336 -160 ) (-7184 448 -176 ) 
4 1601 2464 (-7168 0 -640 ) (-7168 0 -160 ) (-7184 0 -160 ) (-7184 0 -640 ) 
4 1601 1603 (-7184 560 -640 ) (-7184 514.285706 -640 ) (-7184 464 -288 ) (-7184 512 -384 ) 
5 1601 1602 (-7184 514.285706 -640 ) (-7184 0 -640 ) (-7184 0 -160 ) (-7184 336 -160 ) (-7184 448 -176 ) 
4 1602 2464 (-7200 0 -160 ) (-7200 0 -640 ) (-7184 0 -640 ) (-7184 0 -160 ) 
5 1602 1604 (-7200 0 -640 ) (-7200 0 -160 ) (-7200 336.003418 -160 ) (-7200 448 -176 ) (-7200 514.285706 -640 ) 
4 1602 1603 (-7184 464 -288 ) (-7184 514.285828 -640 ) (-7200 514.285828 -640 ) (-7200 464 -288 ) 
4 1603 1604 (-7200 512 -384 ) (-7200 560 -640 ) (-7200 514.285706 -640 ) (-7200 464 -288 ) 
4 1604 2464 (-7200 0 -640 ) (-7200 0 -160 ) (-7536 0 -160 ) (-7536 0 -640 ) 
4 1604 1606 (-7536 512 -384 ) (-7536 560 -640 ) (-7536 514.285706 -640 ) (-7536 464 -288 ) 
5 1604 1605 (-7536 0 -640 ) (-7536 0 -160 ) (-7536 335.996094 -160 ) (-7536 448 -176 ) (-7536 514.285706 -640 ) 
4 1605 2464 (-7536 0 -640 ) (-7536 0 -160 ) (-7552 0 -160 ) (-7552 0 -640 ) 
5 1605 1607 (-7552 0 -640 ) (-7552 0 -160 ) (-7552 335.996094 -160 ) (-7552 448 -176 ) (-7552 514.285706 -640 ) 
4 1605 1606 (-7536 514.286133 -640 ) (-7552 514.286133 -640 ) (-7552 464 -288.001129 ) (-7536 464 -288.001221 ) 
4 1606 1607 (-7552 512 -384 ) (-7552 560 -640 ) (-7552 514.285706 -640 ) (-7552 464 -288 ) 
4 1607 2464 (-7616 0 -160 ) (-7616 0 -640 ) (-7552 0 -640 ) (-7552 0 -160 ) 
4 1608 2465 (-7168 0 -1056 ) (-7168 0 -672 ) (-7616 0 -672 ) (-7616 0 -1056 ) 
4 1609 2466 (-7168 0 -1376 ) (-7168 0 -1248 ) (-7616 0 -1248 ) (-7616 0 -1376 ) 
4 1609 1611 (-7616 560 -1376 ) (-7168 560 -1376 ) (-7168 0 -1376 ) (-7616 0 -1376 ) 
4 1610 2468 (-8192 0 -160 ) (-8192 0 -1376 ) (-7744 0 -1376 ) (-7744 0 -160 ) 
4 1610 2463 (-8192 0 736 ) (-8192 0 -160 ) (-7744 0 -160 ) (-7744 0 736 ) 
4 1610 2462 (-7744 0 7168 ) (-8192 0 7168 ) (-8192 0 736 ) (-7744 0 736 ) 
4 1610 1620 (-8192 0 -1376 ) (-8192 0 7168 ) (-8192 560 7168 ) (-8192 560 -1376 ) 
4 1610 1611 (-8192 0 -1376 ) (-8192 560 -1376 ) (-7744 560 -1376 ) (-7744 0 -1376 ) 
4 1611 2467 (-7616 0 -1376 ) (-7744 0 -1376 ) (-7744 0 -2944 ) (-7616 0 -2944 ) 
4 1611 2468 (-7744 0 -1376 ) (-8192 0 -1376 ) (-8192 0 -2944 ) (-7744 0 -2944 ) 
4 1611 2466 (-7168 0 -2944 ) (-7168 0 -1376 ) (-7616 0 -1376 ) (-7616 0 -2944 ) 
4 1611 1620 (-8192 0 -2944 ) (-8192 0 -1376 ) (-8192 560 -1376 ) (-8192 560 -2944 ) 
4 1612 1613 (-8192 8192 -2944 ) (-8192 8192 7168 ) (-8896 8192 7168 ) (-8896 8192 -2944 ) 
4 1613 1614 (-8192 7168 -2944 ) (-8192 7168 7168 ) (-8896 7168 7168 ) (-8896 7168 -2944 ) 
4 1614 1615 (-8192 6144 -2944 ) (-8192 6144 7168 ) (-8896 6144 7168 ) (-8896 6144 -2944 ) 
4 1615 1616 (-8192 5120 -2944 ) (-8192 5120 7168 ) (-8896 5120 7168 ) (-8896 5120 -2944 ) 
4 1616 1617 (-8192 4096 -2944 ) (-8192 4096 7168 ) (-8896 4096 7168 ) (-8896 4096 -2944 ) 
4 1617 1618 (-8192 3072 -2944 ) (-8192 3072 7168 ) (-8896 3072 7168 ) (-8896 3072 -2944 ) 
4 1618 1619 (-8192 2048 -2944 ) (-8192 2048 7168 ) (-8896 2048 7168 ) (-8896 2048 -2944 ) 
4 1619 1620 (-8192 1024 -2944 ) (-8192 1024 7168 ) (-8896 1024 7168 ) (-8896 1024 -2944 ) 
4 1620 2538 (-8192 0 -2944 ) (-8192 0 7168 ) (-8896 0 7168 ) (-8896 0 -2944 ) 
4 1621 1625 (13312 0 7168 ) (13312 0 -2944 ) (13312 -1024 -2944 ) (13312 -1024 7168 ) 
4 1621 1622 (14336 -1024 -2944 ) (14336 -1024 7168 ) (13312 -1024 7168 ) (13312 -1024 -2944 ) 
4 1622 1627 (13312 -2048 -2944 ) (13312 -2048 7168 ) (13312 -1024 7168 ) (13312 -1024 -2944 ) 
4 1622 1623 (14336 -2048 -2944 ) (14336 -2048 7168 ) (13312 -2048 7168 ) (13312 -2048 -2944 ) 
4 1623 1633 (13312 -3072 -2944 ) (13312 -3072 7168 ) (13312 -2048 7168 ) (13312 -2048 -2944 ) 
4 1623 1624 (14336 -3072 -2944 ) (14336 -3072 7168 ) (13312 -3072 7168 ) (13312 -3072 -2944 ) 
4 1624 1652 (14336 -4096 -2944 ) (14336 -4096 7168 ) (13312 -4096 7168 ) (13312 -4096 -2944 ) 
4 1624 1635 (13312 -4096 -2944 ) (13312 -4096 7168 ) (13312 -3072 7168 ) (13312 -3072 -2944 ) 
4 1625 1627 (13312 -1024 -2944 ) (13312 -1024 7168 ) (12288 -1024 7168 ) (12288 -1024 -2944 ) 
4 1625 1626 (12288 0 7168 ) (12288 0 -2944 ) (12288 -1024 -2944 ) (12288 -1024 7168 ) 
4 1626 1629 (11264 0 7168 ) (11264 0 -2944 ) (11264 -1024 -2944 ) (11264 -1024 7168 ) 
4 1626 1628 (12288 -1024 -2944 ) (12288 -1024 7168 ) (11264 -1024 7168 ) (11264 -1024 -2944 ) 
4 1627 1633 (13312 -2048 -2944 ) (13312 -2048 7168 ) (12288 -2048 7168 ) (12288 -2048 -2944 ) 
4 1627 1628 (12288 -1024 7168 ) (12288 -1024 -2944 ) (12288 -2048 -2944 ) (12288 -2048 7168 ) 
4 1628 1634 (12288 -2048 -2944 ) (12288 -2048 7168 ) (11264 -2048 7168 ) (11264 -2048 -2944 ) 
4 1628 1631 (11264 -2048 -2944 ) (11264 -2048 7168 ) (11264 -1024 7168 ) (11264 -1024 -2944 ) 
4 1629 1631 (11264 -1024 -2944 ) (11264 -1024 7168 ) (10240 -1024 7168 ) (10240 -1024 -2944 ) 
4 1629 1630 (10240 0 7168 ) (10240 0 -2944 ) (10240 -1024 -2944 ) (10240 -1024 7168 ) 
4 1630 1726 (9216 0 7168 ) (9216 0 -2944 ) (9216 -1024 -2944 ) (9216 -1024 7168 ) 
4 1630 1632 (10240 -1024 -2944 ) (10240 -1024 7168 ) (9216 -1024 7168 ) (9216 -1024 -2944 ) 
4 1631 1637 (11264 -2048 -2944 ) (11264 -2048 7168 ) (10240 -2048 7168 ) (10240 -2048 -2944 ) 
4 1631 1632 (10240 -1024 7168 ) (10240 -1024 -2944 ) (10240 -2048 -2944 ) (10240 -2048 7168 ) 
4 1632 1731 (9216 -2048 -2944 ) (9216 -2048 7168 ) (9216 -1024 7168 ) (9216 -1024 -2944 ) 
4 1632 1638 (10240 -2048 -2944 ) (10240 -2048 7168 ) (9216 -2048 7168 ) (9216 -2048 -2944 ) 
4 1633 1635 (13312 -3072 -2944 ) (13312 -3072 7168 ) (12288 -3072 7168 ) (12288 -3072 -2944 ) 
4 1633 1634 (12288 -2048 7168 ) (12288 -2048 -2944 ) (12288 -3072 -2944 ) (12288 -3072 7168 ) 
4 1634 1637 (11264 -2048 7168 ) (11264 -2048 -2944 ) (11264 -3072 -2944 ) (11264 -3072 7168 ) 
4 1634 1636 (12288 -3072 -2944 ) (12288 -3072 7168 ) (11264 -3072 7168 ) (11264 -3072 -2944 ) 
4 1635 1656 (13312 -4096 -2944 ) (13312 -4096 7168 ) (12288 -4096 7168 ) (12288 -4096 -2944 ) 
4 1635 1636 (12288 -3072 7168 ) (12288 -3072 -2944 ) (12288 -4096 -2944 ) (12288 -4096 7168 ) 
4 1636 1657 (12288 -4096 -2944 ) (12288 -4096 7168 ) (11264 -4096 7168 ) (11264 -4096 -2944 ) 
4 1636 1639 (11264 -4096 -2944 ) (11264 -4096 7168 ) (11264 -3072 7168 ) (11264 -3072 -2944 ) 
4 1637 1639 (11264 -3072 -2944 ) (11264 -3072 7168 ) (10240 -3072 7168 ) (10240 -3072 -2944 ) 
4 1637 1638 (10240 -2048 7168 ) (10240 -2048 -2944 ) (10240 -3072 -2944 ) (10240 -3072 7168 ) 
4 1638 1744 (9216 -3072 -2944 ) (9216 -3072 7168 ) (9216 -2048 7168 ) (9216 -2048 -2944 ) 
4 1638 1642 (9216 -3072 4928 ) (9216 -3072 -2944 ) (9536 -3072 -2944 ) (9536 -3072 4928 ) 
4 1638 1641 (9536 -3072 7168 ) (9216 -3072 7168 ) (9216 -3072 5120 ) (9536 -3072 5120 ) 
4 1638 1640 (10240 -3072 -2944 ) (10240 -3072 7168 ) (9536 -3072 7168 ) (9536 -3072 -2944 ) 
4 1639 1660 (11264 -4096 -2944 ) (11264 -4096 7168 ) (10240 -4096 7168 ) (10240 -4096 -2944 ) 
4 1639 1640 (10240 -3072 7168 ) (10240 -3072 -2944 ) (10240 -4096 -2944 ) (10240 -4096 7168 ) 
4 1640 1661 (10240 -4096 -2944 ) (10240 -4096 7168 ) (9536 -4096 7168 ) (9536 -4096 -2944 ) 
4 1640 1651 (9536 -4096 -2944 ) (9536 -4096 3456 ) (9536 -3904 3456 ) (9536 -3904 -2944 ) 
4 1640 1646 (9536 -4096 4160 ) (9536 -4096 4864 ) (9536 -4032 4864 ) (9536 -4032 4160 ) 
4 1640 1643 (9536 -3520 3456 ) (9536 -3520 -2944 ) (9536 -3904 -2944 ) (9536 -3904 3456 ) 
4 1640 1642 (9536 -3520 4928 ) (9536 -3072 4928 ) (9536 -3072 -2944 ) (9536 -3520 -2944 ) 
4 1640 1641 (9536 -4096 5120 ) (9536 -4096 7168 ) (9536 -3072 7168 ) (9536 -3072 5120 ) 
4 1641 1746 (9216 -4096 5120 ) (9216 -4096 7168 ) (9216 -3072 7168 ) (9216 -3072 5120 ) 
4 1641 1662 (9536 -4096 5120 ) (9536 -4096 7168 ) (9216 -4096 7168 ) (9216 -4096 5120 ) 
4 1642 1752 (9216 -3072 3456 ) (9216 -3072 -2944 ) (9216 -3520 -2944 ) (9216 -3520 3456 ) 
4 1642 1747 (9216 -3520 4928 ) (9216 -3072 4928 ) (9216 -3072 3456 ) (9216 -3520 3456 ) 
4 1642 1643 (9216 -3520 -2944 ) (9536 -3520 -2944 ) (9536 -3520 3456 ) (9216 -3520 3456 ) 
4 1643 1752 (9216 -3904 -2944 ) (9216 -3904 3456 ) (9216 -3520 3456 ) (9216 -3520 -2944 ) 
4 1643 1651 (9536 -3904 -2944 ) (9536 -3904 3456 ) (9216 -3904 3456 ) (9216 -3904 -2944 ) 
4 1644 1751 (9216 -4096 4864 ) (9216 -4096 4928 ) (9216 -3904 4928 ) (9216 -3904 4864 ) 
4 1644 1663 (9504 -4096 4928 ) (9216 -4096 4928 ) (9216 -4096 4864 ) (9504 -4096 4864 ) 
4 1644 1648 (9504 -4032 4864 ) (9504 -4096 4864 ) (9216 -4096 4864 ) (9216 -4032 4864 ) 
4 1644 1645 (9216 -3904 4864 ) (9504 -3904 4864 ) (9504 -4032 4864 ) (9216 -4032 4864 ) 
4 1645 1751 (9216 -4032 4864 ) (9216 -3904 4864 ) (9216 -3904 4160 ) (9216 -4032 4160 ) 
4 1645 1649 (9216 -4032 4160 ) (9216 -3904 4160 ) (9504 -3904 4160 ) (9504 -4032 4160 ) 
4 1645 1648 (9216 -4032 4160 ) (9504 -4032 4160 ) (9504 -4032 4864 ) (9216 -4032 4864 ) 
4 1646 1664 (9536 -4096 4160 ) (9536 -4096 4864 ) (9528 -4096 4864 ) (9528 -4096 4160 ) 
4 1646 1647 (9528 -4032 4864 ) (9528 -4032 4160 ) (9528 -4096 4160 ) (9528 -4096 4864 ) 
4 1647 1665 (9528 -4096 4864 ) (9512 -4096 4864 ) (9512 -4096 4160 ) (9528 -4096 4160 ) 
4 1647 1648 (9512 -4032 4864 ) (9512 -4032 4160 ) (9512 -4096 4160 ) (9512 -4096 4864 ) 
4 1648 1751 (9216 -4096 4160 ) (9216 -4096 4864 ) (9216 -4032 4864 ) (9216 -4032 4160 ) 
4 1648 1666 (9512 -4096 4864 ) (9216 -4096 4864 ) (9216 -4096 4160 ) (9512 -4096 4160 ) 
4 1648 1649 (9216 -4096 4160 ) (9216 -4032 4160 ) (9504 -4032 4160 ) (9504 -4096 4160 ) 
4 1649 1751 (9216 -4096 4032 ) (9216 -4096 4160 ) (9216 -3904 4160 ) (9216 -3904 4032 ) 
4 1649 1668 (9504 -4096 4160 ) (9216 -4096 4160 ) (9216 -4096 4032 ) (9504 -4096 4032 ) 
4 1649 1650 (9216 -4096 4032 ) (9216 -3904 4032 ) (9280 -3904 4032 ) (9280 -4096 4032 ) 
4 1650 1751 (9216 -4096 3904 ) (9216 -4096 4032 ) (9216 -3904 4032 ) (9216 -3904 3904 ) 
4 1650 1669 (9280 -4096 4032 ) (9216 -4096 4032 ) (9216 -4096 3904 ) (9280 -4096 3904 ) 
4 1651 1752 (9216 -4096 -2944 ) (9216 -4096 3456 ) (9216 -3904 3456 ) (9216 -3904 -2944 ) 
4 1651 1670 (9536 -4096 -2944 ) (9536 -4096 3456 ) (9216 -4096 3456 ) (9216 -4096 -2944 ) 
4 1652 1656 (13312 -4096 7168 ) (13312 -4096 -2944 ) (13312 -5120 -2944 ) (13312 -5120 7168 ) 
4 1652 1653 (14336 -5120 -2944 ) (14336 -5120 7168 ) (13312 -5120 7168 ) (13312 -5120 -2944 ) 
4 1653 1658 (13312 -6144 -2944 ) (13312 -6144 7168 ) (13312 -5120 7168 ) (13312 -5120 -2944 ) 
4 1653 1654 (14336 -6144 -2944 ) (14336 -6144 7168 ) (13312 -6144 7168 ) (13312 -6144 -2944 ) 
4 1654 1692 (13312 -7168 -2944 ) (13312 -7168 7168 ) (13312 -6144 7168 ) (13312 -6144 -2944 ) 
4 1654 1655 (14336 -7168 -2944 ) (14336 -7168 7168 ) (13312 -7168 7168 ) (13312 -7168 -2944 ) 
4 1655 2295 (14336 -8192 -2944 ) (14336 -8192 7168 ) (13312 -8192 7168 ) (13312 -8192 -2944 ) 
4 1655 1694 (13312 -8192 -2944 ) (13312 -8192 7168 ) (13312 -7168 7168 ) (13312 -7168 -2944 ) 
4 1656 1658 (13312 -5120 -2944 ) (13312 -5120 7168 ) (12288 -5120 7168 ) (12288 -5120 -2944 ) 
4 1656 1657 (12288 -4096 7168 ) (12288 -4096 -2944 ) (12288 -5120 -2944 ) (12288 -5120 7168 ) 
4 1657 1660 (11264 -4096 7168 ) (11264 -4096 -2944 ) (11264 -5120 -2944 ) (11264 -5120 7168 ) 
4 1657 1659 (12288 -5120 -2944 ) (12288 -5120 7168 ) (11264 -5120 7168 ) (11264 -5120 -2944 ) 
4 1658 1692 (13312 -6144 -2944 ) (13312 -6144 7168 ) (12288 -6144 7168 ) (12288 -6144 -2944 ) 
4 1658 1659 (12288 -5120 7168 ) (12288 -5120 -2944 ) (12288 -6144 -2944 ) (12288 -6144 7168 ) 
4 1659 1693 (12288 -6144 -2944 ) (12288 -6144 7168 ) (11264 -6144 7168 ) (11264 -6144 -2944 ) 
4 1659 1675 (11264 -6144 -2944 ) (11264 -6144 640 ) (11264 -5120 640 ) (11264 -5120 -2944 ) 
4 1659 1673 (11264 -6144 640 ) (11264 -6144 5120 ) (11264 -5120 5120 ) (11264 -5120 640 ) 
4 1659 1672 (11264 -6144 5120 ) (11264 -6144 7168 ) (11264 -5120 7168 ) (11264 -5120 5120 ) 
4 1660 1676 (10752 -5120 5120 ) (10240 -5120 5120 ) (10240 -5120 -2944 ) (10752 -5120 -2944 ) 
4 1660 1675 (11264 -5120 -2944 ) (11264 -5120 640 ) (10752 -5120 640 ) (10752 -5120 -2944 ) 
4 1660 1674 (10880 -5120 5120 ) (10752 -5120 5120 ) (10752 -5120 640 ) (10880 -5120 640 ) 
4 1660 1673 (11264 -5120 640 ) (11264 -5120 5120 ) (10880 -5120 5120 ) (10880 -5120 640 ) 
4 1660 1672 (11264 -5120 5120 ) (11264 -5120 7168 ) (10240 -5120 7168 ) (10240 -5120 5120 ) 
4 1660 1661 (10240 -4096 7168 ) (10240 -4096 -2944 ) (10240 -5120 -2944 ) (10240 -5120 7168 ) 
4 1661 1691 (10240 -5120 -2944 ) (10240 -5120 3456 ) (9536 -5120 3456 ) (9536 -5120 -2944 ) 
4 1661 1687 (10240 -5120 3456 ) (10240 -5120 5120 ) (9536 -5120 5120 ) (9536 -5120 3456 ) 
4 1661 1686 (10240 -5120 5120 ) (10240 -5120 7168 ) (9536 -5120 7168 ) (9536 -5120 5120 ) 
4 1661 1671 (9536 -5120 -2944 ) (9536 -5120 3456 ) (9536 -4544 3456 ) (9536 -4544 -2944 ) 
4 1661 1670 (9536 -4096 3456 ) (9536 -4096 -2944 ) (9536 -4544 -2944 ) (9536 -4544 3456 ) 
4 1661 1664 (9536 -4096 4864 ) (9536 -4096 4160 ) (9536 -4416 4160 ) (9536 -4416 4864 ) 
4 1661 1662 (9536 -5120 5120 ) (9536 -5120 7168 ) (9536 -4096 7168 ) (9536 -4096 5120 ) 
4 1662 1784 (9216 -5120 5120 ) (9216 -5120 7168 ) (9216 -4096 7168 ) (9216 -4096 5120 ) 
4 1662 1686 (9536 -5120 5120 ) (9536 -5120 7168 ) (9216 -5120 7168 ) (9216 -5120 5120 ) 
4 1663 1785 (9216 -4544 4928 ) (9216 -4096 4928 ) (9216 -4096 4864 ) (9216 -4544 4864 ) 
4 1663 1667 (9504 -4544 4864 ) (9216 -4544 4864 ) (9216 -4416 4864 ) (9504 -4416 4864 ) 
4 1663 1666 (9216 -4416 4864 ) (9216 -4096 4864 ) (9504 -4096 4864 ) (9504 -4416 4864 ) 
4 1664 1665 (9528 -4096 4160 ) (9528 -4416 4160 ) (9528 -4416 4864 ) (9528 -4096 4864 ) 
4 1665 1666 (9512 -4096 4160 ) (9512 -4416 4160 ) (9512 -4416 4864 ) (9512 -4096 4864 ) 
4 1666 1785 (9216 -4096 4864 ) (9216 -4096 4160 ) (9216 -4416 4160 ) (9216 -4416 4864 ) 
4 1666 1668 (9216 -4416 4160 ) (9216 -4096 4160 ) (9504 -4096 4160 ) (9504 -4416 4160 ) 
4 1666 1667 (9216 -4416 4160 ) (9504 -4416 4160 ) (9504 -4416 4864 ) (9216 -4416 4864 ) 
4 1667 1785 (9216 -4416 4160 ) (9216 -4544 4160 ) (9216 -4544 4864 ) (9216 -4416 4864 ) 
4 1667 1668 (9216 -4544 4160 ) (9216 -4416 4160 ) (9504 -4416 4160 ) (9504 -4544 4160 ) 
4 1668 1785 (9216 -4544 4032 ) (9216 -4544 4160 ) (9216 -4096 4160 ) (9216 -4096 4032 ) 
4 1668 1669 (9280 -4544 4032 ) (9216 -4544 4032 ) (9216 -4096 4032 ) (9280 -4096 4032 ) 
4 1669 1785 (9216 -4544 3904 ) (9216 -4544 4032 ) (9216 -4096 4032 ) (9216 -4096 3904 ) 
4 1670 1786 (9216 -4544 -2944 ) (9216 -4544 3456 ) (9216 -4096 3456 ) (9216 -4096 -2944 ) 
4 1670 1671 (9536 -4544 -2944 ) (9536 -4544 3456 ) (9216 -4544 3456 ) (9216 -4544 -2944 ) 
4 1671 1787 (9216 -5120 -2944 ) (9216 -5120 3456 ) (9216 -4544 3456 ) (9216 -4544 -2944 ) 
4 1671 1691 (9536 -5120 -2944 ) (9536 -5120 3456 ) (9216 -5120 3456 ) (9216 -5120 -2944 ) 
4 1672 1696 (11264 -6144 5120 ) (11264 -6144 7168 ) (10240 -6144 7168 ) (10240 -6144 5120 ) 
4 1672 1686 (10240 -5120 7168 ) (10240 -5120 5120 ) (10240 -6144 5120 ) (10240 -6144 7168 ) 
4 1672 1676 (10240 -5120 5120 ) (10752 -5120 5120 ) (10752 -5440 5120 ) (10240 -5440 5120 ) 
4 1672 1674 (10752 -5120 5120 ) (10880 -5120 5120 ) (10880 -5440 5120 ) (10752 -5440 5120 ) 
4 1672 1673 (10880 -5120 5120 ) (11264 -5120 5120 ) (11264 -6144 5120 ) (10880 -6144 5120 ) 
4 1673 1697 (11264 -6144 640 ) (11264 -6144 5120 ) (10880 -6144 5120 ) (10880 -6144 640 ) 
4 1673 1675 (10880 -5120 640 ) (11264 -5120 640 ) (11264 -6144 640 ) (10880 -6144 640 ) 
4 1673 1674 (10880 -5120 640 ) (10880 -5440 640 ) (10880 -5440 5120 ) (10880 -5120 5120 ) 
4 1674 1676 (10752 -5440 5120 ) (10752 -5120 5120 ) (10752 -5120 640 ) (10752 -5440 640 ) 
4 1674 1675 (10752 -5440 640 ) (10752 -5120 640 ) (10880 -5120 640 ) (10880 -5440 640 ) 
4 1675 1699 (11264 -6144 -2944 ) (11264 -6144 640 ) (10752 -6144 640 ) (10752 -6144 -2944 ) 
4 1675 1685 (10752 -5760 -2944 ) (10752 -6144 -2944 ) (10752 -6144 640 ) (10752 -5760 640 ) 
4 1675 1677 (10752 -5440 -2944 ) (10752 -5760 -2944 ) (10752 -5760 640 ) (10752 -5440 640 ) 
4 1675 1676 (10752 -5120 640 ) (10752 -5120 -2944 ) (10752 -5440 -2944 ) (10752 -5440 640 ) 
4 1676 1691 (10240 -5120 3456 ) (10240 -5120 -2944 ) (10240 -5440 -2944 ) (10240 -5440 3456 ) 
4 1676 1687 (10240 -5120 5120 ) (10240 -5120 3456 ) (10240 -5440 3456 ) (10240 -5440 5120 ) 
4 1676 1677 (10240 -5440 -2944 ) (10752 -5440 -2944 ) (10752 -5440 3456 ) (10240 -5440 3456 ) 
4 1677 1691 (10240 -5440 -2944 ) (10240 -5760 -2944 ) (10240 -5760 3456 ) (10240 -5440 3456 ) 
4 1677 1685 (10752 -5760 -2944 ) (10752 -5760 3456 ) (10240 -5760 3456 ) (10240 -5760 -2944 ) 
4 1678 1700 (10752 -6144 4064 ) (10752 -6144 4480 ) (10688 -6144 4480 ) (10688 -6144 4064 ) 
4 1678 1683 (10688 -5760 4064 ) (10752 -5760 4064 ) (10752 -6144 4064 ) (10688 -6144 4064 ) 
4 1678 1680 (10688 -6128 4080 ) (10688 -6128 4480 ) (10688 -5920 4480 ) (10688 -5920 4080 ) 
4 1678 1679 (10688 -5760 4064 ) (10688 -5920 4064 ) (10688 -5920 4480 ) (10688 -5760 4480 ) 
4 1678 1681 (10688 -6128 4064 ) (10688 -6144 4064 ) (10688 -6144 4480 ) (10688 -6128 4480 ) 
4 1679 1684 (10480 -5760 4064 ) (10624 -5760 4064 ) (10624 -5920 4064 ) (10480 -5920 4064 ) 
4 1679 1683 (10624 -5760 4064 ) (10688 -5760 4064 ) (10688 -5920 4064 ) (10624 -5920 4064 ) 
4 1679 1680 (10480 -5920 4480 ) (10480 -5920 4080 ) (10688 -5920 4080 ) (10688 -5920 4480 ) 
4 1679 1682 (10480 -5760 4064 ) (10480 -5920 4064 ) (10480 -5920 4480 ) (10480 -5760 4480 ) 
4 1680 1682 (10480 -6128 4080 ) (10480 -6128 4480 ) (10480 -5920 4480 ) (10480 -5920 4080 ) 
4 1680 1681 (10480 -6128 4480 ) (10480 -6128 4080 ) (10688 -6128 4080 ) (10688 -6128 4480 ) 
4 1681 1700 (10688 -6144 4480 ) (10480 -6144 4480 ) (10480 -6144 4064 ) (10688 -6144 4064 ) 
4 1681 1684 (10624 -6144 4064 ) (10480 -6144 4064 ) (10480 -6128 4064 ) (10624 -6128 4064 ) 
4 1681 1683 (10688 -6128 4064 ) (10688 -6144 4064 ) (10624 -6144 4064 ) (10624 -6128 4064 ) 
4 1681 1682 (10480 -6128 4064 ) (10480 -6144 4064 ) (10480 -6144 4480 ) (10480 -6128 4480 ) 
4 1682 1700 (10480 -6144 4480 ) (10240 -6144 4480 ) (10240 -6144 4064 ) (10480 -6144 4064 ) 
4 1682 1688 (10240 -6144 4064 ) (10240 -6144 4480 ) (10240 -5760 4480 ) (10240 -5760 4064 ) 
4 1682 1684 (10240 -6144 4064 ) (10240 -5760 4064 ) (10480 -5760 4064 ) (10480 -6144 4064 ) 
4 1683 1701 (10752 -6144 3456 ) (10752 -6144 4032 ) (10624 -6144 4032 ) (10624 -6144 3456 ) 
4 1683 1700 (10752 -6144 4032 ) (10752 -6144 4064 ) (10624 -6144 4064 ) (10624 -6144 4032 ) 
4 1683 1685 (10624 -5760 3456 ) (10752 -5760 3456 ) (10752 -6144 3456 ) (10624 -6144 3456 ) 
4 1683 1684 (10624 -6144 4032 ) (10624 -6144 4064 ) (10624 -5760 4064 ) (10624 -5760 4032 ) 
4 1684 1700 (10624 -6144 4064 ) (10240 -6144 4064 ) (10240 -6144 4032 ) (10624 -6144 4032 ) 
4 1684 1688 (10240 -6144 4032 ) (10240 -6144 4064 ) (10240 -5760 4064 ) (10240 -5760 4032 ) 
4 1685 1702 (10624 -6144 3456 ) (10240 -6144 3456 ) (10240 -6144 -2944 ) (10624 -6144 -2944 ) 
4 1685 1701 (10752 -6144 -2944 ) (10752 -6144 3456 ) (10624 -6144 3456 ) (10624 -6144 -2944 ) 
4 1685 1691 (10240 -6144 -2944 ) (10240 -6144 3456 ) (10240 -5760 3456 ) (10240 -5760 -2944 ) 
4 1686 1812 (9216 -6144 5120 ) (9216 -6144 7168 ) (9216 -5120 7168 ) (9216 -5120 5120 ) 
4 1686 1713 (9472 -6144 7168 ) (9216 -6144 7168 ) (9216 -6144 5120 ) (9472 -6144 5120 ) 
4 1686 1705 (10240 -6144 5120 ) (10240 -6144 7168 ) (9472 -6144 7168 ) (9472 -6144 5120 ) 
4 1686 1687 (9536 -5120 5120 ) (10240 -5120 5120 ) (10240 -5440 5120 ) (9536 -5440 5120 ) 
4 1687 1691 (10240 -5120 3456 ) (10240 -5440 3456 ) (9536 -5440 3456 ) (9536 -5120 3456 ) 
5 1688 1707 (10240 -6144 4032 ) (10240 -6144 4224 ) (9536 -6144 4224 ) (9536 -6144 3904 ) (9856 -6144 3904 ) 
4 1688 1706 (10240 -6144 4224 ) (10240 -6144 4480 ) (9536 -6144 4480 ) (9536 -6144 4224 ) 
4 1688 1689 (9536 -5888 3904 ) (9536 -6144 3904 ) (9536 -6144 4224 ) (9536 -5888 4224 ) 
4 1689 1690 (9472 -6144 3904 ) (9472 -6144 4224 ) (9472 -5888 4224 ) (9472 -5888 3904 ) 
4 1690 1816 (9216 -6144 3904 ) (9216 -6144 4928 ) (9216 -5440 4928 ) (9216 -5440 3904 ) 
4 1690 1714 (9216 -6144 4928 ) (9216 -6144 3904 ) (9472 -6144 3904 ) (9472 -6144 4928 ) 
4 1691 1817 (9216 -6144 -2944 ) (9216 -6144 3456 ) (9216 -5440 3456 ) (9216 -5440 -2944 ) 
4 1691 1814 (9216 -5440 3456 ) (9216 -5120 3456 ) (9216 -5120 -2944 ) (9216 -5440 -2944 ) 
4 1691 1718 (9216 -6144 640 ) (9216 -6144 -2944 ) (9472 -6144 -2944 ) (9472 -6144 640 ) 
4 1691 1716 (9472 -6144 3456 ) (9216 -6144 3456 ) (9216 -6144 640 ) (9472 -6144 640 ) 
4 1691 1708 (10240 -6144 -2944 ) (10240 -6144 3456 ) (9472 -6144 3456 ) (9472 -6144 -2944 ) 
4 1692 1694 (13312 -7168 -2944 ) (13312 -7168 7168 ) (12288 -7168 7168 ) (12288 -7168 -2944 ) 
4 1692 1693 (12288 -6144 7168 ) (12288 -6144 -2944 ) (12288 -7168 -2944 ) (12288 -7168 7168 ) 
4 1693 1699 (11264 -6144 640 ) (11264 -6144 -2944 ) (11264 -7168 -2944 ) (11264 -7168 640 ) 
4 1693 1697 (11264 -6144 5120 ) (11264 -6144 640 ) (11264 -7168 640 ) (11264 -7168 5120 ) 
4 1693 1696 (11264 -6144 7168 ) (11264 -6144 5120 ) (11264 -7168 5120 ) (11264 -7168 7168 ) 
4 1693 1695 (12288 -7168 -2944 ) (12288 -7168 7168 ) (11264 -7168 7168 ) (11264 -7168 -2944 ) 
4 1694 2297 (13312 -8192 -2944 ) (13312 -8192 7168 ) (12288 -8192 7168 ) (12288 -8192 -2944 ) 
4 1694 1695 (12288 -7168 7168 ) (12288 -7168 -2944 ) (12288 -8192 -2944 ) (12288 -8192 7168 ) 
4 1695 2298 (12288 -8192 -2944 ) (12288 -8192 7168 ) (11264 -8192 7168 ) (11264 -8192 -2944 ) 
4 1695 1719 (11264 -8192 -2944 ) (11264 -8192 7168 ) (11264 -7168 7168 ) (11264 -7168 -2944 ) 
4 1696 1719 (11264 -7168 5120 ) (11264 -7168 7168 ) (10240 -7168 7168 ) (10240 -7168 5120 ) 
4 1696 1710 (10240 -6720 5120 ) (10240 -7168 5120 ) (10240 -7168 7168 ) (10240 -6720 7168 ) 
4 1696 1709 (10240 -6272 5120 ) (10240 -6720 5120 ) (10240 -6720 7168 ) (10240 -6272 7168 ) 
4 1696 1705 (10240 -6144 7168 ) (10240 -6144 5120 ) (10240 -6272 5120 ) (10240 -6272 7168 ) 
4 1696 1704 (10752 -7168 5120 ) (10240 -7168 5120 ) (10240 -6720 5120 ) (10752 -6720 5120 ) 
4 1696 1698 (10880 -7168 5120 ) (10752 -7168 5120 ) (10752 -6720 5120 ) (10880 -6720 5120 ) 
4 1696 1697 (11264 -7168 5120 ) (10880 -7168 5120 ) (10880 -6144 5120 ) (11264 -6144 5120 ) 
4 1697 1719 (11264 -7168 640 ) (11264 -7168 5120 ) (10880 -7168 5120 ) (10880 -7168 640 ) 
4 1697 1699 (11264 -7168 640 ) (10880 -7168 640 ) (10880 -6144 640 ) (11264 -6144 640 ) 
4 1697 1698 (10880 -6720 640 ) (10880 -7168 640 ) (10880 -7168 5120 ) (10880 -6720 5120 ) 
4 1698 1719 (10880 -7168 5120 ) (10752 -7168 5120 ) (10752 -7168 640 ) (10880 -7168 640 ) 
4 1698 1704 (10752 -7168 5120 ) (10752 -6720 5120 ) (10752 -6720 640 ) (10752 -7168 640 ) 
4 1698 1699 (10880 -7168 640 ) (10752 -7168 640 ) (10752 -6720 640 ) (10880 -6720 640 ) 
4 1699 1719 (11264 -7168 -2944 ) (11264 -7168 640 ) (10752 -7168 640 ) (10752 -7168 -2944 ) 
4 1699 1703 (10752 -6272 -2944 ) (10752 -6720 -2944 ) (10752 -6720 640 ) (10752 -6272 640 ) 
4 1699 1704 (10752 -6720 -2944 ) (10752 -7168 -2944 ) (10752 -7168 640 ) (10752 -6720 640 ) 
4 1699 1701 (10752 -6144 640 ) (10752 -6144 -2944 ) (10752 -6272 -2944 ) (10752 -6272 640 ) 
4 1700 1707 (10240 -6144 4224 ) (10240 -6144 4032 ) (10240 -6272 4032 ) (10240 -6272 4224 ) 
4 1700 1706 (10240 -6144 4480 ) (10240 -6144 4224 ) (10240 -6272 4224 ) (10240 -6272 4480 ) 
4 1700 1701 (10752 -6272 4032 ) (10624 -6272 4032 ) (10624 -6144 4032 ) (10752 -6144 4032 ) 
4 1701 1703 (10752 -6272 -2944 ) (10752 -6272 640 ) (10624 -6272 640 ) (10624 -6272 -2944 ) 
4 1701 1702 (10624 -6144 -2944 ) (10624 -6272 -2944 ) (10624 -6272 3456 ) (10624 -6144 3456 ) 
4 1702 1708 (10240 -6144 3456 ) (10240 -6144 -2944 ) (10240 -6272 -2944 ) (10240 -6272 3456 ) 
4 1702 1703 (10240 -6272 640 ) (10240 -6272 -2944 ) (10624 -6272 -2944 ) (10624 -6272 640 ) 
4 1703 1712 (10240 -6272 640 ) (10240 -6272 -2944 ) (10240 -6720 -2944 ) (10240 -6720 640 ) 
4 1703 1704 (10240 -6720 -2944 ) (10752 -6720 -2944 ) (10752 -6720 640 ) (10240 -6720 640 ) 
4 1704 1719 (10752 -7168 -2944 ) (10752 -7168 5120 ) (10240 -7168 5120 ) (10240 -7168 -2944 ) 
4 1704 1712 (10240 -7168 -2944 ) (10240 -7168 640 ) (10240 -6720 640 ) (10240 -6720 -2944 ) 
4 1704 1711 (10240 -7168 640 ) (10240 -7168 3584 ) (10240 -6720 3584 ) (10240 -6720 640 ) 
4 1704 1710 (10240 -7168 3584 ) (10240 -7168 5120 ) (10240 -6720 5120 ) (10240 -6720 3584 ) 
4 1705 1713 (9472 -6272 5120 ) (9472 -6272 7168 ) (9472 -6144 7168 ) (9472 -6144 5120 ) 
4 1705 1709 (9472 -6272 7168 ) (9472 -6272 5120 ) (10240 -6272 5120 ) (10240 -6272 7168 ) 
4 1706 1707 (10240 -6272 4224 ) (9536 -6272 4224 ) (9536 -6144 4224 ) (10240 -6144 4224 ) 
4 1708 1718 (9472 -6272 -2944 ) (9472 -6272 640 ) (9472 -6144 640 ) (9472 -6144 -2944 ) 
4 1708 1716 (9472 -6272 640 ) (9472 -6272 3456 ) (9472 -6144 3456 ) (9472 -6144 640 ) 
4 1708 1712 (9472 -6272 640 ) (9472 -6272 -2944 ) (10240 -6272 -2944 ) (10240 -6272 640 ) 
4 1709 1713 (9472 -6272 7168 ) (9472 -6272 5120 ) (9472 -6720 5120 ) (9472 -6720 7168 ) 
4 1709 1710 (9472 -6720 7168 ) (9472 -6720 5120 ) (10240 -6720 5120 ) (10240 -6720 7168 ) 
4 1710 1720 (10240 -7168 3584 ) (10240 -7168 7168 ) (9472 -7168 7168 ) (9472 -7168 3584 ) 
4 1710 1717 (9472 -7168 3584 ) (9472 -7168 3904 ) (9472 -6720 3904 ) (9472 -6720 3584 ) 
4 1710 1715 (9472 -7168 3904 ) (9472 -7168 5120 ) (9472 -6720 5120 ) (9472 -6720 3904 ) 
4 1710 1713 (9472 -7168 5120 ) (9472 -7168 7168 ) (9472 -6720 7168 ) (9472 -6720 5120 ) 
4 1710 1711 (9984 -6720 3584 ) (10240 -6720 3584 ) (10240 -7168 3584 ) (9984 -7168 3584 ) 
4 1711 1721 (10240 -7168 640 ) (10240 -7168 3584 ) (9984 -7168 3584 ) (9984 -7168 640 ) 
4 1711 1712 (9984 -6720 640 ) (10240 -6720 640 ) (10240 -7168 640 ) (9984 -7168 640 ) 
4 1712 1725 (10240 -7168 -2944 ) (10240 -7168 640 ) (9472 -7168 640 ) (9472 -7168 -2944 ) 
4 1712 1718 (9472 -7168 -2944 ) (9472 -7168 640 ) (9472 -6272 640 ) (9472 -6272 -2944 ) 
4 1713 1834 (9216 -7168 5120 ) (9216 -7168 7168 ) (9216 -6144 7168 ) (9216 -6144 5120 ) 
4 1713 1720 (9472 -7168 5120 ) (9472 -7168 7168 ) (9216 -7168 7168 ) (9216 -7168 5120 ) 
4 1713 1715 (9472 -6720 5120 ) (9472 -7168 5120 ) (9216 -7168 5120 ) (9216 -6720 5120 ) 
4 1714 1841 (9216 -6144 3928 ) (9216 -6144 3904 ) (9216 -6592 3904 ) (9216 -6592 3928 ) 
4 1714 1836 (9216 -6144 3936 ) (9216 -6144 3928 ) (9216 -6592 3928 ) (9216 -6592 3936 ) 
4 1714 1835 (9216 -6144 4928 ) (9216 -6144 3936 ) (9216 -6592 3936 ) (9216 -6592 4928 ) 
4 1715 1845 (9216 -7168 3904 ) (9216 -7168 5120 ) (9216 -6720 5120 ) (9216 -6720 3904 ) 
4 1715 1720 (9472 -7168 3904 ) (9472 -7168 5120 ) (9216 -7168 5120 ) (9216 -7168 3904 ) 
4 1715 1717 (9216 -7168 3904 ) (9216 -6720 3904 ) (9472 -6720 3904 ) (9472 -7168 3904 ) 
4 1716 1848 (9216 -6144 3456 ) (9216 -6144 640 ) (9216 -6464 640 ) (9216 -6464 3456 ) 
4 1716 1718 (9472 -6144 640 ) (9472 -6464 640 ) (9216 -6464 640 ) (9216 -6144 640 ) 
4 1717 1847 (9216 -7168 3584 ) (9216 -7168 3904 ) (9216 -6720 3904 ) (9216 -6720 3584 ) 
4 1717 1720 (9472 -7168 3584 ) (9472 -7168 3904 ) (9216 -7168 3904 ) (9216 -7168 3584 ) 
4 1718 1849 (9216 -7168 -2944 ) (9216 -7168 640 ) (9216 -6464 640 ) (9216 -6464 -2944 ) 
4 1718 1848 (9216 -6464 640 ) (9216 -6144 640 ) (9216 -6144 -2944 ) (9216 -6464 -2944 ) 
4 1718 1725 (9472 -7168 -2944 ) (9472 -7168 640 ) (9216 -7168 640 ) (9216 -7168 -2944 ) 
4 1719 2301 (11264 -8192 -2944 ) (11264 -8192 7168 ) (10240 -8192 7168 ) (10240 -8192 -2944 ) 
4 1719 1725 (10240 -7168 640 ) (10240 -7168 -2944 ) (10240 -8192 -2944 ) (10240 -8192 640 ) 
4 1719 1723 (10240 -7552 640 ) (10240 -8192 640 ) (10240 -8192 3072 ) (10240 -7552 3072 ) 
4 1719 1722 (10240 -8192 3072 ) (10240 -8192 7168 ) (10240 -7552 7168 ) (10240 -7552 3072 ) 
4 1719 1721 (10240 -7168 3584 ) (10240 -7168 640 ) (10240 -7552 640 ) (10240 -7552 3584 ) 
4 1719 1720 (10240 -7168 7168 ) (10240 -7168 3584 ) (10240 -7552 3584 ) (10240 -7552 7168 ) 
4 1720 1859 (9216 -7168 7168 ) (9216 -7168 3584 ) (9216 -7552 3584 ) (9216 -7552 7168 ) 
4 1720 1722 (9216 -7552 7168 ) (9216 -7552 3584 ) (10240 -7552 3584 ) (10240 -7552 7168 ) 
4 1720 1721 (10240 -7552 3584 ) (9984 -7552 3584 ) (9984 -7168 3584 ) (10240 -7168 3584 ) 
4 1721 1725 (10240 -7168 640 ) (10240 -7552 640 ) (9984 -7552 640 ) (9984 -7168 640 ) 
4 1721 1723 (9984 -7552 640 ) (10240 -7552 640 ) (10240 -7552 3072 ) (9984 -7552 3072 ) 
4 1721 1722 (10240 -7552 3072 ) (10240 -7552 3584 ) (9984 -7552 3584 ) (9984 -7552 3072 ) 
4 1722 2302 (10240 -8192 3072 ) (10240 -8192 7168 ) (9216 -8192 7168 ) (9216 -8192 3072 ) 
4 1722 1861 (9216 -8192 3072 ) (9216 -8192 3584 ) (9216 -8064 3584 ) (9216 -8064 3072 ) 
4 1722 1860 (9216 -8064 3584 ) (9216 -7552 3584 ) (9216 -7552 3072 ) (9216 -8064 3072 ) 
4 1722 1859 (9216 -8192 3584 ) (9216 -8192 7168 ) (9216 -7552 7168 ) (9216 -7552 3584 ) 
4 1722 1724 (9984 -8064 3072 ) (9984 -8192 3072 ) (9216 -8192 3072 ) (9216 -8064 3072 ) 
4 1722 1723 (9984 -7552 3072 ) (10240 -7552 3072 ) (10240 -8192 3072 ) (9984 -8192 3072 ) 
4 1723 2302 (10240 -8192 640 ) (10240 -8192 3072 ) (9984 -8192 3072 ) (9984 -8192 640 ) 
4 1723 1725 (10240 -7552 640 ) (10240 -8192 640 ) (9984 -8192 640 ) (9984 -7552 640 ) 
4 1723 1724 (9984 -8192 3072 ) (9984 -8064 3072 ) (9984 -8064 640 ) (9984 -8192 640 ) 
4 1724 2302 (9984 -8192 3072 ) (9216 -8192 3072 ) (9216 -8192 640 ) (9984 -8192 640 ) 
4 1724 1862 (9216 -8192 640 ) (9216 -8192 3072 ) (9216 -8064 3072 ) (9216 -8064 640 ) 
4 1724 1725 (9984 -8192 640 ) (9216 -8192 640 ) (9216 -8064 640 ) (9984 -8064 640 ) 
4 1725 2302 (10240 -8192 -2944 ) (10240 -8192 640 ) (9216 -8192 640 ) (9216 -8192 -2944 ) 
4 1725 1864 (9216 -8192 -2944 ) (9216 -8192 640 ) (9216 -7168 640 ) (9216 -7168 -2944 ) 
4 1726 1731 (9216 -1024 -2944 ) (9216 -1024 7168 ) (8192 -1024 7168 ) (8192 -1024 -2944 ) 
4 1726 1730 (8192 0 640 ) (8192 0 -2944 ) (8192 -1024 -2944 ) (8192 -1024 640 ) 
4 1726 1727 (8192 0 7168 ) (8192 0 640 ) (8192 -1024 640 ) (8192 -1024 7168 ) 
4 1727 1732 (8192 -1024 640 ) (8192 -1024 7168 ) (7552 -1024 7168 ) (7552 -1024 640 ) 
4 1727 1730 (7552 0 640 ) (8192 0 640 ) (8192 -1024 640 ) (7552 -1024 640 ) 
4 1727 1728 (7552 -320 2944 ) (7552 -320 7168 ) (7552 0 7168 ) (7552 0 2944 ) 
4 1727 1729 (7552 -320 640 ) (7552 -1024 640 ) (7552 -1024 7168 ) (7552 -320 7168 ) 
4 1728 1733 (7168 0 7168 ) (7168 0 2944 ) (7168 -320 2944 ) (7168 -320 7168 ) 
4 1728 1729 (7552 -320 2944 ) (7552 -320 7168 ) (7168 -320 7168 ) (7168 -320 2944 ) 
4 1729 1734 (7168 -320 640 ) (7168 -1024 640 ) (7168 -1024 7168 ) (7168 -320 7168 ) 
4 1729 1732 (7552 -1024 7168 ) (7168 -1024 7168 ) (7168 -1024 640 ) (7552 -1024 640 ) 
4 1729 1730 (7552 -320 640 ) (7552 -1024 640 ) (7168 -1024 640 ) (7168 -320 640 ) 
4 1730 1735 (7168 0 640 ) (7168 0 -2944 ) (7168 -1024 -2944 ) (7168 -1024 640 ) 
4 1730 1732 (8192 -1024 -2944 ) (8192 -1024 640 ) (7168 -1024 640 ) (7168 -1024 -2944 ) 
4 1731 1744 (9216 -2048 -2944 ) (9216 -2048 7168 ) (8192 -2048 7168 ) (8192 -2048 -2944 ) 
4 1731 1732 (8192 -1024 7168 ) (8192 -1024 -2944 ) (8192 -2048 -2944 ) (8192 -2048 7168 ) 
4 1732 1745 (8192 -2048 -2944 ) (8192 -2048 7168 ) (7168 -2048 7168 ) (7168 -2048 -2944 ) 
4 1732 1742 (7168 -2048 -2944 ) (7168 -2048 7168 ) (7168 -1024 7168 ) (7168 -1024 -2944 ) 
4 1733 1736 (6144 0 7168 ) (6144 0 2944 ) (6144 -320 2944 ) (6144 -320 7168 ) 
4 1733 1734 (7168 -320 2944 ) (7168 -320 7168 ) (6144 -320 7168 ) (6144 -320 2944 ) 
4 1734 1742 (7168 -1024 640 ) (7168 -1024 7168 ) (6144 -1024 7168 ) (6144 -1024 640 ) 
4 1734 1741 (6144 -320 640 ) (6144 -1024 640 ) (6144 -1024 7168 ) (6144 -320 7168 ) 
4 1734 1735 (7168 -1024 640 ) (6144 -1024 640 ) (6144 -320 640 ) (7168 -320 640 ) 
4 1735 1742 (7168 -1024 -2944 ) (7168 -1024 640 ) (6144 -1024 640 ) (6144 -1024 -2944 ) 
4 1735 1741 (6144 -320 -2944 ) (6144 -1024 -2944 ) (6144 -1024 640 ) (6144 -320 640 ) 
4 1735 1740 (6144 0 640 ) (6144 0 -2944 ) (6144 -320 -2944 ) (6144 -320 640 ) 
4 1736 1741 (6144 -320 2944 ) (6144 -320 7168 ) (5728 -320 7168 ) (5728 -320 2944 ) 
4 1736 1737 (5728 -320 2944 ) (5728 -320 7168 ) (5728 0 7168 ) (5728 0 2944 ) 
4 1737 1741 (5728 -320 2944 ) (5728 -320 7168 ) (5344 -320 7168 ) (5344 -320 2944 ) 
4 1737 1739 (5344 0 7168 ) (5344 0 2944 ) (5344 -320 2944 ) (5344 -320 7168 ) 
4 1739 1890 (5120 -320 2944 ) (5120 -320 7168 ) (5120 0 7168 ) (5120 0 2944 ) 
4 1739 1741 (5120 -320 7168 ) (5120 -320 2944 ) (5344 -320 2944 ) (5344 -320 7168 ) 
4 1740 1890 (5120 -320 -2944 ) (5120 -320 640 ) (5120 0 640 ) (5120 0 -2944 ) 
4 1740 1741 (5120 -320 640 ) (5120 -320 -2944 ) (6144 -320 -2944 ) (6144 -320 640 ) 
4 1741 1890 (5120 -1024 -2944 ) (5120 -1024 7168 ) (5120 -320 7168 ) (5120 -320 -2944 ) 
4 1741 1743 (5120 -1024 7168 ) (5120 -1024 -2944 ) (6144 -1024 -2944 ) (6144 -1024 7168 ) 
4 1742 1769 (7168 -2048 -2944 ) (7168 -2048 7168 ) (6144 -2048 7168 ) (6144 -2048 -2944 ) 
4 1742 1743 (6144 -1024 7168 ) (6144 -1024 -2944 ) (6144 -2048 -2944 ) (6144 -2048 7168 ) 
4 1743 1900 (5120 -2048 -2944 ) (5120 -2048 -656 ) (5120 -1024 -656 ) (5120 -1024 -2944 ) 
4 1743 1898 (5120 -2048 -656 ) (5120 -2048 -624 ) (5120 -1024 -624 ) (5120 -1024 -656 ) 
4 1743 1895 (5120 -2048 -624 ) (5120 -2048 1136 ) (5120 -1024 1136 ) (5120 -1024 -624 ) 
4 1743 1892 (5120 -2048 1136 ) (5120 -2048 7168 ) (5120 -1024 7168 ) (5120 -1024 1136 ) 
4 1743 1770 (5120 -2048 7168 ) (5120 -2048 -2944 ) (6144 -2048 -2944 ) (6144 -2048 7168 ) 
4 1744 1752 (9216 -3072 -2944 ) (9216 -3072 3456 ) (8192 -3072 3456 ) (8192 -3072 -2944 ) 
4 1744 1750 (8256 -3072 4928 ) (8192 -3072 4928 ) (8192 -3072 3456 ) (8256 -3072 3456 ) 
4 1744 1748 (9152 -3072 4928 ) (8256 -3072 4928 ) (8256 -3072 3456 ) (9152 -3072 3456 ) 
4 1744 1747 (9216 -3072 3456 ) (9216 -3072 4928 ) (9152 -3072 4928 ) (9152 -3072 3456 ) 
4 1744 1746 (9216 -3072 5120 ) (9216 -3072 7168 ) (8192 -3072 7168 ) (8192 -3072 5120 ) 
4 1744 1745 (8192 -2048 7168 ) (8192 -2048 -2944 ) (8192 -3072 -2944 ) (8192 -3072 7168 ) 
4 1745 1769 (7168 -2048 7168 ) (7168 -2048 -2944 ) (7168 -3072 -2944 ) (7168 -3072 7168 ) 
4 1745 1759 (7168 -3072 5056 ) (7168 -3072 -2944 ) (7680 -3072 -2944 ) (7680 -3072 5056 ) 
4 1745 1758 (7168 -3072 5120 ) (7168 -3072 5056 ) (7680 -3072 5056 ) (7680 -3072 5120 ) 
4 1745 1757 (7680 -3072 7168 ) (7168 -3072 7168 ) (7168 -3072 5120 ) (7680 -3072 5120 ) 
4 1745 1756 (8192 -3072 -2944 ) (8192 -3072 3456 ) (7680 -3072 3456 ) (7680 -3072 -2944 ) 
4 1745 1754 (8192 -3072 3456 ) (8192 -3072 4928 ) (7680 -3072 4928 ) (7680 -3072 3456 ) 
4 1745 1753 (8192 -3072 5120 ) (8192 -3072 7168 ) (7680 -3072 7168 ) (7680 -3072 5120 ) 
4 1746 1784 (9216 -4096 5120 ) (9216 -4096 7168 ) (8192 -4096 7168 ) (8192 -4096 5120 ) 
4 1746 1753 (8192 -3072 7168 ) (8192 -3072 5120 ) (8192 -4096 5120 ) (8192 -4096 7168 ) 
4 1747 1752 (9152 -3072 3456 ) (9216 -3072 3456 ) (9216 -3520 3456 ) (9152 -3520 3456 ) 
4 1747 1748 (9152 -3072 3456 ) (9152 -3520 3456 ) (9152 -3520 4928 ) (9152 -3072 4928 ) 
4 1748 1752 (8256 -3072 3456 ) (9152 -3072 3456 ) (9152 -3520 3456 ) (8256 -3520 3456 ) 
4 1748 1750 (8256 -3072 3456 ) (8256 -3520 3456 ) (8256 -3520 4928 ) (8256 -3072 4928 ) 
4 1749 1751 (9152 -3904 3904 ) (9152 -3904 4928 ) (8256 -3904 4928 ) (8256 -3904 3904 ) 
4 1750 1754 (8192 -3072 4928 ) (8192 -3072 3456 ) (8192 -3520 3456 ) (8192 -3520 4928 ) 
4 1750 1752 (8192 -3072 3456 ) (8256 -3072 3456 ) (8256 -3520 3456 ) (8192 -3520 3456 ) 
4 1751 1785 (9216 -4096 3904 ) (9216 -4096 4928 ) (8192 -4096 4928 ) (8192 -4096 3904 ) 
4 1751 1755 (8192 -4096 3904 ) (8192 -4096 4928 ) (8192 -3904 4928 ) (8192 -3904 3904 ) 
4 1752 1786 (9216 -4096 -2944 ) (9216 -4096 3456 ) (8192 -4096 3456 ) (8192 -4096 -2944 ) 
4 1752 1756 (8192 -3072 3456 ) (8192 -3072 -2944 ) (8192 -4096 -2944 ) (8192 -4096 3456 ) 
4 1753 1797 (8192 -4096 5120 ) (8192 -4096 7168 ) (7680 -4096 7168 ) (7680 -4096 5120 ) 
4 1753 1757 (7680 -4096 5120 ) (7680 -4096 7168 ) (7680 -3072 7168 ) (7680 -3072 5120 ) 
4 1754 1759 (7680 -3328 4928 ) (7680 -3072 4928 ) (7680 -3072 3456 ) (7680 -3328 3456 ) 
4 1754 1756 (7680 -3520 3456 ) (7680 -3072 3456 ) (8192 -3072 3456 ) (8192 -3520 3456 ) 
4 1755 1798 (8192 -4096 3904 ) (8192 -4096 4928 ) (7680 -4096 4928 ) (7680 -4096 3904 ) 
4 1756 1799 (8192 -4096 -2944 ) (8192 -4096 3456 ) (7680 -4096 3456 ) (7680 -4096 -2944 ) 
4 1756 1766 (7680 -4096 -2944 ) (7680 -4096 2048 ) (7680 -3456 2048 ) (7680 -3456 -2944 ) 
4 1756 1761 (7680 -4096 2048 ) (7680 -4096 3456 ) (7680 -3456 3456 ) (7680 -3456 2048 ) 
4 1756 1760 (7680 -3328 2048 ) (7680 -3328 -2944 ) (7680 -3456 -2944 ) (7680 -3456 2048 ) 
4 1756 1759 (7680 -3328 3456 ) (7680 -3072 3456 ) (7680 -3072 -2944 ) (7680 -3328 -2944 ) 
4 1757 1801 (7680 -4096 5120 ) (7680 -4096 7168 ) (7168 -4096 7168 ) (7168 -4096 5120 ) 
4 1757 1772 (7168 -4096 5120 ) (7168 -4096 7168 ) (7168 -3328 7168 ) (7168 -3328 5120 ) 
4 1757 1771 (7168 -3328 7168 ) (7168 -3072 7168 ) (7168 -3072 5120 ) (7168 -3328 5120 ) 
4 1757 1758 (7680 -3072 5120 ) (7680 -3328 5120 ) (7168 -3328 5120 ) (7168 -3072 5120 ) 
4 1758 1771 (7168 -3328 5120 ) (7168 -3072 5120 ) (7168 -3072 5056 ) (7168 -3328 5056 ) 
4 1758 1759 (7168 -3328 5056 ) (7168 -3072 5056 ) (7680 -3072 5056 ) (7680 -3328 5056 ) 
4 1759 1778 (7168 -3072 2048 ) (7168 -3072 -2944 ) (7168 -3328 -2944 ) (7168 -3328 2048 ) 
4 1759 1773 (7168 -3328 5056 ) (7168 -3072 5056 ) (7168 -3072 2048 ) (7168 -3328 2048 ) 
4 1759 1760 (7168 -3328 -2944 ) (7680 -3328 -2944 ) (7680 -3328 2048 ) (7168 -3328 2048 ) 
4 1760 1778 (7168 -3456 -2944 ) (7168 -3456 2048 ) (7168 -3328 2048 ) (7168 -3328 -2944 ) 
4 1760 1768 (7296 -3456 2048 ) (7168 -3456 2048 ) (7168 -3456 -2944 ) (7296 -3456 -2944 ) 
4 1760 1766 (7680 -3456 -2944 ) (7680 -3456 2048 ) (7296 -3456 2048 ) (7296 -3456 -2944 ) 
4 1761 1803 (7680 -4096 2048 ) (7680 -4096 3456 ) (7616 -4096 3456 ) (7616 -4096 2048 ) 
4 1761 1766 (7616 -3456 2048 ) (7680 -3456 2048 ) (7680 -4096 2048 ) (7616 -4096 2048 ) 
4 1761 1764 (7616 -3584 2048 ) (7616 -4096 2048 ) (7616 -4096 3456 ) (7616 -3584 3456 ) 
4 1762 1804 (7616 -4096 5056 ) (7488 -4096 5056 ) (7488 -4096 3904 ) (7616 -4096 3904 ) 
4 1762 1763 (7488 -3584 3904 ) (7488 -4096 3904 ) (7488 -4096 5056 ) (7488 -3584 5056 ) 
4 1763 1805 (7488 -4096 5056 ) (7296 -4096 5056 ) (7296 -4096 3904 ) (7488 -4096 3904 ) 
4 1763 1767 (7296 -3456 5056 ) (7296 -3456 3904 ) (7296 -4096 3904 ) (7296 -4096 5056 ) 
4 1764 1806 (7488 -4096 2048 ) (7616 -4096 2048 ) (7616 -4096 3456 ) (7488 -4096 3456 ) 
4 1764 1766 (7616 -3584 2048 ) (7616 -4096 2048 ) (7488 -4096 2048 ) (7488 -3584 2048 ) 
4 1764 1765 (7488 -3584 2048 ) (7488 -4096 2048 ) (7488 -4096 3456 ) (7488 -3584 3456 ) 
4 1765 1807 (7296 -4096 3456 ) (7296 -4096 2048 ) (7488 -4096 2048 ) (7488 -4096 3456 ) 
4 1765 1768 (7296 -3456 3456 ) (7296 -3456 2048 ) (7296 -4096 2048 ) (7296 -4096 3456 ) 
4 1765 1766 (7296 -4096 2048 ) (7296 -3456 2048 ) (7488 -3456 2048 ) (7488 -4096 2048 ) 
4 1766 1808 (7680 -4096 -2944 ) (7680 -4096 2048 ) (7296 -4096 2048 ) (7296 -4096 -2944 ) 
4 1766 1768 (7296 -3456 2048 ) (7296 -3456 -2944 ) (7296 -4096 -2944 ) (7296 -4096 2048 ) 
4 1767 1809 (7296 -4096 3776 ) (7296 -4096 5056 ) (7168 -4096 5056 ) (7168 -4096 3776 ) 
4 1767 1774 (7168 -4096 3776 ) (7168 -4096 5056 ) (7168 -3456 5056 ) (7168 -3456 3776 ) 
4 1768 1810 (7296 -4096 -2944 ) (7296 -4096 3456 ) (7168 -4096 3456 ) (7168 -4096 -2944 ) 
4 1768 1778 (7168 -4096 -2944 ) (7168 -4096 2048 ) (7168 -3456 2048 ) (7168 -3456 -2944 ) 
4 1768 1775 (7168 -4096 2048 ) (7168 -4096 3456 ) (7168 -3456 3456 ) (7168 -3456 2048 ) 
4 1769 1778 (7168 -3072 -2944 ) (7168 -3072 2048 ) (6144 -3072 2048 ) (6144 -3072 -2944 ) 
4 1769 1773 (7168 -3072 2048 ) (7168 -3072 5056 ) (6144 -3072 5056 ) (6144 -3072 2048 ) 
4 1769 1771 (7168 -3072 5056 ) (7168 -3072 7168 ) (6144 -3072 7168 ) (6144 -3072 5056 ) 
4 1769 1770 (6144 -2048 7168 ) (6144 -2048 -2944 ) (6144 -3072 -2944 ) (6144 -3072 7168 ) 
4 1770 1948 (5120 -3072 -2944 ) (5120 -3072 -656 ) (5120 -2048 -656 ) (5120 -2048 -2944 ) 
4 1770 1946 (5120 -3072 -656 ) (5120 -3072 -624 ) (5120 -2048 -624 ) (5120 -2048 -656 ) 
4 1770 1938 (5120 -3072 -624 ) (5120 -3072 176 ) (5120 -2048 176 ) (5120 -2048 -624 ) 
4 1770 1930 (5120 -3072 176 ) (5120 -3072 400 ) (5120 -2048 400 ) (5120 -2048 176 ) 
4 1770 1926 (5120 -3072 400 ) (5120 -3072 1136 ) (5120 -2048 1136 ) (5120 -2048 400 ) 
4 1770 1923 (5120 -3072 1136 ) (5120 -3072 7168 ) (5120 -2048 7168 ) (5120 -2048 1136 ) 
4 1770 1782 (5120 -3072 2112 ) (5120 -3072 -2944 ) (6144 -3072 -2944 ) (6144 -3072 2112 ) 
4 1770 1781 (5120 -3072 5120 ) (5120 -3072 2112 ) (6144 -3072 2112 ) (6144 -3072 5120 ) 
4 1770 1779 (5120 -3072 7168 ) (5120 -3072 5120 ) (6144 -3072 5120 ) (6144 -3072 7168 ) 
4 1771 1781 (6144 -3072 5120 ) (6144 -3072 5056 ) (6144 -3328 5056 ) (6144 -3328 5120 ) 
4 1771 1779 (6144 -3072 7168 ) (6144 -3072 5120 ) (6144 -3328 5120 ) (6144 -3328 7168 ) 
4 1771 1773 (6144 -3072 5056 ) (7168 -3072 5056 ) (7168 -3328 5056 ) (6144 -3328 5056 ) 
4 1771 1772 (7168 -3328 5120 ) (7168 -3328 7168 ) (6144 -3328 7168 ) (6144 -3328 5120 ) 
4 1772 1821 (7168 -4096 5120 ) (7168 -4096 7168 ) (6144 -4096 7168 ) (6144 -4096 5120 ) 
4 1772 1779 (6144 -4096 5120 ) (6144 -4096 7168 ) (6144 -3328 7168 ) (6144 -3328 5120 ) 
4 1773 1782 (6144 -3072 2112 ) (6144 -3072 2048 ) (6144 -3328 2048 ) (6144 -3328 2112 ) 
4 1773 1781 (6144 -3072 5056 ) (6144 -3072 2112 ) (6144 -3328 2112 ) (6144 -3328 5056 ) 
4 1773 1778 (6144 -3328 2048 ) (6144 -3072 2048 ) (7168 -3072 2048 ) (7168 -3328 2048 ) 
4 1774 1822 (7168 -4096 3776 ) (7168 -4096 5056 ) (6976 -4096 5056 ) (6976 -4096 3776 ) 
4 1774 1776 (6976 -3456 5056 ) (6976 -3456 3776 ) (6976 -4096 3776 ) (6976 -4096 5056 ) 
4 1775 1823 (7168 -4096 2048 ) (7168 -4096 3456 ) (6976 -4096 3456 ) (6976 -4096 2048 ) 
4 1775 1778 (7168 -4096 2048 ) (6976 -4096 2048 ) (6976 -3456 2048 ) (7168 -3456 2048 ) 
4 1776 1824 (6976 -4096 5056 ) (6592 -4096 5056 ) (6592 -4096 3648 ) (6976 -4096 3648 ) 
4 1776 1777 (6592 -4096 3648 ) (6592 -4096 5056 ) (6592 -3456 5056 ) (6592 -3456 3648 ) 
4 1777 1825 (6592 -4096 5056 ) (6144 -4096 5056 ) (6144 -4096 2112 ) (6592 -4096 2112 ) 
4 1777 1780 (6144 -4096 2112 ) (6144 -4096 5056 ) (6144 -3493.209473 5056 ) (6144 -3493.209473 2112 ) 
4 1778 1826 (7168 -4096 -2944 ) (7168 -4096 2048 ) (6144 -4096 2048 ) (6144 -4096 -2944 ) 
4 1778 1783 (6144 -3328 -2944 ) (6144 -4096 -2944 ) (6144 -4096 2048 ) (6144 -3328 2048 ) 
4 1778 1782 (6144 -3072 2048 ) (6144 -3072 -2944 ) (6144 -3328 -2944 ) (6144 -3328 2048 ) 
4 1779 1959 (5120 -4096 5120 ) (5120 -4096 7168 ) (5120 -3072 7168 ) (5120 -3072 5120 ) 
4 1779 1827 (6144 -4096 5120 ) (6144 -4096 7168 ) (5120 -4096 7168 ) (5120 -4096 5120 ) 
4 1779 1781 (5120 -3328 5120 ) (5120 -3072 5120 ) (6144 -3072 5120 ) (6144 -3328 5120 ) 
4 1780 1960 (5120 -4096 2112 ) (5120 -4096 5056 ) (5120 -3612.279053 5056 ) (5120 -3612.279053 2112 ) 
4 1780 1828 (6144 -4096 2112 ) (6144 -4096 5056 ) (5120 -4096 5056 ) (5120 -4096 2112 ) 
4 1781 1961 (5120 -3328 5120 ) (5120 -3072 5120 ) (5120 -3072 2112 ) (5120 -3328 2112 ) 
4 1781 1782 (5120 -3328 2112 ) (5120 -3072 2112 ) (6144 -3072 2112 ) (6144 -3328 2112 ) 
4 1782 1962 (5120 -3328 2112 ) (5120 -3072 2112 ) (5120 -3072 -2944 ) (5120 -3328 -2944 ) 
4 1782 1783 (5120 -3328 -2944 ) (6144 -3328 -2944 ) (6144 -3328 2048 ) (5120 -3328 2048 ) 
4 1783 1963 (5120 -4096 -2944 ) (5120 -4096 2048 ) (5120 -3328 2048 ) (5120 -3328 -2944 ) 
4 1783 1829 (6144 -4096 -2944 ) (6144 -4096 2048 ) (5120 -4096 2048 ) (5120 -4096 -2944 ) 
4 1784 1812 (9216 -5120 5120 ) (9216 -5120 7168 ) (8192 -5120 7168 ) (8192 -5120 5120 ) 
4 1784 1797 (8192 -5120 5120 ) (8192 -5120 7168 ) (8192 -4096 7168 ) (8192 -4096 5120 ) 
4 1785 1798 (8192 -4544 3904 ) (8192 -4544 4928 ) (8192 -4096 4928 ) (8192 -4096 3904 ) 
4 1785 1793 (8704 -4544 4928 ) (8576 -4544 4928 ) (8576 -4544 3904 ) (8704 -4544 3904 ) 
4 1785 1790 (8960 -4544 4928 ) (8704 -4544 4928 ) (8704 -4544 3904 ) (8960 -4544 3904 ) 
4 1785 1788 (9088 -4544 4928 ) (8960 -4544 4928 ) (8960 -4544 3904 ) (9088 -4544 3904 ) 
4 1786 1799 (8192 -4544 -2944 ) (8192 -4544 3456 ) (8192 -4096 3456 ) (8192 -4096 -2944 ) 
4 1786 1796 (8192 -4544 2048 ) (8192 -4544 -2944 ) (8576 -4544 -2944 ) (8576 -4544 2048 ) 
4 1786 1795 (8576 -4544 -2944 ) (9088 -4544 -2944 ) (9088 -4544 3456 ) (8576 -4544 3456 ) 
4 1786 1787 (9088 -4544 -2944 ) (9216 -4544 -2944 ) (9216 -4544 3456 ) (9088 -4544 3456 ) 
4 1787 1814 (9216 -5120 -2944 ) (9216 -5120 3456 ) (9088 -5120 3456 ) (9088 -5120 -2944 ) 
4 1787 1795 (9088 -4544 3456 ) (9088 -4544 -2944 ) (9088 -5120 -2944 ) (9088 -5120 3456 ) 
4 1788 1790 (8960 -4544 4928 ) (8960 -4544 3904 ) (8960 -4992 3904 ) (8960 -4992 4928 ) 
4 1789 1813 (9088 -5120 3904 ) (9088 -5120 4928 ) (8960 -5120 4928 ) (8960 -5120 3904 ) 
4 1789 1792 (8960 -5056 3904 ) (8960 -5120 3904 ) (8960 -5120 4928 ) (8960 -5056 4928 ) 
4 1790 1793 (8704 -4544 4928 ) (8704 -4544 3904 ) (8704 -4992 3904 ) (8704 -4992 4928 ) 
4 1790 1791 (8704 -4992 4352 ) (8704 -4992 3904 ) (8960 -4992 3904 ) (8960 -4992 4352 ) 
4 1791 1792 (8704 -5056 4352 ) (8704 -5056 3904 ) (8960 -5056 3904 ) (8960 -5056 4352 ) 
4 1792 1813 (8960 -5120 4928 ) (8704 -5120 4928 ) (8704 -5120 3904 ) (8960 -5120 3904 ) 
4 1792 1794 (8704 -5056 3904 ) (8704 -5120 3904 ) (8704 -5120 4928 ) (8704 -5056 4928 ) 
4 1794 1813 (8704 -5120 4928 ) (8576 -5120 4928 ) (8576 -5120 3904 ) (8704 -5120 3904 ) 
4 1795 1814 (9088 -5120 -2944 ) (9088 -5120 3456 ) (8576 -5120 3456 ) (8576 -5120 -2944 ) 
4 1795 1796 (8576 -5120 -2944 ) (8576 -5120 2048 ) (8576 -4544 2048 ) (8576 -4544 -2944 ) 
4 1796 1815 (8576 -5120 -2944 ) (8576 -5120 2048 ) (8192 -5120 2048 ) (8192 -5120 -2944 ) 
4 1796 1800 (8192 -5120 -2944 ) (8192 -5120 2048 ) (8192 -4544 2048 ) (8192 -4544 -2944 ) 
4 1797 1818 (8192 -5120 5120 ) (8192 -5120 7168 ) (7680 -5120 7168 ) (7680 -5120 5120 ) 
4 1797 1801 (7680 -4096 7168 ) (7680 -4096 5120 ) (7680 -5120 5120 ) (7680 -5120 7168 ) 
4 1798 1802 (7680 -4096 4352 ) (7680 -4096 3904 ) (7680 -4352 3904 ) (7680 -4352 4352 ) 
4 1799 1808 (7680 -4096 2048 ) (7680 -4096 -2944 ) (7680 -4544 -2944 ) (7680 -4544 2048 ) 
4 1799 1803 (7680 -4096 3456 ) (7680 -4096 2048 ) (7680 -4544 2048 ) (7680 -4544 3456 ) 
4 1799 1800 (8192 -4544 -2944 ) (8192 -4544 2048 ) (7680 -4544 2048 ) (7680 -4544 -2944 ) 
4 1800 1819 (8192 -5120 -2944 ) (8192 -5120 2048 ) (7680 -5120 2048 ) (7680 -5120 -2944 ) 
4 1800 1811 (7680 -5120 -2944 ) (7680 -5120 2048 ) (7680 -4992 2048 ) (7680 -4992 -2944 ) 
4 1800 1808 (7680 -4992 2048 ) (7680 -4544 2048 ) (7680 -4544 -2944 ) (7680 -4992 -2944 ) 
4 1801 1821 (7168 -5120 5120 ) (7168 -5120 7168 ) (7168 -4096 7168 ) (7168 -4096 5120 ) 
4 1801 1818 (7680 -5120 5120 ) (7680 -5120 7168 ) (7168 -5120 7168 ) (7168 -5120 5120 ) 
4 1802 1804 (7616 -4096 4352 ) (7616 -4096 3904 ) (7616 -4352 3904 ) (7616 -4352 4352 ) 
4 1803 1808 (7680 -4992 2048 ) (7616 -4992 2048 ) (7616 -4096 2048 ) (7680 -4096 2048 ) 
4 1803 1806 (7616 -4096 2048 ) (7616 -4864 2048 ) (7616 -4864 3456 ) (7616 -4096 3456 ) 
4 1804 1805 (7488 -4864 5056 ) (7488 -4096 5056 ) (7488 -4096 3904 ) (7488 -4864 3904 ) 
4 1805 1809 (7296 -4992 3904 ) (7296 -4992 5056 ) (7296 -4096 5056 ) (7296 -4096 3904 ) 
4 1806 1808 (7488 -4864 2048 ) (7488 -4096 2048 ) (7616 -4096 2048 ) (7616 -4864 2048 ) 
4 1806 1807 (7488 -4096 2048 ) (7488 -4864 2048 ) (7488 -4864 3456 ) (7488 -4096 3456 ) 
4 1807 1810 (7296 -4992 2048 ) (7296 -4992 3456 ) (7296 -4096 3456 ) (7296 -4096 2048 ) 
4 1807 1808 (7488 -4992 2048 ) (7296 -4992 2048 ) (7296 -4096 2048 ) (7488 -4096 2048 ) 
4 1808 1811 (7680 -4992 -2944 ) (7680 -4992 2048 ) (7296 -4992 2048 ) (7296 -4992 -2944 ) 
4 1808 1810 (7296 -4992 -2944 ) (7296 -4992 2048 ) (7296 -4096 2048 ) (7296 -4096 -2944 ) 
4 1809 1822 (7168 -4992 3776 ) (7168 -4992 5056 ) (7168 -4096 5056 ) (7168 -4096 3776 ) 
4 1810 1826 (7168 -4992 -2944 ) (7168 -4992 2048 ) (7168 -4096 2048 ) (7168 -4096 -2944 ) 
4 1810 1823 (7168 -4992 2048 ) (7168 -4992 3456 ) (7168 -4096 3456 ) (7168 -4096 2048 ) 
4 1810 1811 (7296 -4992 -2944 ) (7296 -4992 2048 ) (7168 -4992 2048 ) (7168 -4992 -2944 ) 
4 1811 1826 (7168 -5120 -2944 ) (7168 -5120 2048 ) (7168 -4992 2048 ) (7168 -4992 -2944 ) 
4 1811 1820 (7680 -5120 -2944 ) (7680 -5120 640 ) (7168 -5120 640 ) (7168 -5120 -2944 ) 
4 1812 1834 (9216 -6144 5120 ) (9216 -6144 7168 ) (8192 -6144 7168 ) (8192 -6144 5120 ) 
4 1812 1818 (8192 -5120 7168 ) (8192 -5120 5120 ) (8192 -6144 5120 ) (8192 -6144 7168 ) 
4 1813 1816 (8576 -5440 4928 ) (8576 -5440 3904 ) (9088 -5440 3904 ) (9088 -5440 4928 ) 
4 1814 1817 (8576 -5440 3456 ) (8576 -5440 -2944 ) (9216 -5440 -2944 ) (9216 -5440 3456 ) 
4 1814 1815 (8576 -5440 -2944 ) (8576 -5440 2048 ) (8576 -5120 2048 ) (8576 -5120 -2944 ) 
4 1815 1819 (8192 -5120 2048 ) (8192 -5120 -2944 ) (8192 -5440 -2944 ) (8192 -5440 2048 ) 
4 1815 1817 (8192 -5440 2048 ) (8192 -5440 -2944 ) (8576 -5440 -2944 ) (8576 -5440 2048 ) 
4 1816 1843 (8956 -6144 3928 ) (8708 -6144 3928 ) (8716 -6144 3904 ) (8948 -6144 3904 ) 
4 1816 1841 (9216 -6144 3904 ) (9216 -6144 3928 ) (8956 -6144 3928 ) (8948 -6144 3904 ) 
4 1816 1840 (8708 -6144 3928 ) (8192 -6144 3928 ) (8192 -6144 3904 ) (8716 -6144 3904 ) 
4 1816 1837 (8960 -6144 3936 ) (8704 -6144 3936 ) (8704 -6144 3928 ) (8960 -6144 3928 ) 
4 1816 1836 (9216 -6144 3928 ) (9216 -6144 3936 ) (8960 -6144 3936 ) (8960 -6144 3928 ) 
4 1816 1839 (8704 -6144 3936 ) (8192 -6144 3936 ) (8192 -6144 3928 ) (8704 -6144 3928 ) 
4 1816 1835 (9216 -6144 3936 ) (9216 -6144 4928 ) (8192 -6144 4928 ) (8192 -6144 3936 ) 
4 1817 1848 (9216 -6144 -2944 ) (9216 -6144 3456 ) (8192 -6144 3456 ) (8192 -6144 -2944 ) 
4 1817 1819 (8192 -6144 -2944 ) (8192 -6144 2048 ) (8192 -5440 2048 ) (8192 -5440 -2944 ) 
4 1818 1850 (8192 -6144 5120 ) (8192 -6144 7168 ) (7168 -6144 7168 ) (7168 -6144 5120 ) 
4 1818 1830 (7168 -6144 5120 ) (7168 -6144 7168 ) (7168 -5120 7168 ) (7168 -5120 5120 ) 
4 1819 1851 (8192 -6144 -2944 ) (8192 -6144 2048 ) (7680 -6144 2048 ) (7680 -6144 -2944 ) 
4 1819 1820 (7680 -5120 640 ) (7680 -5120 -2944 ) (7680 -6144 -2944 ) (7680 -6144 640 ) 
4 1820 1858 (7680 -6144 -2944 ) (7680 -6144 640 ) (7168 -6144 640 ) (7168 -6144 -2944 ) 
4 1820 1831 (7168 -6144 -2944 ) (7168 -6144 640 ) (7168 -5120 640 ) (7168 -5120 -2944 ) 
4 1821 1830 (7168 -5120 5120 ) (7168 -5120 7168 ) (6144 -5120 7168 ) (6144 -5120 5120 ) 
4 1821 1827 (6144 -5120 5120 ) (6144 -5120 7168 ) (6144 -4096 7168 ) (6144 -4096 5120 ) 
4 1822 1824 (6976 -4992 3776 ) (6976 -4992 5056 ) (6976 -4096 5056 ) (6976 -4096 3776 ) 
4 1823 1826 (6976 -4096 2048 ) (7168 -4096 2048 ) (7168 -4992 2048 ) (6976 -4992 2048 ) 
4 1824 1825 (6592 -4992 3648 ) (6592 -4992 5056 ) (6592 -4096 5056 ) (6592 -4096 3648 ) 
4 1825 1828 (6144 -4954.805176 5056 ) (6144 -4096 5056 ) (6144 -4096 2112 ) (6144 -4954.805176 2112 ) 
4 1826 1831 (7168 -5120 -2944 ) (7168 -5120 640 ) (6144 -5120 640 ) (6144 -5120 -2944 ) 
4 1826 1829 (6144 -5120 -2944 ) (6144 -5120 2048 ) (6144 -4096 2048 ) (6144 -4096 -2944 ) 
4 1827 2161 (5120 -5120 5120 ) (5120 -5120 7168 ) (5120 -4096 7168 ) (5120 -4096 5120 ) 
4 1827 1832 (5120 -5120 7168 ) (5120 -5120 5120 ) (6144 -5120 5120 ) (6144 -5120 7168 ) 
4 1828 2162 (5120 -4096 5056 ) (5120 -4096 2112 ) (5120 -4835.734375 2112 ) (5120 -4835.734375 5056 ) 
4 1829 2163 (5120 -5120 -2944 ) (5120 -5120 2048 ) (5120 -4096 2048 ) (5120 -4096 -2944 ) 
4 1829 1833 (5120 -5120 640 ) (5120 -5120 -2944 ) (6144 -5120 -2944 ) (6144 -5120 640 ) 
4 1830 1872 (7168 -6144 5120 ) (7168 -6144 7168 ) (6144 -6144 7168 ) (6144 -6144 5120 ) 
4 1830 1832 (6144 -5120 7168 ) (6144 -5120 5120 ) (6144 -6144 5120 ) (6144 -6144 7168 ) 
4 1831 1873 (7168 -6144 -2944 ) (7168 -6144 640 ) (6144 -6144 640 ) (6144 -6144 -2944 ) 
4 1831 1833 (6144 -5120 640 ) (6144 -5120 -2944 ) (6144 -6144 -2944 ) (6144 -6144 640 ) 
4 1832 2175 (5120 -6144 5120 ) (5120 -6144 7168 ) (5120 -5120 7168 ) (5120 -5120 5120 ) 
4 1832 1874 (5120 -6144 7168 ) (5120 -6144 5120 ) (6144 -6144 5120 ) (6144 -6144 7168 ) 
4 1833 2176 (5120 -6144 -2944 ) (5120 -6144 640 ) (5120 -5120 640 ) (5120 -5120 -2944 ) 
4 1833 1875 (5120 -6144 640 ) (5120 -6144 -2944 ) (6144 -6144 -2944 ) (6144 -6144 640 ) 
4 1834 1859 (9216 -7168 5120 ) (9216 -7168 7168 ) (8192 -7168 7168 ) (8192 -7168 5120 ) 
4 1834 1850 (8192 -6144 7168 ) (8192 -6144 5120 ) (8192 -7168 5120 ) (8192 -7168 7168 ) 
4 1834 1846 (8192 -7168 5120 ) (8192 -6720 5120 ) (8448 -6720 5120 ) (8448 -7168 5120 ) 
4 1834 1845 (9216 -6720 5120 ) (9216 -7168 5120 ) (8448 -7168 5120 ) (8448 -6720 5120 ) 
4 1835 1852 (8192 -6592 4608 ) (8192 -6592 4928 ) (8192 -6208 4928 ) (8192 -6208 4608 ) 
4 1835 1844 (9216 -6592 3936 ) (9216 -6592 4800 ) (8448 -6592 4800 ) (8448 -6592 3936 ) 
4 1835 1837 (8704 -6272 3936 ) (8704 -6144 3936 ) (8960 -6144 3936 ) (8960 -6272 3936 ) 
4 1835 1838 (8960 -6592 3936 ) (8704 -6592 3936 ) (8704 -6336 3936 ) (8960 -6336 3936 ) 
4 1835 1836 (9216 -6592 3936 ) (8960 -6592 3936 ) (8960 -6144 3936 ) (9216 -6144 3936 ) 
4 1835 1839 (8704 -6592 3936 ) (8192 -6592 3936 ) (8192 -6144 3936 ) (8704 -6144 3936 ) 
4 1836 1844 (9216 -6592 3928 ) (9216 -6592 3936 ) (8960 -6592 3936 ) (8960 -6592 3928 ) 
4 1836 1841 (9216 -6592 3928 ) (8960 -6592 3928 ) (8960 -6144 3928 ) (9216 -6144 3928 ) 
4 1836 1837 (8960 -6144 3928 ) (8960 -6272 3928 ) (8960 -6272 3936 ) (8960 -6144 3936 ) 
4 1836 1838 (8960 -6336 3928 ) (8960 -6592 3928 ) (8960 -6592 3936 ) (8960 -6336 3936 ) 
4 1837 1843 (8708 -6144 3928 ) (8956 -6144 3928 ) (8956 -6272 3928 ) (8708 -6272 3928 ) 
4 1837 1841 (8956 -6144 3928 ) (8960 -6144 3928 ) (8960 -6272 3928 ) (8956 -6272 3928 ) 
4 1837 1840 (8704 -6272 3928 ) (8704 -6144 3928 ) (8708 -6144 3928 ) (8708 -6272 3928 ) 
4 1837 1839 (8704 -6144 3928 ) (8704 -6272 3928 ) (8704 -6272 3936 ) (8704 -6144 3936 ) 
4 1838 1844 (8960 -6592 3936 ) (8704 -6592 3936 ) (8704 -6592 3928 ) (8960 -6592 3928 ) 
4 1838 1842 (8956 -6592 3928 ) (8708 -6592 3928 ) (8708 -6336 3928 ) (8956 -6336 3928 ) 
4 1838 1841 (8960 -6592 3928 ) (8956 -6592 3928 ) (8956 -6336 3928 ) (8960 -6336 3928 ) 
4 1838 1840 (8708 -6592 3928 ) (8704 -6592 3928 ) (8704 -6336 3928 ) (8708 -6336 3928 ) 
4 1838 1839 (8704 -6336 3928 ) (8704 -6592 3928 ) (8704 -6592 3936 ) (8704 -6336 3936 ) 
4 1839 1844 (8704 -6592 3936 ) (8448 -6592 3936 ) (8448 -6592 3928 ) (8704 -6592 3928 ) 
4 1839 1840 (8704 -6592 3928 ) (8192 -6592 3928 ) (8192 -6144 3928 ) (8704 -6144 3928 ) 
4 1840 1844 (8448 -6592 3904 ) (8716 -6592 3904 ) (8708 -6592 3928 ) (8448 -6592 3928 ) 
4 1840 1843 (8708 -6144 3928 ) (8708 -6276 3928 ) (8716 -6284 3904 ) (8716 -6144 3904 ) 
4 1840 1842 (8708 -6332 3928 ) (8708 -6592 3928 ) (8716 -6592 3904 ) (8716 -6324 3904 ) 
4 1841 1844 (8948 -6592 3904 ) (9216 -6592 3904 ) (9216 -6592 3928 ) (8956 -6592 3928 ) 
4 1841 1843 (8948 -6144 3904 ) (8948 -6284 3904 ) (8956 -6276 3928 ) (8956 -6144 3928 ) 
4 1841 1842 (8948 -6324 3904 ) (8948 -6592 3904 ) (8956 -6592 3928 ) (8956 -6332 3928 ) 
4 1842 1844 (8716 -6592 3904 ) (8948 -6592 3904 ) (8956 -6592 3928 ) (8708 -6592 3928 ) 
4 1844 1845 (8448 -6720 4800 ) (8448 -6720 3904 ) (9216 -6720 3904 ) (9216 -6720 4800 ) 
4 1845 1859 (9216 -7168 3904 ) (9216 -7168 5120 ) (8448 -7168 5120 ) (8448 -7168 3904 ) 
4 1845 1847 (9216 -7168 3904 ) (8448 -7168 3904 ) (8448 -6720 3904 ) (9216 -6720 3904 ) 
4 1845 1846 (8448 -6720 3904 ) (8448 -7168 3904 ) (8448 -7168 5120 ) (8448 -6720 5120 ) 
4 1846 1859 (8448 -7168 5120 ) (8192 -7168 5120 ) (8192 -7168 3904 ) (8448 -7168 3904 ) 
4 1846 1856 (8192 -6720 3904 ) (8192 -7168 3904 ) (8192 -7168 5120 ) (8192 -6720 5120 ) 
4 1846 1847 (8448 -7168 3904 ) (8192 -7168 3904 ) (8192 -6720 3904 ) (8448 -6720 3904 ) 
4 1847 1859 (9216 -7168 3584 ) (9216 -7168 3904 ) (8192 -7168 3904 ) (8192 -7168 3584 ) 
4 1847 1856 (8192 -6720 3584 ) (8192 -7168 3584 ) (8192 -7168 3904 ) (8192 -6720 3904 ) 
4 1848 1853 (8192 -6464 640 ) (8192 -6464 3456 ) (8192 -6208 3456 ) (8192 -6208 640 ) 
4 1848 1855 (8192 -6208 -2944 ) (8192 -6464 -2944 ) (8192 -6464 640 ) (8192 -6208 640 ) 
4 1848 1851 (8192 -6144 2048 ) (8192 -6144 -2944 ) (8192 -6208 -2944 ) (8192 -6208 2048 ) 
4 1848 1849 (9216 -6464 -2944 ) (9216 -6464 640 ) (8192 -6464 640 ) (8192 -6464 -2944 ) 
4 1849 1864 (9216 -7168 -2944 ) (9216 -7168 640 ) (8192 -7168 640 ) (8192 -7168 -2944 ) 
4 1849 1857 (8192 -7168 -2944 ) (8192 -7168 640 ) (8192 -6720 640 ) (8192 -6720 -2944 ) 
4 1849 1855 (8192 -6720 640 ) (8192 -6464 640 ) (8192 -6464 -2944 ) (8192 -6720 -2944 ) 
4 1850 1872 (7168 -6144 7168 ) (7168 -6144 5120 ) (7168 -7168 5120 ) (7168 -7168 7168 ) 
4 1850 1868 (7680 -7168 7168 ) (7168 -7168 7168 ) (7168 -7168 5120 ) (7680 -7168 5120 ) 
4 1850 1865 (8192 -7168 5120 ) (8192 -7168 7168 ) (7680 -7168 7168 ) (7680 -7168 5120 ) 
4 1850 1856 (8192 -6720 5120 ) (8192 -7168 5120 ) (7680 -7168 5120 ) (7680 -6720 5120 ) 
4 1851 1858 (7680 -6144 640 ) (7680 -6144 -2944 ) (7680 -6208 -2944 ) (7680 -6208 640 ) 
4 1851 1854 (7680 -6208 2048 ) (7680 -6208 640 ) (7808 -6208 640 ) (7808 -6208 2048 ) 
4 1851 1853 (7808 -6208 640 ) (8192 -6208 640 ) (8192 -6208 2048 ) (7808 -6208 2048 ) 
4 1851 1855 (7680 -6208 640 ) (7680 -6208 -2944 ) (8192 -6208 -2944 ) (8192 -6208 640 ) 
4 1853 1854 (7808 -6208 640 ) (7808 -6464 640 ) (7808 -6464 2048 ) (7808 -6208 2048 ) 
4 1853 1855 (7808 -6464 640 ) (7808 -6208 640 ) (8192 -6208 640 ) (8192 -6464 640 ) 
4 1854 1855 (7680 -6464 640 ) (7680 -6208 640 ) (7808 -6208 640 ) (7808 -6464 640 ) 
4 1855 1858 (7680 -6208 640 ) (7680 -6208 -2944 ) (7680 -6720 -2944 ) (7680 -6720 640 ) 
4 1855 1857 (7680 -6720 640 ) (7680 -6720 -2944 ) (8192 -6720 -2944 ) (8192 -6720 640 ) 
4 1856 1865 (8192 -7168 3584 ) (8192 -7168 5120 ) (7680 -7168 5120 ) (7680 -7168 3584 ) 
4 1857 1871 (8192 -7168 -2944 ) (8192 -7168 640 ) (7680 -7168 640 ) (7680 -7168 -2944 ) 
4 1857 1858 (7680 -6720 640 ) (7680 -6720 -2944 ) (7680 -7168 -2944 ) (7680 -7168 640 ) 
4 1858 1873 (7168 -6144 640 ) (7168 -6144 -2944 ) (7168 -7168 -2944 ) (7168 -7168 640 ) 
4 1858 1871 (7680 -7168 -2944 ) (7680 -7168 640 ) (7168 -7168 640 ) (7168 -7168 -2944 ) 
4 1859 2305 (9216 -8192 3584 ) (9216 -8192 7168 ) (8192 -8192 7168 ) (8192 -8192 3584 ) 
4 1859 1866 (8192 -7552 3584 ) (8192 -8192 3584 ) (8192 -8192 7168 ) (8192 -7552 7168 ) 
4 1859 1865 (8192 -7168 7168 ) (8192 -7168 3584 ) (8192 -7552 3584 ) (8192 -7552 7168 ) 
4 1859 1863 (8576 -8192 3584 ) (8192 -8192 3584 ) (8192 -8064 3584 ) (8576 -8064 3584 ) 
4 1859 1861 (9216 -8064 3584 ) (9216 -8192 3584 ) (8576 -8192 3584 ) (8576 -8064 3584 ) 
4 1859 1860 (9216 -7552 3584 ) (9216 -8064 3584 ) (8192 -8064 3584 ) (8192 -7552 3584 ) 
4 1860 1866 (8192 -8064 3072 ) (8192 -8064 3584 ) (8192 -7552 3584 ) (8192 -7552 3072 ) 
4 1860 1863 (8576 -8064 3584 ) (8192 -8064 3584 ) (8192 -8064 3072 ) (8576 -8064 3072 ) 
4 1860 1861 (9216 -8064 3072 ) (9216 -8064 3584 ) (8576 -8064 3584 ) (8576 -8064 3072 ) 
4 1861 2305 (9216 -8192 3072 ) (9216 -8192 3584 ) (8576 -8192 3584 ) (8576 -8192 3072 ) 
4 1861 1863 (8576 -8064 3584 ) (8576 -8064 3072 ) (8576 -8192 3072 ) (8576 -8192 3584 ) 
4 1861 1862 (8960 -8064 3072 ) (9216 -8064 3072 ) (9216 -8192 3072 ) (8832 -8192 3072 ) 
4 1862 2306 (9216 -8192 640 ) (9216 -8192 3072 ) (8832 -8192 3072 ) (8832 -8192 640 ) 
4 1862 1864 (9216 -8192 640 ) (8832 -8192 640 ) (8960 -8064 640 ) (9216 -8064 640 ) 
4 1863 2305 (8576 -8192 3584 ) (8192 -8192 3584 ) (8192 -8192 3072 ) (8576 -8192 3072 ) 
4 1863 1866 (8192 -8192 3072 ) (8192 -8192 3584 ) (8192 -8064 3584 ) (8192 -8064 3072 ) 
4 1864 2308 (9216 -8192 -2944 ) (9216 -8192 640 ) (8192 -8192 640 ) (8192 -8192 -2944 ) 
4 1864 1871 (8192 -7168 640 ) (8192 -7168 -2944 ) (8192 -8192 -2944 ) (8192 -8192 640 ) 
4 1865 1868 (7680 -7168 7168 ) (7680 -7168 5120 ) (7680 -7552 5120 ) (7680 -7552 7168 ) 
4 1865 1867 (7680 -7552 7168 ) (7680 -7552 3584 ) (7936 -7552 3584 ) (7936 -7552 7168 ) 
4 1865 1866 (7936 -7552 3584 ) (8192 -7552 3584 ) (8192 -7552 7168 ) (7936 -7552 7168 ) 
4 1866 2309 (8192 -8192 3072 ) (8192 -8192 7168 ) (7936 -8192 7168 ) (7936 -8192 3072 ) 
4 1866 1867 (7936 -7552 7168 ) (7936 -7552 3072 ) (7936 -8192 3072 ) (7936 -8192 7168 ) 
4 1867 2311 (7680 -8192 7168 ) (7680 -8192 2880 ) (7936 -8192 2880 ) (7936 -8192 7168 ) 
4 1867 1869 (7680 -8192 2880 ) (7680 -8192 5120 ) (7680 -7552 5120 ) (7680 -7552 2880 ) 
4 1867 1868 (7680 -8192 5120 ) (7680 -8192 7168 ) (7680 -7552 7168 ) (7680 -7552 5120 ) 
4 1868 2311 (7168 -8192 7168 ) (7168 -8192 5120 ) (7680 -8192 5120 ) (7680 -8192 7168 ) 
4 1868 1882 (7168 -8192 5120 ) (7168 -8192 7168 ) (7168 -7552 7168 ) (7168 -7552 5120 ) 
4 1868 1878 (7168 -7552 7168 ) (7168 -7424 7168 ) (7168 -7424 5120 ) (7168 -7552 5120 ) 
4 1868 1876 (7168 -7424 7168 ) (7168 -7168 7168 ) (7168 -7168 5120 ) (7168 -7424 5120 ) 
4 1868 1869 (7680 -7552 5120 ) (7680 -8192 5120 ) (7296 -8192 5120 ) (7296 -7552 5120 ) 
4 1868 1870 (7296 -8192 5120 ) (7168 -8192 5120 ) (7168 -7552 5120 ) (7296 -7552 5120 ) 
4 1869 2311 (7680 -8192 2688 ) (7680 -8192 5120 ) (7296 -8192 5120 ) (7296 -8192 2688 ) 
4 1869 1870 (7296 -7552 5120 ) (7296 -7552 2688 ) (7296 -8192 2688 ) (7296 -8192 5120 ) 
4 1870 2311 (7168 -8192 5120 ) (7168 -8192 640 ) (7296 -8192 640 ) (7296 -8192 5120 ) 
4 1870 1882 (7168 -8192 640 ) (7168 -8192 5120 ) (7168 -7552 5120 ) (7168 -7552 640 ) 
4 1870 1871 (7296 -8192 640 ) (7168 -8192 640 ) (7168 -7552 640 ) (7296 -7552 640 ) 
4 1871 2312 (8192 -8192 -2944 ) (8192 -8192 640 ) (7168 -8192 640 ) (7168 -8192 -2944 ) 
4 1871 1882 (7168 -8192 -2944 ) (7168 -8192 640 ) (7168 -7552 640 ) (7168 -7552 -2944 ) 
4 1871 1881 (7168 -7552 640 ) (7168 -7424 640 ) (7168 -7424 -2944 ) (7168 -7552 -2944 ) 
4 1871 1877 (7168 -7424 640 ) (7168 -7168 640 ) (7168 -7168 -2944 ) (7168 -7424 -2944 ) 
4 1872 1876 (7168 -7168 5120 ) (7168 -7168 7168 ) (6144 -7168 7168 ) (6144 -7168 5120 ) 
4 1872 1874 (6144 -6144 7168 ) (6144 -6144 5120 ) (6144 -7168 5120 ) (6144 -7168 7168 ) 
4 1873 1877 (7168 -7168 -2944 ) (7168 -7168 640 ) (6144 -7168 640 ) (6144 -7168 -2944 ) 
4 1873 1875 (6144 -6144 640 ) (6144 -6144 -2944 ) (6144 -7168 -2944 ) (6144 -7168 640 ) 
4 1874 2188 (5120 -7168 5120 ) (5120 -7168 7168 ) (5120 -6144 7168 ) (5120 -6144 5120 ) 
4 1874 1883 (5120 -7168 7168 ) (5120 -7168 5120 ) (6144 -7168 5120 ) (6144 -7168 7168 ) 
4 1875 2189 (5120 -7168 -2944 ) (5120 -7168 640 ) (5120 -6144 640 ) (5120 -6144 -2944 ) 
4 1875 1884 (5120 -7168 640 ) (5120 -7168 -2944 ) (6144 -7168 -2944 ) (6144 -7168 640 ) 
4 1876 1883 (6144 -7168 7168 ) (6144 -7168 5120 ) (6144 -7424 5120 ) (6144 -7424 7168 ) 
4 1876 1879 (7072 -7424 7168 ) (6144 -7424 7168 ) (6144 -7424 5120 ) (7072 -7424 5120 ) 
4 1876 1878 (7168 -7424 5120 ) (7168 -7424 7168 ) (7072 -7424 7168 ) (7072 -7424 5120 ) 
4 1877 1884 (6144 -7168 640 ) (6144 -7168 -2944 ) (6144 -7424 -2944 ) (6144 -7424 640 ) 
4 1877 1881 (7168 -7424 -2944 ) (7168 -7424 640 ) (6144 -7424 640 ) (6144 -7424 -2944 ) 
4 1878 1882 (7168 -7552 5120 ) (7168 -7552 7168 ) (7072 -7552 7168 ) (7072 -7552 5120 ) 
4 1878 1879 (7072 -7424 7168 ) (7072 -7424 5120 ) (7072 -7552 5120 ) (7072 -7552 7168 ) 
4 1879 1885 (6144 -7552 5120 ) (6144 -7552 7168 ) (6144 -7424 7168 ) (6144 -7424 5120 ) 
4 1879 1882 (6144 -7552 7168 ) (6144 -7552 5120 ) (7072 -7552 5120 ) (7072 -7552 7168 ) 
4 1880 1882 (7072 -7552 2656 ) (7072 -7552 2976 ) (6752 -7552 2976 ) (6752 -7552 2656 ) 
4 1881 1888 (6144 -7552 -2944 ) (6144 -7552 640 ) (6144 -7424 640 ) (6144 -7424 -2944 ) 
4 1881 1882 (6144 -7552 640 ) (6144 -7552 -2944 ) (7168 -7552 -2944 ) (7168 -7552 640 ) 
4 1882 2315 (7168 -8192 -2944 ) (7168 -8192 7168 ) (6144 -8192 7168 ) (6144 -8192 -2944 ) 
4 1882 1889 (6144 -8192 -2944 ) (6144 -8192 3232 ) (6144 -7552 3232 ) (6144 -7552 -2944 ) 
4 1882 1886 (6144 -8192 3232 ) (6144 -8192 5120 ) (6144 -7552 5120 ) (6144 -7552 3232 ) 
4 1882 1885 (6144 -8192 5120 ) (6144 -8192 7168 ) (6144 -7552 7168 ) (6144 -7552 5120 ) 
4 1883 2193 (5120 -7424 5120 ) (5120 -7424 7168 ) (5120 -7168 7168 ) (5120 -7168 5120 ) 
4 1883 1885 (5120 -7424 7168 ) (5120 -7424 5120 ) (6144 -7424 5120 ) (6144 -7424 7168 ) 
4 1884 2198 (5120 -7424 -2944 ) (5120 -7424 640 ) (5120 -7168 640 ) (5120 -7168 -2944 ) 
4 1884 1888 (5120 -7424 640 ) (5120 -7424 -2944 ) (6144 -7424 -2944 ) (6144 -7424 640 ) 
4 1885 2316 (6144 -8192 5120 ) (6144 -8192 7168 ) (5120 -8192 7168 ) (5120 -8192 5120 ) 
4 1885 2197 (5120 -8192 5120 ) (5120 -8192 7168 ) (5120 -7552 7168 ) (5120 -7552 5120 ) 
4 1885 2194 (5120 -7552 7168 ) (5120 -7424 7168 ) (5120 -7424 5120 ) (5120 -7552 5120 ) 
4 1885 1886 (5120 -8192 5120 ) (5120 -7552 5120 ) (6144 -7552 5120 ) (6144 -8192 5120 ) 
4 1886 2316 (6144 -8192 3232 ) (6144 -8192 5120 ) (5120 -8192 5120 ) (5120 -8192 3232 ) 
4 1886 2197 (5120 -8192 3232 ) (5120 -8192 5120 ) (5120 -7552 5120 ) (5120 -7552 3232 ) 
4 1886 1889 (6144 -8192 3232 ) (5120 -8192 3232 ) (5120 -7552 3232 ) (6144 -7552 3232 ) 
4 1887 1889 (5376 -7552 3104 ) (5376 -7552 2784 ) (5696 -7552 2784 ) (5696 -7552 3104 ) 
4 1888 2198 (5120 -7552 -2944 ) (5120 -7552 640 ) (5120 -7424 640 ) (5120 -7424 -2944 ) 
4 1888 1889 (6144 -7552 -2944 ) (6144 -7552 640 ) (5120 -7552 640 ) (5120 -7552 -2944 ) 
4 1889 2316 (6144 -8192 -2944 ) (6144 -8192 3232 ) (5120 -8192 3232 ) (5120 -8192 -2944 ) 
4 1889 2198 (5120 -8192 -2944 ) (5120 -8192 640 ) (5120 -7552 640 ) (5120 -7552 -2944 ) 
4 1889 2197 (5120 -8192 640 ) (5120 -8192 3232 ) (5120 -7552 3232 ) (5120 -7552 640 ) 
4 1890 1900 (5120 -1024 -2944 ) (5120 -1024 -656 ) (4096 -1024 -656 ) (4096 -1024 -2944 ) 
4 1890 1899 (4416 -1024 -624 ) (4096 -1024 -624 ) (4096 -1024 -656 ) (4416 -1024 -656 ) 
4 1890 1898 (5120 -1024 -656 ) (5120 -1024 -624 ) (4416 -1024 -624 ) (4416 -1024 -656 ) 
4 1890 1897 (4384 -1024 1136 ) (4096 -1024 1136 ) (4096 -1024 -624 ) (4384 -1024 -624 ) 
4 1890 1896 (4416 -1024 1136 ) (4384 -1024 1136 ) (4384 -1024 -624 ) (4416 -1024 -624 ) 
4 1890 1895 (5120 -1024 -624 ) (5120 -1024 1136 ) (4416 -1024 1136 ) (4416 -1024 -624 ) 
4 1890 1893 (4416 -1024 7168 ) (4096 -1024 7168 ) (4096 -1024 1136 ) (4416 -1024 1136 ) 
4 1890 1892 (5120 -1024 1136 ) (5120 -1024 7168 ) (4416 -1024 7168 ) (4416 -1024 1136 ) 
4 1890 1891 (4096 0 7168 ) (4096 0 -2944 ) (4096 -1024 -2944 ) (4096 -1024 7168 ) 
4 1891 1983 (3072 -1024 -2944 ) (3072 -1024 -1152 ) (3072 0 -1152 ) (3072 0 -2944 ) 
4 1891 1982 (3072 -64 768 ) (3072 0 768 ) (3072 0 -1152 ) (3072 -64 -1152 ) 
4 1891 1974 (3072 -64 1280 ) (3072 0 1280 ) (3072 0 768 ) (3072 -64 768 ) 
4 1891 1973 (3072 -64 1408 ) (3072 0 1408 ) (3072 0 1280 ) (3072 -64 1280 ) 
4 1891 1972 (3072 -1024 1408 ) (3072 -1024 7168 ) (3072 0 7168 ) (3072 0 1408 ) 
4 1891 1922 (3072 -1024 -656 ) (3072 -1024 -2944 ) (4096 -1024 -2944 ) (4096 -1024 -656 ) 
4 1891 1920 (3232 -1024 -656 ) (4096 -1024 -656 ) (4096 -1024 -624 ) (3232 -1024 -624 ) 
4 1891 1921 (3072 -1024 -624 ) (3072 -1024 -656 ) (3232 -1024 -656 ) (3232 -1024 -624 ) 
4 1891 1918 (3232 -1024 -624 ) (3264 -1024 -624 ) (3264 -1024 1136 ) (3232 -1024 1136 ) 
4 1891 1919 (3072 -1024 1136 ) (3072 -1024 -624 ) (3232 -1024 -624 ) (3232 -1024 1136 ) 
4 1891 1917 (3264 -1024 -624 ) (3664 -1024 -624 ) (3664 -1024 1136 ) (3264 -1024 1136 ) 
4 1891 1904 (3664 -1024 -624 ) (4096 -1024 -624 ) (4096 -1024 1136 ) (3664 -1024 1136 ) 
4 1891 1901 (3232 -1024 1136 ) (4096 -1024 1136 ) (4096 -1024 7168 ) (3232 -1024 7168 ) 
4 1891 1903 (3072 -1024 7168 ) (3072 -1024 1136 ) (3232 -1024 1136 ) (3232 -1024 7168 ) 
4 1892 1923 (5120 -2048 1136 ) (5120 -2048 7168 ) (4416 -2048 7168 ) (4416 -2048 1136 ) 
4 1892 1895 (4416 -1024 1136 ) (5120 -1024 1136 ) (5120 -2048 1136 ) (4416 -2048 1136 ) 
4 1892 1894 (4416 -2048 1168 ) (4416 -2048 7168 ) (4416 -1728 7168 ) (4416 -1728 1168 ) 
4 1892 1893 (4416 -1024 1136 ) (4416 -1728 1136 ) (4416 -1728 7168 ) (4416 -1024 7168 ) 
4 1893 1901 (4096 -1024 7168 ) (4096 -1024 1136 ) (4096 -1728 1136 ) (4096 -1728 7168 ) 
4 1893 1897 (4096 -1024 1136 ) (4384 -1024 1136 ) (4384 -1728 1136 ) (4096 -1728 1136 ) 
4 1893 1896 (4384 -1024 1136 ) (4416 -1024 1136 ) (4416 -1728 1136 ) (4384 -1728 1136 ) 
4 1893 1894 (4416 -1728 1168 ) (4416 -1728 7168 ) (4096 -1728 7168 ) (4096 -1728 1168 ) 
4 1894 1924 (4416 -2048 7168 ) (4096 -2048 7168 ) (4096 -2048 1168 ) (4416 -2048 1168 ) 
4 1894 1902 (4096 -2048 1168 ) (4096 -2048 7168 ) (4096 -1728 7168 ) (4096 -1728 1168 ) 
4 1895 1942 (4640 -2048 1136 ) (4416 -2048 1136 ) (4416 -2048 -624 ) (4640 -2048 -624 ) 
4 1895 1939 (4800 -2048 176 ) (4640 -2048 176 ) (4640 -2048 -624 ) (4800 -2048 -624 ) 
4 1895 1938 (5120 -2048 -624 ) (5120 -2048 176 ) (4800 -2048 176 ) (4800 -2048 -624 ) 
4 1895 1936 (4672 -2048 400 ) (4640 -2048 400 ) (4640 -2048 176 ) (4672 -2048 176 ) 
4 1895 1933 (4768 -2048 400 ) (4672 -2048 400 ) (4672 -2048 176 ) (4768 -2048 176 ) 
4 1895 1931 (4800 -2048 400 ) (4768 -2048 400 ) (4768 -2048 176 ) (4800 -2048 176 ) 
4 1895 1930 (5120 -2048 176 ) (5120 -2048 400 ) (4800 -2048 400 ) (4800 -2048 176 ) 
4 1895 1927 (4800 -2048 1136 ) (4640 -2048 1136 ) (4640 -2048 400 ) (4800 -2048 400 ) 
4 1895 1926 (5120 -2048 400 ) (5120 -2048 1136 ) (4800 -2048 1136 ) (4800 -2048 400 ) 
4 1895 1898 (5120 -2048 -624 ) (4416 -2048 -624 ) (4416 -1024 -624 ) (5120 -1024 -624 ) 
4 1895 1896 (4416 -1024 -624 ) (4416 -1728 -624 ) (4416 -1728 1136 ) (4416 -1024 1136 ) 
4 1896 1899 (4384 -1728 -624 ) (4384 -1024 -624 ) (4416 -1024 -624 ) (4416 -1728 -624 ) 
4 1896 1897 (4384 -1024 -624 ) (4384 -1728 -624 ) (4384 -1728 1136 ) (4384 -1024 1136 ) 
4 1897 1904 (4096 -1024 1136 ) (4096 -1024 -624 ) (4096 -1728 -624 ) (4096 -1728 1136 ) 
4 1897 1899 (4096 -1728 -624 ) (4096 -1024 -624 ) (4384 -1024 -624 ) (4384 -1728 -624 ) 
4 1898 1946 (5120 -2048 -656 ) (5120 -2048 -624 ) (4416 -2048 -624 ) (4416 -2048 -656 ) 
4 1898 1900 (4416 -1024 -656 ) (5120 -1024 -656 ) (5120 -2048 -656 ) (4416 -2048 -656 ) 
4 1898 1899 (4416 -1024 -656 ) (4416 -1728 -656 ) (4416 -1728 -624 ) (4416 -1024 -624 ) 
4 1899 1920 (4096 -1024 -624 ) (4096 -1024 -656 ) (4096 -1728 -656 ) (4096 -1728 -624 ) 
4 1899 1900 (4096 -1024 -656 ) (4416 -1024 -656 ) (4416 -1728 -656 ) (4096 -1728 -656 ) 
4 1900 1948 (5120 -2048 -2944 ) (5120 -2048 -656 ) (4096 -2048 -656 ) (4096 -2048 -2944 ) 
4 1900 1922 (4096 -1024 -656 ) (4096 -1024 -2944 ) (4096 -2048 -2944 ) (4096 -2048 -656 ) 
4 1901 1918 (3232 -1024 1136 ) (3264 -1024 1136 ) (3264 -1728 1136 ) (3232 -1728 1136 ) 
4 1901 1917 (3264 -1024 1136 ) (3664 -1024 1136 ) (3664 -1728 1136 ) (3264 -1728 1136 ) 
4 1901 1904 (3664 -1024 1136 ) (4096 -1024 1136 ) (4096 -1728 1136 ) (3664 -1728 1136 ) 
4 1901 1902 (3232 -1728 7168 ) (3232 -1728 1168 ) (4096 -1728 1168 ) (4096 -1728 7168 ) 
4 1901 1903 (3232 -1024 1136 ) (3232 -1728 1136 ) (3232 -1728 7168 ) (3232 -1024 7168 ) 
4 1902 1949 (4096 -2048 1168 ) (4096 -2048 7168 ) (3232 -2048 7168 ) (3232 -2048 1168 ) 
4 1902 1903 (3232 -2048 1168 ) (3232 -2048 7168 ) (3232 -1728 7168 ) (3232 -1728 1168 ) 
4 1903 2004 (3072 -2048 1136 ) (3072 -2048 1280 ) (3072 -1920 1280 ) (3072 -1920 1136 ) 
4 1903 1993 (3072 -1920 7168 ) (3072 -1024 7168 ) (3072 -1024 1408 ) (3072 -1920 1408 ) 
4 1903 1994 (3072 -2048 1280 ) (3072 -2048 7168 ) (3072 -1920 7168 ) (3072 -1920 1280 ) 
4 1903 1951 (3232 -2048 7168 ) (3072 -2048 7168 ) (3072 -2048 1136 ) (3232 -2048 1136 ) 
4 1903 1919 (3072 -2048 1136 ) (3072 -1024 1136 ) (3232 -1024 1136 ) (3232 -2048 1136 ) 
4 1904 1920 (3664 -1728 -624 ) (3664 -1024 -624 ) (4096 -1024 -624 ) (4096 -1728 -624 ) 
4 1904 1917 (3664 -1024 -624 ) (3664 -1728 -624 ) (3664 -1728 1136 ) (3664 -1024 1136 ) 
4 1905 1906 (3696 -1808 -624 ) (3920 -1808 -624 ) (3920 -1808 1136 ) (3696 -1808 1136 ) 
4 1906 1913 (3744 -1840 -624 ) (3872 -1840 -624 ) (3872 -1840 336 ) (3744 -1840 336 ) 
4 1906 1912 (3872 -1840 -624 ) (3920 -1840 -624 ) (3920 -1840 368 ) (3872 -1840 368 ) 
4 1906 1914 (3696 -1840 -624 ) (3744 -1840 -624 ) (3744 -1840 368 ) (3696 -1840 368 ) 
4 1906 1907 (3920 -1840 368 ) (3920 -1840 1136 ) (3696 -1840 1136 ) (3696 -1840 368 ) 
4 1907 1912 (3872 -1840 368 ) (3952 -1840 368 ) (3952 -1872 368 ) (3872 -1872 368 ) 
4 1907 1914 (3664 -1872 368 ) (3664 -1840 368 ) (3744 -1840 368 ) (3744 -1872 368 ) 
4 1907 1909 (3792 -1872 368 ) (3824 -1872 368 ) (3824 -1872 1136 ) (3792 -1872 1136 ) 
4 1907 1910 (3664 -1872 1136 ) (3664 -1872 368 ) (3776 -1872 368 ) (3776 -1872 1136 ) 
4 1907 1908 (3840 -1872 368 ) (3952 -1872 368 ) (3952 -1872 1136 ) (3840 -1872 1136 ) 
4 1908 1912 (3872 -1872 368 ) (3952 -1872 368 ) (3952 -1888 368 ) (3872 -1888 368 ) 
4 1908 1911 (3840 -1888 368 ) (3952 -1888 368 ) (3952 -1888 1136 ) (3840 -1888 1136 ) 
4 1909 1911 (3792 -1888 368 ) (3824 -1888 368 ) (3824 -1888 1136 ) (3792 -1888 1136 ) 
4 1910 1914 (3664 -1888 368 ) (3664 -1872 368 ) (3744 -1872 368 ) (3744 -1888 368 ) 
4 1910 1911 (3664 -1888 1136 ) (3664 -1888 368 ) (3776 -1888 368 ) (3776 -1888 1136 ) 
4 1911 1915 (3696 -1968 368 ) (3920 -1968 368 ) (3920 -1968 1136 ) (3696 -1968 1136 ) 
4 1911 1912 (3952 -1968 368 ) (3872 -1968 368 ) (3872 -1888 368 ) (3952 -1888 368 ) 
4 1911 1914 (3744 -1968 368 ) (3664 -1968 368 ) (3664 -1888 368 ) (3744 -1888 368 ) 
4 1912 1915 (3872 -1968 -624 ) (3920 -1968 -624 ) (3920 -1968 368 ) (3872 -1968 368 ) 
4 1912 1913 (3872 -1968 -624 ) (3872 -1968 336 ) (3872 -1840 336 ) (3872 -1840 -624 ) 
4 1913 1915 (3744 -1968 -624 ) (3872 -1968 -624 ) (3872 -1968 336 ) (3744 -1968 336 ) 
4 1913 1914 (3744 -1968 -624 ) (3744 -1968 336 ) (3744 -1840 336 ) (3744 -1840 -624 ) 
4 1914 1915 (3696 -1968 -624 ) (3744 -1968 -624 ) (3744 -1968 368 ) (3696 -1968 368 ) 
4 1915 1916 (3696 -2000 -624 ) (3920 -2000 -624 ) (3920 -2000 1136 ) (3696 -2000 1136 ) 
4 1916 1952 (3952 -2048 1136 ) (3664 -2048 1136 ) (3664 -2048 -624 ) (3952 -2048 -624 ) 
4 1917 1920 (3264 -1728 -624 ) (3264 -1024 -624 ) (3664 -1024 -624 ) (3664 -1728 -624 ) 
4 1917 1918 (3264 -1024 -624 ) (3264 -1728 -624 ) (3264 -1728 1136 ) (3264 -1024 1136 ) 
4 1918 1920 (3232 -1728 -624 ) (3232 -1024 -624 ) (3264 -1024 -624 ) (3264 -1728 -624 ) 
4 1918 1919 (3232 -1024 -624 ) (3232 -1728 -624 ) (3232 -1728 1136 ) (3232 -1024 1136 ) 
4 1919 2004 (3072 -2048 -624 ) (3072 -2048 1136 ) (3072 -1920 1136 ) (3072 -1920 -624 ) 
4 1919 1955 (3232 -2048 1136 ) (3072 -2048 1136 ) (3072 -2048 -624 ) (3232 -2048 -624 ) 
4 1919 1921 (3232 -2048 -624 ) (3072 -2048 -624 ) (3072 -1024 -624 ) (3232 -1024 -624 ) 
4 1920 1922 (3232 -1024 -656 ) (4096 -1024 -656 ) (4096 -1728 -656 ) (3232 -1728 -656 ) 
4 1920 1921 (3232 -1024 -656 ) (3232 -1728 -656 ) (3232 -1728 -624 ) (3232 -1024 -624 ) 
4 1921 2004 (3072 -2048 -656 ) (3072 -2048 -624 ) (3072 -1920 -624 ) (3072 -1920 -656 ) 
4 1921 1957 (3232 -2048 -624 ) (3072 -2048 -624 ) (3072 -2048 -656 ) (3232 -2048 -656 ) 
4 1921 1922 (3072 -2048 -656 ) (3072 -1024 -656 ) (3232 -1024 -656 ) (3232 -2048 -656 ) 
4 1922 2005 (3072 -2048 -2944 ) (3072 -2048 -1152 ) (3072 -1024 -1152 ) (3072 -1024 -2944 ) 
4 1922 2004 (3072 -2048 -1152 ) (3072 -2048 -656 ) (3072 -1920 -656 ) (3072 -1920 -1152 ) 
4 1922 1958 (4096 -2048 -2944 ) (4096 -2048 -656 ) (3072 -2048 -656 ) (3072 -2048 -2944 ) 
4 1923 1962 (5120 -3072 1136 ) (5120 -3072 2112 ) (4416 -3072 2112 ) (4416 -3072 1136 ) 
4 1923 1961 (5120 -3072 2112 ) (5120 -3072 5120 ) (4416 -3072 5120 ) (4416 -3072 2112 ) 
4 1923 1959 (5120 -3072 5120 ) (5120 -3072 7168 ) (4416 -3072 7168 ) (4416 -3072 5120 ) 
4 1923 1942 (4640 -3072 1136 ) (4416 -3072 1136 ) (4416 -2048 1136 ) (4640 -2048 1136 ) 
4 1923 1928 (4640 -2320 1136 ) (4640 -2160 1136 ) (4800 -2160 1136 ) (4800 -2320 1136 ) 
4 1923 1927 (4640 -2160 1136 ) (4640 -2048 1136 ) (4800 -2048 1136 ) (4800 -2160 1136 ) 
4 1923 1929 (4800 -3072 1136 ) (4640 -3072 1136 ) (4640 -2320 1136 ) (4800 -2320 1136 ) 
4 1923 1926 (5120 -3072 1136 ) (4800 -3072 1136 ) (4800 -2048 1136 ) (5120 -2048 1136 ) 
4 1923 1924 (4416 -2544 1168 ) (4416 -2544 7168 ) (4416 -2048 7168 ) (4416 -2048 1168 ) 
4 1923 1925 (4416 -2544 1136 ) (4416 -3072 1136 ) (4416 -3072 7168 ) (4416 -2544 7168 ) 
4 1924 1949 (4096 -2544 7168 ) (4096 -2048 7168 ) (4096 -2048 1168 ) (4096 -2544 1168 ) 
4 1924 1925 (4416 -2544 1168 ) (4416 -2544 7168 ) (4096 -2544 7168 ) (4096 -2544 1168 ) 
4 1925 1962 (4096 -3072 2112 ) (4096 -3072 1136 ) (4416 -3072 1136 ) (4416 -3072 2112 ) 
4 1925 1961 (4096 -3072 5120 ) (4096 -3072 2112 ) (4416 -3072 2112 ) (4416 -3072 5120 ) 
4 1925 1959 (4416 -3072 7168 ) (4096 -3072 7168 ) (4096 -3072 5120 ) (4416 -3072 5120 ) 
4 1925 1950 (4096 -3072 1136 ) (4096 -3072 7168 ) (4096 -2544 7168 ) (4096 -2544 1136 ) 
4 1925 1945 (4384 -3072 1136 ) (4096 -3072 1136 ) (4096 -2544 1136 ) (4384 -2544 1136 ) 
4 1925 1943 (4416 -3072 1136 ) (4384 -3072 1136 ) (4384 -2544 1136 ) (4416 -2544 1136 ) 
4 1926 1962 (5120 -3072 400 ) (5120 -3072 1136 ) (4800 -3072 1136 ) (4800 -3072 400 ) 
4 1926 1930 (5120 -3072 400 ) (4800 -3072 400 ) (4800 -2048 400 ) (5120 -2048 400 ) 
4 1926 1928 (4800 -2320 432 ) (4800 -2320 1136 ) (4800 -2160 1136 ) (4800 -2160 432 ) 
4 1926 1927 (4800 -2048 400 ) (4800 -2160 400 ) (4800 -2160 1136 ) (4800 -2048 1136 ) 
4 1926 1929 (4800 -2320 400 ) (4800 -3072 400 ) (4800 -3072 1136 ) (4800 -2320 1136 ) 
4 1927 1942 (4640 -2160 1136 ) (4640 -2048 1136 ) (4640 -2048 400 ) (4640 -2160 400 ) 
4 1927 1936 (4640 -2160 400 ) (4640 -2048 400 ) (4672 -2048 400 ) (4672 -2160 400 ) 
4 1927 1933 (4672 -2048 400 ) (4768 -2048 400 ) (4768 -2160 400 ) (4672 -2160 400 ) 
4 1927 1931 (4768 -2048 400 ) (4800 -2048 400 ) (4800 -2160 400 ) (4768 -2160 400 ) 
4 1927 1928 (4640 -2160 1136 ) (4640 -2160 432 ) (4800 -2160 432 ) (4800 -2160 1136 ) 
4 1928 1942 (4640 -2320 1136 ) (4640 -2160 1136 ) (4640 -2160 432 ) (4640 -2320 432 ) 
4 1928 1929 (4640 -2320 1136 ) (4640 -2320 432 ) (4800 -2320 432 ) (4800 -2320 1136 ) 
4 1929 1962 (4800 -3072 1136 ) (4640 -3072 1136 ) (4640 -3072 400 ) (4800 -3072 400 ) 
4 1929 1942 (4640 -3072 400 ) (4640 -3072 1136 ) (4640 -2320 1136 ) (4640 -2320 400 ) 
4 1929 1937 (4672 -3072 400 ) (4640 -3072 400 ) (4640 -2320 400 ) (4672 -2320 400 ) 
4 1929 1935 (4768 -3072 400 ) (4672 -3072 400 ) (4672 -2320 400 ) (4768 -2320 400 ) 
4 1929 1932 (4800 -3072 400 ) (4768 -3072 400 ) (4768 -2320 400 ) (4800 -2320 400 ) 
4 1930 1962 (5120 -3072 176 ) (5120 -3072 400 ) (4800 -3072 400 ) (4800 -3072 176 ) 
4 1930 1938 (4800 -2048 176 ) (5120 -2048 176 ) (5120 -3072 176 ) (4800 -3072 176 ) 
4 1930 1931 (4800 -2048 176 ) (4800 -2160 176 ) (4800 -2160 400 ) (4800 -2048 400 ) 
4 1930 1932 (4800 -2320 176 ) (4800 -3072 176 ) (4800 -3072 400 ) (4800 -2320 400 ) 
4 1931 1939 (4768 -2048 176 ) (4800 -2048 176 ) (4800 -2160 176 ) (4768 -2160 176 ) 
4 1931 1933 (4768 -2048 176 ) (4768 -2160 176 ) (4768 -2160 400 ) (4768 -2048 400 ) 
4 1932 1962 (4800 -3072 400 ) (4768 -3072 400 ) (4768 -3072 176 ) (4800 -3072 176 ) 
4 1932 1941 (4800 -2320 176 ) (4800 -3072 176 ) (4768 -3072 176 ) (4768 -2320 176 ) 
4 1932 1935 (4768 -2320 176 ) (4768 -3072 176 ) (4768 -3072 400 ) (4768 -2320 400 ) 
4 1933 1939 (4672 -2048 176 ) (4768 -2048 176 ) (4768 -2160 176 ) (4672 -2160 176 ) 
4 1933 1936 (4672 -2048 176 ) (4672 -2160 176 ) (4672 -2160 400 ) (4672 -2048 400 ) 
4 1935 1962 (4768 -3072 400 ) (4672 -3072 400 ) (4672 -3072 176 ) (4768 -3072 176 ) 
4 1935 1941 (4768 -2320 176 ) (4768 -3072 176 ) (4672 -3072 176 ) (4672 -2320 176 ) 
4 1935 1937 (4672 -2320 176 ) (4672 -3072 176 ) (4672 -3072 400 ) (4672 -2320 400 ) 
4 1936 1942 (4640 -2160 400 ) (4640 -2048 400 ) (4640 -2048 176 ) (4640 -2160 176 ) 
4 1936 1939 (4640 -2160 176 ) (4640 -2048 176 ) (4672 -2048 176 ) (4672 -2160 176 ) 
4 1937 1962 (4672 -3072 400 ) (4640 -3072 400 ) (4640 -3072 176 ) (4672 -3072 176 ) 
4 1937 1942 (4640 -3072 176 ) (4640 -3072 400 ) (4640 -2320 400 ) (4640 -2320 176 ) 
4 1937 1941 (4640 -3072 176 ) (4640 -2320 176 ) (4672 -2320 176 ) (4672 -3072 176 ) 
4 1938 1962 (5120 -3072 -624 ) (5120 -3072 176 ) (4800 -3072 176 ) (4800 -3072 -624 ) 
4 1938 1946 (4800 -2048 -624 ) (5120 -2048 -624 ) (5120 -3072 -624 ) (4800 -3072 -624 ) 
4 1938 1940 (4800 -2160 -624 ) (4800 -2320 -624 ) (4800 -2320 144 ) (4800 -2160 144 ) 
4 1938 1939 (4800 -2048 -624 ) (4800 -2160 -624 ) (4800 -2160 176 ) (4800 -2048 176 ) 
4 1938 1941 (4800 -2320 -624 ) (4800 -3072 -624 ) (4800 -3072 176 ) (4800 -2320 176 ) 
4 1939 1946 (4640 -2048 -624 ) (4800 -2048 -624 ) (4800 -2160 -624 ) (4640 -2160 -624 ) 
4 1939 1942 (4640 -2048 -624 ) (4640 -2160 -624 ) (4640 -2160 176 ) (4640 -2048 176 ) 
4 1939 1940 (4800 -2160 -624 ) (4800 -2160 144 ) (4640 -2160 144 ) (4640 -2160 -624 ) 
4 1940 1946 (4800 -2160 -624 ) (4800 -2320 -624 ) (4640 -2320 -624 ) (4640 -2160 -624 ) 
4 1940 1942 (4640 -2160 -624 ) (4640 -2320 -624 ) (4640 -2320 144 ) (4640 -2160 144 ) 
4 1940 1941 (4800 -2320 -624 ) (4800 -2320 144 ) (4640 -2320 144 ) (4640 -2320 -624 ) 
4 1941 1962 (4800 -3072 176 ) (4640 -3072 176 ) (4640 -3072 -624 ) (4800 -3072 -624 ) 
4 1941 1946 (4800 -2320 -624 ) (4800 -3072 -624 ) (4640 -3072 -624 ) (4640 -2320 -624 ) 
4 1941 1942 (4640 -2320 -624 ) (4640 -3072 -624 ) (4640 -3072 176 ) (4640 -2320 176 ) 
4 1942 1962 (4640 -3072 1136 ) (4416 -3072 1136 ) (4416 -3072 -624 ) (4640 -3072 -624 ) 
4 1942 1946 (4416 -2048 -624 ) (4640 -2048 -624 ) (4640 -3072 -624 ) (4416 -3072 -624 ) 
4 1942 1943 (4416 -2544 -624 ) (4416 -3072 -624 ) (4416 -3072 1136 ) (4416 -2544 1136 ) 
4 1943 1962 (4416 -3072 1136 ) (4384 -3072 1136 ) (4384 -3072 -624 ) (4416 -3072 -624 ) 
4 1943 1947 (4416 -2544 -624 ) (4416 -3072 -624 ) (4384 -3072 -624 ) (4384 -2544 -624 ) 
4 1943 1945 (4384 -2544 -624 ) (4384 -3072 -624 ) (4384 -3072 1136 ) (4384 -2544 1136 ) 
4 1944 1952 (4096 -2512 1136 ) (4096 -2048 1136 ) (4096 -2048 -624 ) (4096 -2512 -624 ) 
4 1945 1962 (4384 -3072 1136 ) (4096 -3072 1136 ) (4096 -3072 -624 ) (4384 -3072 -624 ) 
4 1945 1953 (4096 -3072 -624 ) (4096 -3072 1136 ) (4096 -2544 1136 ) (4096 -2544 -624 ) 
4 1945 1947 (4096 -3072 -624 ) (4096 -2544 -624 ) (4384 -2544 -624 ) (4384 -3072 -624 ) 
4 1946 1962 (5120 -3072 -656 ) (5120 -3072 -624 ) (4416 -3072 -624 ) (4416 -3072 -656 ) 
4 1946 1948 (5120 -3072 -656 ) (4416 -3072 -656 ) (4416 -2048 -656 ) (5120 -2048 -656 ) 
4 1946 1947 (4416 -2544 -656 ) (4416 -3072 -656 ) (4416 -3072 -624 ) (4416 -2544 -624 ) 
4 1947 1962 (4416 -3072 -624 ) (4096 -3072 -624 ) (4096 -3072 -656 ) (4416 -3072 -656 ) 
4 1947 1956 (4096 -3072 -656 ) (4096 -3072 -624 ) (4096 -2544 -624 ) (4096 -2544 -656 ) 
4 1947 1948 (4416 -3072 -656 ) (4096 -3072 -656 ) (4096 -2544 -656 ) (4416 -2544 -656 ) 
4 1948 1962 (5120 -3072 -2944 ) (5120 -3072 -656 ) (4096 -3072 -656 ) (4096 -3072 -2944 ) 
4 1948 1958 (4096 -3072 -2944 ) (4096 -3072 -656 ) (4096 -2048 -656 ) (4096 -2048 -2944 ) 
4 1949 1950 (3232 -2544 7168 ) (3232 -2544 1168 ) (4096 -2544 1168 ) (4096 -2544 7168 ) 
4 1949 1951 (3232 -2544 1168 ) (3232 -2544 7168 ) (3232 -2048 7168 ) (3232 -2048 1168 ) 
4 1950 1971 (3232 -3072 1136 ) (4096 -3072 1136 ) (4096 -3072 2048 ) (3232 -3072 2048 ) 
4 1950 1968 (4096 -3072 2048 ) (4096 -3072 3648 ) (3232 -3072 3648 ) (3232 -3072 2048 ) 
4 1950 1965 (4096 -3072 3648 ) (4096 -3072 5120 ) (3232 -3072 5120 ) (3232 -3072 3648 ) 
4 1950 1964 (4096 -3072 5120 ) (4096 -3072 7168 ) (3232 -3072 7168 ) (3232 -3072 5120 ) 
4 1950 1954 (3264 -3072 1136 ) (3232 -3072 1136 ) (3232 -2544 1136 ) (3264 -2544 1136 ) 
4 1950 1953 (4096 -2544 1136 ) (4096 -3072 1136 ) (3264 -3072 1136 ) (3264 -2544 1136 ) 
4 1950 1951 (3232 -2544 1136 ) (3232 -3072 1136 ) (3232 -3072 7168 ) (3232 -2544 7168 ) 
4 1951 2100 (3072 -3072 1136 ) (3072 -3072 7168 ) (3072 -2048 7168 ) (3072 -2048 1136 ) 
4 1951 1971 (3072 -3072 2048 ) (3072 -3072 1136 ) (3232 -3072 1136 ) (3232 -3072 2048 ) 
4 1951 1968 (3072 -3072 3648 ) (3072 -3072 2048 ) (3232 -3072 2048 ) (3232 -3072 3648 ) 
4 1951 1965 (3072 -3072 5120 ) (3072 -3072 3648 ) (3232 -3072 3648 ) (3232 -3072 5120 ) 
4 1951 1964 (3072 -3072 7168 ) (3072 -3072 5120 ) (3232 -3072 5120 ) (3232 -3072 7168 ) 
4 1951 1955 (3072 -2048 1136 ) (3232 -2048 1136 ) (3232 -3072 1136 ) (3072 -3072 1136 ) 
4 1953 1971 (3264 -3072 -624 ) (4096 -3072 -624 ) (4096 -3072 1136 ) (3264 -3072 1136 ) 
4 1953 1956 (4096 -3072 -624 ) (3264 -3072 -624 ) (3264 -2544 -624 ) (4096 -2544 -624 ) 
4 1953 1954 (3264 -2544 -624 ) (3264 -3072 -624 ) (3264 -3072 1136 ) (3264 -2544 1136 ) 
4 1954 1971 (3232 -3072 -624 ) (3264 -3072 -624 ) (3264 -3072 1136 ) (3232 -3072 1136 ) 
4 1954 1956 (3264 -3072 -624 ) (3232 -3072 -624 ) (3232 -2544 -624 ) (3264 -2544 -624 ) 
4 1954 1955 (3232 -2544 -624 ) (3232 -3072 -624 ) (3232 -3072 1136 ) (3232 -2544 1136 ) 
4 1955 2100 (3072 -3072 -624 ) (3072 -3072 1136 ) (3072 -2048 1136 ) (3072 -2048 -624 ) 
4 1955 1971 (3072 -3072 1136 ) (3072 -3072 -624 ) (3232 -3072 -624 ) (3232 -3072 1136 ) 
4 1955 1957 (3232 -3072 -624 ) (3072 -3072 -624 ) (3072 -2048 -624 ) (3232 -2048 -624 ) 
4 1956 1971 (3232 -3072 -656 ) (4096 -3072 -656 ) (4096 -3072 -624 ) (3232 -3072 -624 ) 
4 1956 1958 (4096 -2544 -656 ) (4096 -3072 -656 ) (3232 -3072 -656 ) (3232 -2544 -656 ) 
4 1956 1957 (3232 -2544 -656 ) (3232 -3072 -656 ) (3232 -3072 -624 ) (3232 -2544 -624 ) 
4 1957 2100 (3072 -3072 -656 ) (3072 -3072 -624 ) (3072 -2048 -624 ) (3072 -2048 -656 ) 
4 1957 1971 (3072 -3072 -624 ) (3072 -3072 -656 ) (3232 -3072 -656 ) (3232 -3072 -624 ) 
4 1957 1958 (3072 -2048 -656 ) (3232 -2048 -656 ) (3232 -3072 -656 ) (3072 -3072 -656 ) 
4 1958 2100 (3072 -3072 -2944 ) (3072 -3072 -656 ) (3072 -2048 -656 ) (3072 -2048 -2944 ) 
4 1958 1971 (3072 -3072 -656 ) (3072 -3072 -2944 ) (4096 -3072 -2944 ) (4096 -3072 -656 ) 
4 1959 2161 (5120 -4096 5120 ) (5120 -4096 7168 ) (4096 -4096 7168 ) (4096 -4096 5120 ) 
4 1959 1964 (4096 -3072 7168 ) (4096 -3072 5120 ) (4096 -4096 5120 ) (4096 -4096 7168 ) 
4 1959 1961 (4096 -3328 5120 ) (4096 -3072 5120 ) (5120 -3072 5120 ) (5120 -3328 5120 ) 
4 1960 2162 (5120 -4096 2112 ) (5120 -4096 5056 ) (4096 -4096 5056 ) (4096 -4096 2112 ) 
4 1960 1970 (4096 -3776 2112 ) (4096 -4096 2112 ) (4096 -4096 3648 ) (4096 -3776 3648 ) 
4 1960 1969 (4096 -3731.349121 2112 ) (4096 -3776 2112 ) (4096 -3776 3648 ) (4096 -3731.348877 3648 ) 
4 1960 1967 (4096 -4096 3648 ) (4096 -4096 5056 ) (4096 -3776 5056 ) (4096 -3776 3648 ) 
4 1960 1966 (4096 -3776 5056 ) (4096 -3731.348877 5056 ) (4096 -3731.348877 3648 ) (4096 -3776 3648 ) 
4 1961 1968 (4096 -3072 3648 ) (4096 -3072 2112 ) (4096 -3328 2112 ) (4096 -3328 3648 ) 
4 1961 1965 (4096 -3072 5120 ) (4096 -3072 3648 ) (4096 -3328 3648 ) (4096 -3328 5120 ) 
4 1961 1962 (4096 -3072 2112 ) (5120 -3072 2112 ) (5120 -3328 2112 ) (4096 -3328 2112 ) 
4 1962 1971 (4096 -3072 2048 ) (4096 -3072 -2944 ) (4096 -3328 -2944 ) (4096 -3328 2048 ) 
4 1962 1968 (4096 -3072 2112 ) (4096 -3072 2048 ) (4096 -3328 2048 ) (4096 -3328 2112 ) 
4 1962 1963 (4096 -3328 -2944 ) (5120 -3328 -2944 ) (5120 -3328 2048 ) (4096 -3328 2048 ) 
4 1963 2163 (5120 -4096 -2944 ) (5120 -4096 2048 ) (4096 -4096 2048 ) (4096 -4096 -2944 ) 
4 1963 1971 (4096 -3328 -2944 ) (4096 -4096 -2944 ) (4096 -4096 2048 ) (4096 -3328 2048 ) 
4 1964 2164 (4096 -4096 5120 ) (4096 -4096 7168 ) (3072 -4096 7168 ) (3072 -4096 5120 ) 
4 1964 2104 (3072 -4096 5120 ) (3072 -4096 7168 ) (3072 -3776 7168 ) (3072 -3776 5120 ) 
4 1964 2102 (3072 -3776 7168 ) (3072 -3328 7168 ) (3072 -3328 5120 ) (3072 -3776 5120 ) 
4 1964 2101 (3072 -3328 7168 ) (3072 -3072 7168 ) (3072 -3072 5120 ) (3072 -3328 5120 ) 
4 1964 1965 (3072 -3328 5120 ) (3072 -3072 5120 ) (4096 -3072 5120 ) (4096 -3328 5120 ) 
4 1965 2101 (3072 -3328 5120 ) (3072 -3072 5120 ) (3072 -3072 3648 ) (3072 -3328 3648 ) 
4 1965 1968 (3072 -3328 3648 ) (3072 -3072 3648 ) (4096 -3072 3648 ) (4096 -3328 3648 ) 
3 1966 1969 (4096 -3731.349121 3648 ) (4096 -3776 3648 ) (3712 -3776 3648 ) 
4 1966 1967 (3712 -3776 3648 ) (4096 -3776 3648 ) (4096 -3776 5056 ) (3712 -3776 5056 ) 
4 1967 2167 (4096 -4096 3648 ) (4096 -4096 4096 ) (3072 -4096 4096 ) (3072 -4096 3648 ) 
4 1967 2165 (4096 -4096 4096 ) (4096 -4096 5056 ) (3072 -4096 5056 ) (3072 -4096 4096 ) 
4 1967 2105 (3072 -4096 3648 ) (3072 -4096 5056 ) (3072 -3776 5056 ) (3072 -3776 3648 ) 
4 1967 1970 (3584 -3776 3648 ) (4096 -3776 3648 ) (4096 -4096 3648 ) (3584 -4096 3648 ) 
4 1968 2101 (3072 -3328 3648 ) (3072 -3072 3648 ) (3072 -3072 2048 ) (3072 -3328 2048 ) 
4 1968 1971 (3072 -3328 2048 ) (3072 -3072 2048 ) (4096 -3072 2048 ) (4096 -3328 2048 ) 
4 1969 1970 (4096 -3776 2112 ) (4096 -3776 3648 ) (3712 -3776 3648 ) (3712 -3776 2112 ) 
4 1970 2171 (4096 -4096 2112 ) (4096 -4096 3648 ) (3584 -4096 3648 ) (3584 -4096 2112 ) 
4 1971 2174 (3584 -4096 2048 ) (3072 -4096 2048 ) (3072 -4096 -2944 ) (3584 -4096 -2944 ) 
4 1971 2173 (4096 -4096 -2944 ) (4096 -4096 2048 ) (3584 -4096 2048 ) (3584 -4096 -2944 ) 
4 1971 2108 (3072 -4096 -2944 ) (3072 -4096 2048 ) (3072 -3776 2048 ) (3072 -3776 -2944 ) 
4 1971 2103 (3072 -3776 2048 ) (3072 -3072 2048 ) (3072 -3072 -2944 ) (3072 -3776 -2944 ) 
4 1972 2007 (2048 -1024 1408 ) (2048 -1024 7168 ) (2048 -64 7168 ) (2048 -64 1408 ) 
4 1972 2006 (2048 -64 7168 ) (2048 0 7168 ) (2048 0 1408 ) (2048 -64 1408 ) 
4 1972 1993 (3072 -1024 1408 ) (3072 -1024 7168 ) (2048 -1024 7168 ) (2048 -1024 1408 ) 
4 1972 1973 (2048 -64 1408 ) (2048 0 1408 ) (3072 0 1408 ) (3072 -64 1408 ) 
4 1973 2006 (2048 -64 1408 ) (2048 0 1408 ) (2048 0 1280 ) (2048 -64 1280 ) 
4 1973 1975 (2048 -64 1280 ) (2048 0 1280 ) (2816 0 1280 ) (2816 -64 1280 ) 
4 1973 1974 (2816 0 1280 ) (3072 0 1280 ) (3072 -64 1280 ) (2816 -64 1280 ) 
4 1974 1982 (2816 0 768 ) (3072 0 768 ) (3072 -64 768 ) (2816 -64 768 ) 
4 1974 1975 (2816 0 768 ) (2816 -64 768 ) (2816 -64 1280 ) (2816 0 1280 ) 
4 1975 2008 (2048 -64 1280 ) (2048 0 1280 ) (2048 0 768 ) (2048 -64 768 ) 
4 1975 1987 (2048 -64 768 ) (2048 0 768 ) (2176 0 768 ) (2176 -64 768 ) 
4 1975 1984 (2176 0 768 ) (2816 0 768 ) (2816 -64 768 ) (2176 -64 768 ) 
4 1976 1978 (2688 -192 1280 ) (2688 -192 768 ) (2688 -832 768 ) (2688 -832 1280 ) 
4 1977 2000 (2816 -1024 1280 ) (2688 -1024 1280 ) (2688 -1024 768 ) (2816 -1024 768 ) 
4 1977 1985 (2816 -960 768 ) (2816 -1024 768 ) (2688 -1024 768 ) (2688 -960 768 ) 
4 1977 1978 (2688 -960 768 ) (2688 -1024 768 ) (2688 -1024 1280 ) (2688 -960 1280 ) 
4 1978 2000 (2688 -1024 1280 ) (2432 -1024 1280 ) (2432 -1024 768 ) (2688 -1024 768 ) 
4 1978 1985 (2688 -960 768 ) (2688 -1024 768 ) (2432 -1024 768 ) (2432 -960 768 ) 
4 1978 1979 (2432 -192 1280 ) (2432 -192 1088 ) (2432 -320 1088 ) (2432 -320 1280 ) 
4 1978 1980 (2432 -320 768 ) (2432 -1024 768 ) (2432 -1024 1280 ) (2432 -320 1280 ) 
4 1979 1980 (2240 -320 1280 ) (2240 -320 1088 ) (2432 -320 1088 ) (2432 -320 1280 ) 
4 1979 1981 (2240 -192 1280 ) (2240 -192 1088 ) (2240 -320 1088 ) (2240 -320 1280 ) 
4 1980 2002 (2304 -1024 1280 ) (2240 -1024 1280 ) (2240 -1024 768 ) (2304 -1024 768 ) 
4 1980 2000 (2432 -1024 1280 ) (2304 -1024 1280 ) (2304 -1024 768 ) (2432 -1024 768 ) 
4 1980 1986 (2304 -1024 768 ) (2240 -1024 768 ) (2240 -960 768 ) (2304 -960 768 ) 
4 1980 1985 (2432 -960 768 ) (2432 -1024 768 ) (2304 -1024 768 ) (2304 -960 768 ) 
4 1980 1981 (2240 -320 768 ) (2240 -1024 768 ) (2240 -1024 1280 ) (2240 -320 1280 ) 
4 1981 2009 (2048 -1024 768 ) (2048 -1024 1280 ) (2048 -192 1280 ) (2048 -192 768 ) 
4 1981 2002 (2240 -1024 1280 ) (2048 -1024 1280 ) (2048 -1024 768 ) (2240 -1024 768 ) 
4 1981 1989 (2048 -1024 768 ) (2048 -960 768 ) (2176 -960 768 ) (2176 -1024 768 ) 
4 1981 1988 (2048 -384 768 ) (2048 -256 768 ) (2176 -256 768 ) (2176 -384 768 ) 
4 1981 1986 (2240 -960 768 ) (2240 -1024 768 ) (2176 -1024 768 ) (2176 -960 768 ) 
4 1982 1990 (2816 0 -384 ) (2816 0 -1152 ) (2816 -64 -1152 ) (2816 -64 -384 ) 
4 1982 1984 (2816 -64 768 ) (2816 0 768 ) (2816 0 -384 ) (2816 -64 -384 ) 
4 1982 1983 (2816 -64 -1152 ) (2816 0 -1152 ) (3072 0 -1152 ) (3072 -64 -1152 ) 
4 1983 2005 (3072 -1024 -2944 ) (3072 -1024 -1152 ) (2816 -1024 -1152 ) (2816 -1024 -2944 ) 
4 1983 1990 (2816 -1024 -2944 ) (2816 -1024 -1152 ) (2816 0 -1152 ) (2816 0 -2944 ) 
4 1984 1991 (2176 0 -384 ) (2304 0 -384 ) (2304 -64 -384 ) (2176 -64 -384 ) 
4 1984 1990 (2304 0 -384 ) (2816 0 -384 ) (2816 -64 -384 ) (2304 -64 -384 ) 
4 1984 1987 (2176 0 -384 ) (2176 -64 -384 ) (2176 -64 768 ) (2176 0 768 ) 
4 1985 2000 (2816 -1024 640 ) (2816 -1024 768 ) (2304 -1024 768 ) (2304 -1024 640 ) 
4 1985 1986 (2304 -1024 640 ) (2304 -1024 768 ) (2304 -960 768 ) (2304 -960 640 ) 
4 1986 2002 (2304 -1024 768 ) (2176 -1024 768 ) (2176 -1024 448 ) (2304 -1024 448 ) 
4 1986 1989 (2176 -1024 448 ) (2176 -1024 768 ) (2176 -960 768 ) (2176 -960 448 ) 
4 1987 2017 (2048 0 384 ) (2048 0 -384 ) (2048 -64 -384 ) (2048 -64 384 ) 
4 1987 2015 (2048 -64 768 ) (2048 0 768 ) (2048 0 384 ) (2048 -64 384 ) 
4 1987 1991 (2048 -64 -384 ) (2048 0 -384 ) (2176 0 -384 ) (2176 -64 -384 ) 
4 1989 2019 (2048 -1024 448 ) (2048 -1024 768 ) (2048 -960 768 ) (2048 -960 448 ) 
4 1989 2002 (2176 -1024 768 ) (2048 -1024 768 ) (2048 -1024 448 ) (2176 -1024 448 ) 
4 1990 2005 (2816 -1024 -2944 ) (2816 -1024 -1152 ) (2304 -1024 -1152 ) (2304 -1024 -2944 ) 
4 1990 2001 (2816 -1024 -1152 ) (2816 -1024 -384 ) (2304 -1024 -384 ) (2304 -1024 -1152 ) 
4 1990 1992 (2304 -768 -2944 ) (2304 -1024 -2944 ) (2304 -1024 -640 ) (2304 -768 -640 ) 
4 1990 1991 (2304 0 -2944 ) (2304 -768 -2944 ) (2304 -768 -384 ) (2304 0 -384 ) 
4 1991 2022 (2048 -64 -640 ) (2048 -64 -2944 ) (2048 -768 -2944 ) (2048 -768 -640 ) 
4 1991 2020 (2048 -768 -384 ) (2048 -64 -384 ) (2048 -64 -640 ) (2048 -768 -640 ) 
4 1991 2018 (2048 -64 -384 ) (2048 0 -384 ) (2048 0 -2944 ) (2048 -64 -2944 ) 
4 1991 1992 (2048 -768 -2944 ) (2304 -768 -2944 ) (2304 -768 -640 ) (2048 -768 -640 ) 
4 1992 2022 (2048 -1024 -2944 ) (2048 -1024 -640 ) (2048 -768 -640 ) (2048 -768 -2944 ) 
4 1992 2005 (2048 -1024 -1152 ) (2048 -1024 -2944 ) (2304 -1024 -2944 ) (2304 -1024 -1152 ) 
4 1992 2003 (2048 -1024 -640 ) (2048 -1024 -1152 ) (2304 -1024 -1152 ) (2304 -1024 -640 ) 
4 1993 2069 (2048 -1920 7168 ) (2048 -1024 7168 ) (2048 -1024 1408 ) (2048 -1920 1408 ) 
4 1993 1994 (3072 -1920 1408 ) (3072 -1920 7168 ) (2048 -1920 7168 ) (2048 -1920 1408 ) 
4 1994 2100 (3072 -2048 1280 ) (3072 -2048 7168 ) (2048 -2048 7168 ) (2048 -2048 1280 ) 
4 1994 2070 (2048 -2048 1280 ) (2048 -2048 1408 ) (2048 -1920 1408 ) (2048 -1920 1280 ) 
4 1994 2069 (2048 -2048 1408 ) (2048 -2048 7168 ) (2048 -1920 7168 ) (2048 -1920 1408 ) 
4 1994 2004 (2048 -2048 1280 ) (2048 -1920 1280 ) (3072 -1920 1280 ) (3072 -2048 1280 ) 
4 1995 1996 (2848 -1216 832 ) (3040 -1216 832 ) (3040 -1472 832 ) (2848 -1472 832 ) 
4 1996 1997 (2840 -1248 640 ) (2840 -1440 640 ) (2840 -1440 832 ) (2840 -1248 832 ) 
4 1997 1998 (2824 -1248 640 ) (2824 -1440 640 ) (2824 -1440 832 ) (2824 -1248 832 ) 
4 1998 2000 (2816 -1472 640 ) (2816 -1472 832 ) (2816 -1216 832 ) (2816 -1216 640 ) 
4 1999 2005 (3040 -1472 -1152 ) (2816 -1472 -1152 ) (2816 -1216 -1152 ) (3040 -1216 -1152 ) 
4 1999 2001 (2816 -1216 -1152 ) (2816 -1472 -1152 ) (2816 -1472 -384 ) (2816 -1216 -384 ) 
4 2000 2002 (2304 -1728 640 ) (2304 -1728 1280 ) (2304 -1024 1280 ) (2304 -1024 640 ) 
4 2001 2005 (2304 -1024 -1152 ) (2816 -1024 -1152 ) (2816 -1728 -1152 ) (2304 -1728 -1152 ) 
4 2001 2003 (2304 -1024 -1152 ) (2304 -1728 -1152 ) (2304 -1728 -640 ) (2304 -1024 -640 ) 
4 2002 2071 (2048 -1728 1280 ) (2048 -1024 1280 ) (2048 -1024 448 ) (2048 -1728 448 ) 
4 2003 2073 (2048 -1024 -640 ) (2048 -1024 -1152 ) (2048 -1728 -1152 ) (2048 -1728 -640 ) 
4 2003 2005 (2048 -1728 -1152 ) (2048 -1024 -1152 ) (2304 -1024 -1152 ) (2304 -1728 -1152 ) 
4 2004 2100 (3072 -2048 -1152 ) (3072 -2048 1280 ) (2048 -2048 1280 ) (2048 -2048 -1152 ) 
4 2004 2074 (2048 -2048 -1152 ) (2048 -2048 1280 ) (2048 -1920 1280 ) (2048 -1920 -1152 ) 
4 2004 2005 (3072 -2048 -1152 ) (2048 -2048 -1152 ) (2048 -1920 -1152 ) (3072 -1920 -1152 ) 
4 2005 2100 (3072 -2048 -2944 ) (3072 -2048 -1152 ) (2048 -2048 -1152 ) (2048 -2048 -2944 ) 
4 2005 2076 (2048 -2048 -2944 ) (2048 -2048 -1152 ) (2048 -1728 -1152 ) (2048 -1728 -2944 ) 
4 2005 2073 (2048 -1728 -1152 ) (2048 -1024 -1152 ) (2048 -1024 -2944 ) (2048 -1728 -2944 ) 
4 2006 2024 (1408 0 1408 ) (1408 0 1280 ) (1408 -64 1280 ) (1408 -64 1408 ) 
4 2006 2023 (1408 0 7168 ) (1408 0 1408 ) (1408 -64 1408 ) (1408 -64 7168 ) 
4 2006 2008 (1408 -64 1280 ) (1408 0 1280 ) (2048 0 1280 ) (2048 -64 1280 ) 
4 2006 2007 (2048 -64 1408 ) (2048 -64 7168 ) (1408 -64 7168 ) (1408 -64 1408 ) 
4 2007 2069 (2048 -1024 1408 ) (2048 -1024 7168 ) (1408 -1024 7168 ) (1408 -1024 1408 ) 
4 2007 2023 (1408 -1024 1408 ) (1408 -1024 7168 ) (1408 -64 7168 ) (1408 -64 1408 ) 
4 2008 2015 (1792 0 768 ) (2048 0 768 ) (2048 -64 768 ) (1792 -64 768 ) 
4 2009 2071 (2048 -1024 768 ) (2048 -1024 1280 ) (1984 -1024 1280 ) (1984 -1024 768 ) 
4 2009 2019 (2048 -960 768 ) (2048 -1024 768 ) (1984 -1024 768 ) (1984 -960 768 ) 
4 2009 2010 (1984 -192 1280 ) (1984 -192 1024 ) (1984 -256 1024 ) (1984 -256 1280 ) 
4 2009 2011 (1984 -256 768 ) (1984 -1024 768 ) (1984 -1024 1280 ) (1984 -256 1280 ) 
4 2010 2011 (1856 -256 1280 ) (1856 -256 1024 ) (1984 -256 1024 ) (1984 -256 1280 ) 
4 2010 2012 (1856 -192 1280 ) (1856 -192 1024 ) (1856 -256 1024 ) (1856 -256 1280 ) 
4 2011 2071 (1984 -1024 1280 ) (1856 -1024 1280 ) (1856 -1024 768 ) (1984 -1024 768 ) 
4 2011 2019 (1984 -960 768 ) (1984 -1024 768 ) (1856 -1024 768 ) (1856 -960 768 ) 
4 2011 2012 (1856 -256 768 ) (1856 -1024 768 ) (1856 -1024 1280 ) (1856 -256 1280 ) 
4 2012 2072 (1792 -1024 1280 ) (1536 -1024 1280 ) (1536 -1024 768 ) (1792 -1024 768 ) 
4 2012 2071 (1856 -1024 1280 ) (1792 -1024 1280 ) (1792 -1024 768 ) (1856 -1024 768 ) 
4 2012 2019 (1856 -960 768 ) (1856 -1024 768 ) (1536 -1024 768 ) (1536 -960 768 ) 
4 2012 2013 (1536 -192 1280 ) (1536 -192 768 ) (1536 -832 768 ) (1536 -832 1280 ) 
4 2012 2014 (1536 -960 768 ) (1536 -1024 768 ) (1536 -1024 1280 ) (1536 -960 1280 ) 
4 2014 2072 (1536 -1024 1280 ) (1408 -1024 1280 ) (1408 -1024 768 ) (1536 -1024 768 ) 
4 2014 2019 (1408 -1024 768 ) (1408 -960 768 ) (1536 -960 768 ) (1536 -1024 768 ) 
4 2015 2017 (2048 -64 384 ) (1792 -64 384 ) (1792 0 384 ) (2048 0 384 ) 
4 2017 2018 (2048 -64 -384 ) (1792 -64 -384 ) (1792 0 -384 ) (2048 0 -384 ) 
4 2018 2035 (1408 0 -448 ) (1408 0 -2944 ) (1408 -64 -2944 ) (1408 -64 -448 ) 
4 2018 2034 (1408 0 -384 ) (1408 0 -448 ) (1408 -64 -448 ) (1408 -64 -384 ) 
4 2018 2022 (2048 -64 -2944 ) (2048 -64 -640 ) (1408 -64 -640 ) (1408 -64 -2944 ) 
4 2018 2021 (1792 -64 -384 ) (1408 -64 -384 ) (1408 -64 -640 ) (1792 -64 -640 ) 
4 2018 2020 (2048 -64 -640 ) (2048 -64 -384 ) (1792 -64 -384 ) (1792 -64 -640 ) 
4 2019 2072 (1792 -1024 768 ) (1408 -1024 768 ) (1408 -1024 448 ) (1792 -1024 448 ) 
4 2019 2071 (2048 -1024 448 ) (2048 -1024 768 ) (1792 -1024 768 ) (1792 -1024 448 ) 
4 2020 2022 (1792 -64 -640 ) (2048 -64 -640 ) (2048 -768 -640 ) (1792 -768 -640 ) 
4 2020 2021 (1792 -64 -640 ) (1792 -768 -640 ) (1792 -768 -384 ) (1792 -64 -384 ) 
4 2021 2035 (1408 -64 -448 ) (1408 -64 -640 ) (1408 -704 -640 ) (1408 -704 -448 ) 
4 2021 2022 (1408 -960 -640 ) (1408 -64 -640 ) (1792 -64 -640 ) (1792 -960 -640 ) 
4 2022 2073 (2048 -1024 -2944 ) (2048 -1024 -640 ) (1408 -1024 -640 ) (1408 -1024 -2944 ) 
4 2022 2036 (1408 -1024 -2944 ) (1408 -1024 -1152 ) (1408 -704 -1152 ) (1408 -704 -2944 ) 
4 2022 2035 (1408 -704 -640 ) (1408 -64 -640 ) (1408 -64 -2944 ) (1408 -704 -2944 ) 
4 2023 2077 (1408 -1024 1408 ) (1408 -1024 7168 ) (1024 -1024 7168 ) (1024 -1024 1408 ) 
4 2023 2037 (1024 -1024 1408 ) (1024 -1024 7168 ) (1024 0 7168 ) (1024 0 1408 ) 
4 2023 2024 (1152 0 1408 ) (1408 0 1408 ) (1408 -64 1408 ) (1152 -64 1408 ) 
3 2025 2079 (1024 -1024 1066.666626 ) (1024 -1024 768 ) (1248 -1024 768 ) 
4 2025 2041 (1024 -1024 768 ) (1024 -1024 1024 ) (1024 0 1024 ) (1024 0 768 ) 
4 2025 2039 (1024 -1024 1024 ) (1024 -1024 1066.666626 ) (1024 0 1066.666626 ) (1024 0 1024 ) 
4 2025 2029 (1248 -64 768 ) (1248 -1024 768 ) (1024 -1024 768 ) (1024 -64 768 ) 
4 2025 2027 (1024 0 768 ) (1248 0 768 ) (1248 -64 768 ) (1024 -64 768 ) 
4 2025 2026 (1056 0 1024 ) (1024 0 1066.666626 ) (1024 -1024 1066.666626 ) (1056 -1024 1024 ) 
4 2026 2080 (1056 -1024 1280 ) (1024 -1024 1280 ) (1024 -1024 1066.666626 ) (1056 -1024 1024 ) 
4 2026 2039 (1024 -1024 1066.666626 ) (1024 -1024 1280 ) (1024 0 1280 ) (1024 0 1066.666626 ) 
4 2027 2042 (1024 -64 768 ) (1024 0 768 ) (1024 0 384 ) (1024 -64 384 ) 
4 2027 2031 (1024 -64 392 ) (1024 -64 384 ) (1280 -64 384 ) (1280 -64 392 ) 
4 2027 2029 (1280 -64 768 ) (1024 -64 768 ) (1024 -64 392 ) (1280 -64 392 ) 
4 2028 2033 (1280 -218.894104 -384 ) (1280 -714.872131 -384 ) (1280 -714.872192 392 ) (1280 -218.894104 392 ) 
4 2028 2031 (1280 -192 -384 ) (1280 -218.894104 -384 ) (1280 -218.894104 392 ) (1280 -192 392 ) 
4 2028 2030 (1280 -714.872131 -384 ) (1280 -960 -384 ) (1280 -960 392 ) (1280 -714.872192 392 ) 
4 2028 2029 (1280 -960 392 ) (1280 -960 768 ) (1280 -192 768 ) (1280 -192 392 ) 
4 2029 2081 (1280 -1024 768 ) (1024 -1024 768 ) (1024 -1024 392 ) (1280 -1024 392 ) 
4 2029 2052 (1024 -1024 392 ) (1024 -1024 768 ) (1024 -296 768 ) (1024 -296 392 ) 
4 2029 2043 (1024 -296 768 ) (1024 -64 768 ) (1024 -64 392 ) (1024 -296 392 ) 
4 2029 2033 (1025.229980 -660.153992 392 ) (1280 -218.894073 392 ) (1280 -714.872131 392 ) (1240 -784.153992 392 ) 
4 2029 2032 (1024 -1024 392 ) (1024 -936.574280 392 ) (1120 -992 392 ) (1101.524780 -1024 392 ) 
4 2029 2031 (1024 -662.284241 392 ) (1024 -64 392 ) (1280 -64 392 ) (1280 -218.894073 392 ) 
3 2029 2030 (1280 -714.872131 392 ) (1280 -1024 392 ) (1101.524780 -1024 392 ) 
4 2030 2081 (1101.524780 -1024 -384 ) (1280 -1024 -384 ) (1280 -1024 392 ) (1101.524780 -1024 392 ) 
4 2030 2033 (1239.998169 -784.152893 392 ) (1280 -714.867188 392 ) (1280 -714.867188 -384 ) (1239.997925 -784.152771 -384 ) 
4 2030 2032 (1101.523438 -1024 392 ) (1119.998901 -992 392 ) (1119.997925 -991.998779 -384 ) (1101.521973 -1024 -384 ) 
4 2031 2057 (1024 -594.807678 -384 ) (1024 -662.284241 -384 ) (1024 -662.284241 304 ) (1024 -594.807678 304 ) 
4 2031 2055 (1024 -296 304 ) (1024 -296 -384 ) (1024 -594.807678 -384 ) (1024 -594.807678 304 ) 
4 2031 2053 (1024 -662.284241 392 ) (1024 -296 392 ) (1024 -296 304 ) (1024 -662.284241 304 ) 
4 2031 2043 (1024 -296 392 ) (1024 -64 392 ) (1024 -64 -384 ) (1024 -296 -384 ) 
4 2031 2033 (1025.230347 -660.154175 -384 ) (1280 -218.894485 -384 ) (1280 -218.894531 392 ) (1025.230225 -660.154053 392 ) 
4 2032 2081 (1024 -1024 392 ) (1024 -1024 -384 ) (1101.524780 -1024 -384 ) (1101.524780 -1024 392 ) 
4 2032 2058 (1024 -1024 -384 ) (1024 -1024 392 ) (1024 -936.574280 392 ) (1024 -936.574280 -384 ) 
4 2034 2035 (1216 0 -448 ) (1408 0 -448 ) (1408 -64 -448 ) (1216 -64 -448 ) 
4 2035 2068 (1024 0 -1152 ) (1024 0 -2944 ) (1024 -704 -2944 ) (1024 -704 -1152 ) 
4 2035 2067 (1024 -704 -448 ) (1024 0 -448 ) (1024 0 -1152 ) (1024 -704 -1152 ) 
4 2035 2036 (1024 -704 -2944 ) (1408 -704 -2944 ) (1408 -704 -1152 ) (1024 -704 -1152 ) 
4 2036 2085 (1408 -1024 -2944 ) (1408 -1024 -1152 ) (1024 -1024 -1152 ) (1024 -1024 -2944 ) 
4 2036 2068 (1024 -1024 -2944 ) (1024 -1024 -1152 ) (1024 -704 -1152 ) (1024 -704 -2944 ) 
4 2037 2086 (1024 -1024 1408 ) (1024 -1024 7168 ) (128 -1024 7168 ) (128 -1024 1408 ) 
4 2037 2064 (128 -1024 1408 ) (128 -1024 7168 ) (128 0 7168 ) (128 0 1408 ) 
4 2037 2038 (128 -1024 1408 ) (128 0 1408 ) (384 0 1408 ) (384 -1024 1408 ) 
4 2038 2087 (384 -1024 1408 ) (128 -1024 1408 ) (128 -1024 1280 ) (384 -1024 1280 ) 
4 2038 2064 (128 -1024 1280 ) (128 -1024 1408 ) (128 0 1408 ) (128 0 1280 ) 
4 2038 2040 (384 -1024 1280 ) (128 -1024 1280 ) (128 0 1280 ) (384 0 1280 ) 
4 2039 2088 (1024 -1024 1024 ) (1024 -1024 1280 ) (480 -1024 1280 ) (480 -1024 1024 ) 
4 2039 2041 (480 0 1024 ) (1024 0 1024 ) (1024 -1024 1024 ) (480 -1024 1024 ) 
4 2040 2089 (384 -1024 1280 ) (128 -1024 1280 ) (128 -1024 1024 ) (384 -1024 1024 ) 
4 2040 2064 (128 -1024 1024 ) (128 -1024 1280 ) (128 0 1280 ) (128 0 1024 ) 
4 2041 2090 (1024 -1024 768 ) (1024 -1024 1024 ) (480.001160 -1024 1024 ) (288.001160 -1024 768 ) 
4 2041 2052 (1024 -296 768 ) (1024 -1024 768 ) (288.001221 -1024 768 ) (288 -296 768 ) 
4 2041 2049 (696 -128 768 ) (696 -256 768 ) (576 -256 768 ) (576 -128 768 ) 
4 2041 2048 (576 0 768 ) (696 0 768 ) (696 -128 768 ) (576 -128 768 ) 
4 2041 2050 (696 -256 768 ) (696 -296 768 ) (576 -296 768 ) (576 -256 768 ) 
4 2041 2047 (696 0 768 ) (848 0 768 ) (848 -296 768 ) (696 -296 768 ) 
4 2041 2051 (288 0 768 ) (576 0 768 ) (576 -296 768 ) (288 -296 768 ) 
4 2041 2046 (944 -200 768 ) (944 -296 768 ) (848 -296 768 ) (848 -200 768 ) 
4 2041 2045 (848 0 768 ) (944 0 768 ) (944 -200 768 ) (848 -200 768 ) 
4 2041 2044 (944 0 768 ) (960 0 768 ) (960 -296 768 ) (944 -296 768 ) 
4 2041 2042 (960 0 768 ) (1024 0 768 ) (1024 -64 768 ) (960 -64 768 ) 
4 2041 2043 (1024 -64 768 ) (1024 -296 768 ) (960 -296 768 ) (960 -64 768 ) 
4 2042 2044 (960 -64 384 ) (960 -64 768 ) (960 0 768 ) (960 0 384 ) 
4 2042 2043 (960 -64 768 ) (960 -64 384 ) (1024 -64 384 ) (1024 -64 768 ) 
4 2043 2055 (960 -296 -384 ) (1024 -296 -384 ) (1024 -296 304 ) (960 -296 304 ) 
4 2043 2053 (1024 -296 304 ) (1024 -296 392 ) (960 -296 392 ) (960 -296 304 ) 
4 2043 2052 (1024 -296 392 ) (1024 -296 768 ) (960 -296 768 ) (960 -296 392 ) 
4 2043 2044 (960 -64 -384 ) (960 -296 -384 ) (960 -296 768 ) (960 -64 768 ) 
4 2044 2055 (944 -296 -384 ) (960 -296 -384 ) (960 -296 304 ) (944 -296 304 ) 
4 2044 2053 (960 -296 304 ) (960 -296 392 ) (944 -296 392 ) (944 -296 304 ) 
4 2044 2052 (960 -296 392 ) (960 -296 768 ) (944 -296 768 ) (944 -296 392 ) 
4 2044 2046 (944 -296 224 ) (944 -296 768 ) (944 -200 768 ) (944 -200 224 ) 
4 2044 2045 (944 0 -384 ) (944 -200 -384 ) (944 -200 768 ) (944 0 768 ) 
4 2045 2047 (848 0 -384 ) (848 -200 -384 ) (848 -200 768 ) (848 0 768 ) 
4 2045 2046 (848 -200 768 ) (848 -200 224 ) (944 -200 224 ) (944 -200 768 ) 
4 2046 2055 (944 -296 224 ) (944 -296 304 ) (848 -296 304 ) (848 -296 224 ) 
4 2046 2053 (944 -296 304 ) (944 -296 392 ) (848 -296 392 ) (848 -296 304 ) 
4 2046 2052 (944 -296 392 ) (944 -296 768 ) (848 -296 768 ) (848 -296 392 ) 
4 2046 2047 (848 -296 224 ) (848 -296 768 ) (848 -200 768 ) (848 -200 224 ) 
4 2047 2059 (696 -296 -384 ) (712 -296 -384 ) (712 -296 392 ) (696 -296 392 ) 
4 2047 2055 (712 -296 -384 ) (848 -296 -384 ) (848 -296 304 ) (712 -296 304 ) 
4 2047 2053 (848 -296 304 ) (848 -296 392 ) (712 -296 392 ) (712 -296 304 ) 
4 2047 2052 (848 -296 392 ) (848 -296 768 ) (696 -296 768 ) (696 -296 392 ) 
4 2047 2049 (696 -256 158.395996 ) (696 -256 768 ) (696 -128 768 ) (696 -128 158.395996 ) 
4 2047 2048 (696 0 -384 ) (696 -128 -384 ) (696 -128 768 ) (696 0 768 ) 
4 2047 2050 (696 -256 -384 ) (696 -296 -384 ) (696 -296 768 ) (696 -256 768 ) 
4 2048 2049 (576 -128 768 ) (576 -128 158.395996 ) (696 -128 158.395996 ) (696 -128 768 ) 
4 2048 2051 (576 0 -384 ) (576 -128 -384 ) (576 -128 768 ) (576 0 768 ) 
4 2049 2051 (576 -256 158.395996 ) (576 -256 768 ) (576 -128 768 ) (576 -128 158.395996 ) 
4 2049 2050 (576 -256 768 ) (576 -256 158.395996 ) (696 -256 158.395996 ) (696 -256 768 ) 
4 2050 2059 (576 -296 -384 ) (696 -296 -384 ) (696 -296 392 ) (576 -296 392 ) 
4 2050 2052 (696 -296 392 ) (696 -296 768 ) (576 -296 768 ) (576 -296 392 ) 
4 2050 2051 (576 -256 -384 ) (576 -296 -384 ) (576 -296 768 ) (576 -256 768 ) 
4 2051 2063 (256 -192 -384 ) (256 -296 -384 ) (256 -296 768 ) (256 -192 768 ) 
4 2051 2062 (256 0 -384 ) (256 -64 -384 ) (256 -64 768 ) (256 0 768 ) 
4 2051 2059 (472 -296 -384 ) (576 -296 -384 ) (576 -296 392 ) (472 -296 392 ) 
4 2051 2061 (256 -296 392 ) (256 -296 -384 ) (472 -296 -384 ) (472 -296 392 ) 
4 2051 2052 (256 -296 768 ) (256 -296 392 ) (576 -296 392 ) (576 -296 768 ) 
4 2052 2091 (1024 -1024 392 ) (1024 -1024 768 ) (256 -1024 768 ) (256 -1024 392 ) 
4 2052 2063 (256 -960 768 ) (256 -296 768 ) (256 -296 392 ) (256 -960 392 ) 
4 2052 2059 (472 -344 392 ) (472 -296 392 ) (712 -296 392 ) (712 -344 392 ) 
4 2052 2060 (712 -1024 392 ) (472 -1024 392 ) (472 -592 392 ) (712 -592 392 ) 
4 2052 2061 (472 -1024 392 ) (256 -1024 392 ) (256 -296 392 ) (472 -296 392 ) 
4 2052 2058 (1024 -1024 392 ) (815.156372 -1024 392 ) (905.226013 -868 392 ) (1024 -936.574280 392 ) 
5 2052 2053 (815.156372 -1024 392 ) (712 -1024 392 ) (712 -296 392 ) (1024 -296 392 ) (1024 -662.284241 392 ) 
4 2053 2091 (815.156372 -1024 304 ) (815.156372 -1024 392 ) (712 -1024 392 ) (712 -1024 304 ) 
4 2053 2059 (712 -344 392 ) (712 -296 392 ) (712 -296 304 ) (712 -344 304 ) 
4 2053 2060 (712 -1024 392 ) (712 -592 392 ) (712 -592 304 ) (712 -1024 304 ) 
4 2053 2058 (905.226868 -868 392 ) (815.157471 -1024 392 ) (815.157471 -1024 304 ) (905.226868 -868 304 ) 
5 2053 2057 (1024 -662.276917 304 ) (1005.214783 -694.812866 304 ) (857.568909 -609.568970 304 ) (905.568909 -526.430969 304 ) (1024 -594.807678 304 ) 
4 2053 2056 (774.431030 -561.568970 304 ) (712 -525.524170 304 ) (712 -414.673187 304 ) (822.431030 -478.431000 304 ) 
4 2053 2055 (712 -414.673187 304 ) (712 -296 304 ) (1024 -296 304 ) (1024 -594.807678 304 ) 
4 2053 2054 (1005.214783 -694.812866 304 ) (815.152649 -1024 304 ) (712 -1024 304 ) (712 -525.524170 304 ) 
4 2054 2091 (712 -1024 -384 ) (815.156372 -1024 -384 ) (815.156372 -1024 304 ) (712 -1024 304 ) 
4 2054 2060 (712 -592 -384 ) (712 -1024 -384 ) (712 -1024 304 ) (712 -592 304 ) 
4 2054 2058 (815.157410 -1024 -384 ) (905.226807 -868 -384 ) (905.226807 -868 304 ) (815.157471 -1024 304 ) 
4 2054 2057 (857.567932 -609.570618 304 ) (1005.218750 -694.816406 304 ) (1005.218689 -694.816345 -384 ) (857.567932 -609.570557 -384 ) 
4 2054 2056 (712 -525.527283 -384 ) (712 -525.527344 304 ) (774.429810 -561.571045 304 ) (774.429810 -561.570984 -384 ) 
4 2055 2059 (712 -296 304 ) (712 -296 -384 ) (712 -344 -384 ) (712 -344 304 ) 
4 2055 2057 (1024 -594.808167 304 ) (905.568665 -526.431396 304 ) (905.568665 -526.431335 -384 ) (1024 -594.808167 -384 ) 
4 2055 2056 (822.430786 -478.431396 304 ) (712 -414.673706 304 ) (712 -414.673706 -384 ) (822.430786 -478.431366 -384 ) 
4 2058 2091 (815.156372 -1024 -384 ) (1024 -1024 -384 ) (1024 -1024 392 ) (815.156372 -1024 392 ) 
4 2059 2061 (472 -344 392 ) (472 -296 392 ) (472 -296 -384 ) (472 -344 -384 ) 
4 2060 2091 (472 -1024 -384 ) (712 -1024 -384 ) (712 -1024 392 ) (472 -1024 392 ) 
4 2060 2061 (472 -1024 392 ) (472 -592 392 ) (472 -592 -384 ) (472 -1024 -384 ) 
4 2061 2091 (256 -1024 -384 ) (472 -1024 -384 ) (472 -1024 392 ) (256 -1024 392 ) 
4 2061 2063 (256 -296 -384 ) (256 -960 -384 ) (256 -960 392 ) (256 -296 392 ) 
4 2062 2065 (128 -64 0 ) (128 -64 768 ) (128 0 768 ) (128 0 0 ) 
4 2063 2066 (128 -256 -384 ) (128 -896 -384 ) (128 -896 -192 ) (128 -256 -192 ) 
4 2063 2065 (128 -960 0 ) (128 -960 768 ) (128 -192 768 ) (128 -192 0 ) 
4 2064 2329 (0 0 7168 ) (0 0 1024 ) (0 -1024 1024 ) (0 -1024 7168 ) 
4 2064 2089 (0 -1024 1280 ) (0 -1024 1024 ) (128 -1024 1024 ) (128 -1024 1280 ) 
4 2064 2087 (0 -1024 1408 ) (0 -1024 1280 ) (128 -1024 1280 ) (128 -1024 1408 ) 
4 2064 2086 (0 -1024 7168 ) (0 -1024 1408 ) (128 -1024 1408 ) (128 -1024 7168 ) 
4 2065 2330 (0 0 768 ) (0 0 0 ) (0 -1024 0 ) (0 -1024 768 ) 
4 2065 2092 (0 -1024 768 ) (0 -1024 0 ) (128 -1024 0 ) (128 -1024 768 ) 
4 2067 2340 (0 -576 -1152 ) (0 -704 -1152 ) (0 -704 -448 ) (0 -576 -448 ) 
4 2067 2338 (0 0 -448 ) (0 0 -1152 ) (0 -576 -1152 ) (0 -576 -448 ) 
4 2067 2068 (1024 0 -1152 ) (1024 -704 -1152 ) (0 -704 -1152 ) (0 0 -1152 ) 
4 2068 2340 (0 -576 -2944 ) (0 -1024 -2944 ) (0 -1024 -1152 ) (0 -576 -1152 ) 
4 2068 2338 (0 0 -1152 ) (0 0 -2944 ) (0 -576 -2944 ) (0 -576 -1152 ) 
4 2068 2093 (0 -1024 -1152 ) (0 -1024 -2944 ) (1024 -1024 -2944 ) (1024 -1024 -1152 ) 
4 2069 2114 (1792 -2048 7168 ) (1408 -2048 7168 ) (1408 -2048 1408 ) (1792 -2048 1408 ) 
4 2069 2113 (2048 -2048 1408 ) (2048 -2048 7168 ) (1792 -2048 7168 ) (1792 -2048 1408 ) 
4 2069 2077 (1408 -2048 1408 ) (1408 -2048 7168 ) (1408 -1024 7168 ) (1408 -1024 1408 ) 
4 2069 2070 (1408 -2048 1408 ) (1408 -1920 1408 ) (2048 -1920 1408 ) (2048 -2048 1408 ) 
4 2070 2114 (1792 -2048 1408 ) (1408 -2048 1408 ) (1408 -2048 1280 ) (1792 -2048 1280 ) 
4 2070 2113 (2048 -2048 1280 ) (2048 -2048 1408 ) (1792 -2048 1408 ) (1792 -2048 1280 ) 
4 2070 2078 (1408 -2048 1280 ) (1408 -2048 1408 ) (1408 -1920 1408 ) (1408 -1920 1280 ) 
4 2070 2075 (1792 -2048 1280 ) (1408 -2048 1280 ) (1408 -1920 1280 ) (1792 -1920 1280 ) 
4 2070 2074 (2048 -2048 1280 ) (1792 -2048 1280 ) (1792 -1920 1280 ) (2048 -1920 1280 ) 
4 2071 2072 (1792 -1728 448 ) (1792 -1728 1280 ) (1792 -1024 1280 ) (1792 -1024 448 ) 
4 2072 2082 (1408 -1600 768 ) (1408 -1088 768 ) (1408 -1088 448 ) (1408 -1600 448 ) 
4 2073 2085 (1408 -1728 -2944 ) (1408 -1728 -1152 ) (1408 -1024 -1152 ) (1408 -1024 -2944 ) 
4 2073 2076 (2048 -1728 -2944 ) (2048 -1728 -1152 ) (1408 -1728 -1152 ) (1408 -1728 -2944 ) 
4 2074 2113 (2048 -2048 -1152 ) (2048 -2048 1280 ) (1792 -2048 1280 ) (1792 -2048 -1152 ) 
4 2074 2076 (2048 -2048 -1152 ) (1792 -2048 -1152 ) (1792 -1920 -1152 ) (2048 -1920 -1152 ) 
4 2074 2075 (1792 -1920 1280 ) (1792 -1920 768 ) (1792 -2048 768 ) (1792 -2048 1280 ) 
4 2075 2114 (1792 -2048 1280 ) (1408 -2048 1280 ) (1408 -2048 768 ) (1792 -2048 768 ) 
4 2076 2116 (2048 -2048 -2944 ) (2048 -2048 -1152 ) (1408 -2048 -1152 ) (1408 -2048 -2944 ) 
4 2076 2085 (1408 -2048 -2944 ) (1408 -2048 -1152 ) (1408 -1728 -1152 ) (1408 -1728 -2944 ) 
4 2077 2117 (1408 -2048 1408 ) (1408 -2048 7168 ) (1024 -2048 7168 ) (1024 -2048 1408 ) 
4 2077 2086 (1024 -1024 7168 ) (1024 -1024 1408 ) (1024 -2048 1408 ) (1024 -2048 7168 ) 
4 2077 2078 (1408 -1920 1408 ) (1408 -2048 1408 ) (1152 -2048 1408 ) (1152 -1920 1408 ) 
4 2078 2118 (1408 -2048 1280 ) (1408 -2048 1408 ) (1152 -2048 1408 ) (1152 -2048 1280 ) 
3 2079 2120 (1056 -2048 768 ) (1248 -2048 768 ) (1056 -2048 1024 ) 
4 2079 2121 (1024 -2048 1066.666626 ) (1024 -2048 768 ) (1056 -2048 768 ) (1056 -2048 1024 ) 
4 2079 2090 (1024 -1024 1024 ) (1024 -1024 768 ) (1024 -2048 768 ) (1024 -2048 1024 ) 
4 2079 2088 (1024 -1024 1066.666626 ) (1024 -1024 1024 ) (1024 -2048 1024 ) (1024 -2048 1066.666626 ) 
4 2079 2084 (1024 -2048 768 ) (1024 -1728 768 ) (1248 -1728 768 ) (1248 -2048 768 ) 
4 2079 2083 (1024 -1728 768 ) (1024 -1088 768 ) (1248 -1088 768 ) (1248 -1728 768 ) 
4 2079 2081 (1024 -1088 768 ) (1024 -1024 768 ) (1248 -1024 768 ) (1248 -1088 768 ) 
4 2079 2080 (1056 -1024 1024 ) (1024 -1024 1066.666626 ) (1024 -2048 1066.666626 ) (1056 -2048 1024 ) 
4 2080 2121 (1056 -2048 1280 ) (1024 -2048 1280 ) (1024 -2048 1066.666626 ) (1056 -2048 1024 ) 
4 2080 2088 (1024 -1024 1280 ) (1024 -1024 1066.666626 ) (1024 -2048 1066.666626 ) (1024 -2048 1280 ) 
4 2081 2091 (1024 -1024 768 ) (1024 -1024 -384 ) (1024 -1088 -384 ) (1024 -1088 768 ) 
4 2081 2083 (1280 -1088 768 ) (1024 -1088 768 ) (1024 -1088 -384 ) (1280 -1088 -384 ) 
4 2082 2083 (1280 -1088 768 ) (1280 -1088 -640 ) (1280 -1600 -640 ) (1280 -1600 768 ) 
4 2083 2095 (1024 -1728 -640 ) (1024 -1728 768 ) (1024 -1600 768 ) (1024 -1600 -640 ) 
4 2083 2094 (1024 -1600 768 ) (1024 -1088 768 ) (1024 -1088 -640 ) (1024 -1600 -640 ) 
4 2083 2084 (1280 -1728 768 ) (1024 -1728 768 ) (1024 -1728 -640 ) (1280 -1728 -640 ) 
4 2084 2122 (1408 -2048 -1088 ) (1408 -2048 768 ) (1280 -2048 768 ) (1280 -2048 -1088 ) 
4 2084 2123 (1280 -2048 768 ) (1024 -2048 768 ) (1024 -2048 -1088 ) (1280 -2048 -1088 ) 
4 2084 2098 (1024 -2048 -1088 ) (1024 -2048 768 ) (1024 -1728 768 ) (1024 -1728 -1088 ) 
4 2085 2124 (1408 -2048 -2944 ) (1408 -2048 -1152 ) (1024 -2048 -1152 ) (1024 -2048 -2944 ) 
4 2085 2099 (1024 -1728 -2944 ) (1024 -2048 -2944 ) (1024 -2048 -1152 ) (1024 -1728 -1152 ) 
4 2085 2097 (1024 -1088 -2944 ) (1024 -1728 -2944 ) (1024 -1728 -1152 ) (1024 -1088 -1152 ) 
4 2085 2093 (1024 -1024 -1152 ) (1024 -1024 -2944 ) (1024 -1088 -2944 ) (1024 -1088 -1152 ) 
4 2086 2349 (0 -2048 1408 ) (0 -2048 7168 ) (0 -1024 7168 ) (0 -1024 1408 ) 
4 2086 2127 (384 -2048 1408 ) (1024 -2048 1408 ) (1024 -2048 7168 ) (384 -2048 7168 ) 
4 2086 2129 (0 -2048 7168 ) (0 -2048 1408 ) (384 -2048 1408 ) (384 -2048 7168 ) 
4 2086 2087 (384 -2048 1408 ) (0 -2048 1408 ) (0 -1024 1408 ) (384 -1024 1408 ) 
4 2087 2349 (0 -2048 1280 ) (0 -2048 1408 ) (0 -1024 1408 ) (0 -1024 1280 ) 
4 2087 2129 (0 -2048 1408 ) (0 -2048 1280 ) (384 -2048 1280 ) (384 -2048 1408 ) 
4 2087 2089 (384 -2048 1280 ) (0 -2048 1280 ) (0 -1024 1280 ) (384 -1024 1280 ) 
4 2088 2130 (480 -2048 1024 ) (1024 -2048 1024 ) (1024 -2048 1280 ) (480 -2048 1280 ) 
4 2088 2090 (1024 -1024 1024 ) (1024 -2048 1024 ) (480 -2048 1024 ) (480 -1024 1024 ) 
4 2089 2349 (0 -2048 1024 ) (0 -2048 1280 ) (0 -1024 1280 ) (0 -1024 1024 ) 
4 2089 2135 (0 -2048 1280 ) (0 -2048 1024 ) (128 -2048 1024 ) (128 -2048 1280 ) 
4 2089 2131 (128 -2048 1024 ) (384 -2048 1024 ) (384 -2048 1280 ) (128 -2048 1280 ) 
4 2090 2132 (288.001678 -2048 768 ) (1024 -2048 768 ) (1024 -2048 1024 ) (480.001648 -2048 1024 ) 
4 2090 2098 (1024 -1728 768 ) (1024 -2048 768 ) (288.001709 -2048 768 ) (288.001526 -1728 768 ) 
4 2090 2095 (1024 -1600 768 ) (1024 -1728 768 ) (288.001526 -1728 768 ) (288.001465 -1600 768 ) 
4 2090 2094 (1024 -1088 768 ) (1024 -1600 768 ) (288.001465 -1600 768 ) (288.001190 -1088 768 ) 
4 2090 2091 (1024 -1024 768 ) (1024 -1088 768 ) (288.001190 -1088 768 ) (288.001160 -1024 768 ) 
4 2091 2094 (1024 -1088 -384 ) (1024 -1088 768 ) (256 -1088 768 ) (256 -1088 -384 ) 
4 2092 2350 (0 -1088 0 ) (0 -1088 768 ) (0 -1024 768 ) (0 -1024 0 ) 
4 2092 2096 (128 -1088 768 ) (0 -1088 768 ) (0 -1088 448 ) (128 -1088 448 ) 
4 2093 2353 (0 -1088 -2944 ) (0 -1088 -1152 ) (0 -1024 -1152 ) (0 -1024 -2944 ) 
4 2093 2097 (1024 -1088 -2944 ) (1024 -1088 -1152 ) (0 -1088 -1152 ) (0 -1088 -2944 ) 
4 2094 2096 (128 -1088 768 ) (128 -1088 448 ) (128 -1600 448 ) (128 -1600 768 ) 
4 2094 2095 (256 -1600 -640 ) (1024 -1600 -640 ) (1024 -1600 768 ) (256 -1600 768 ) 
4 2095 2098 (1024 -1728 -640 ) (1024 -1728 768 ) (256 -1728 768 ) (256 -1728 -640 ) 
4 2096 2355 (0 -1728 448 ) (0 -1728 768 ) (0 -1088 768 ) (0 -1088 448 ) 
4 2097 2357 (0 -1728 -2944 ) (0 -1728 -1152 ) (0 -1088 -1152 ) (0 -1088 -2944 ) 
4 2097 2099 (1024 -1728 -2944 ) (1024 -1728 -1152 ) (0 -1728 -1152 ) (0 -1728 -2944 ) 
4 2098 2134 (256 -2048 768 ) (128 -2048 768 ) (128 -2048 -1088 ) (256 -2048 -1088 ) 
4 2098 2133 (1024 -2048 -1088 ) (1024 -2048 768 ) (256 -2048 768 ) (256 -2048 -1088 ) 
4 2099 2358 (0 -2048 -2944 ) (0 -2048 -1152 ) (0 -1728 -1152 ) (0 -1728 -2944 ) 
4 2099 2137 (0 -2048 -1152 ) (0 -2048 -2944 ) (1024 -2048 -2944 ) (1024 -2048 -1152 ) 
4 2100 2116 (2048 -2048 -1152 ) (2048 -2048 -2944 ) (2048 -3072 -2944 ) (2048 -3072 -1152 ) 
4 2100 2113 (2048 -2048 7168 ) (2048 -2048 -1152 ) (2048 -3072 -1152 ) (2048 -3072 7168 ) 
4 2100 2111 (2048 -3072 3200 ) (2048 -3072 -2944 ) (2240 -3072 -2944 ) (2240 -3072 3200 ) 
4 2100 2109 (2240 -3072 7168 ) (2048 -3072 7168 ) (2048 -3072 3648 ) (2240 -3072 3648 ) 
4 2100 2103 (3072 -3072 -2944 ) (3072 -3072 2048 ) (2240 -3072 2048 ) (2240 -3072 -2944 ) 
4 2100 2101 (3072 -3072 2048 ) (3072 -3072 7168 ) (2240 -3072 7168 ) (2240 -3072 2048 ) 
4 2101 2111 (2240 -3072 3200 ) (2240 -3072 2048 ) (2240 -3328 2048 ) (2240 -3328 3200 ) 
4 2101 2109 (2240 -3072 7168 ) (2240 -3072 3648 ) (2240 -3328 3648 ) (2240 -3328 7168 ) 
4 2101 2103 (2240 -3328 2048 ) (2240 -3072 2048 ) (3072 -3072 2048 ) (3072 -3328 2048 ) 
4 2101 2102 (3072 -3328 5120 ) (3072 -3328 7168 ) (2240 -3328 7168 ) (2240 -3328 5120 ) 
4 2102 2110 (2240 -3776 5120 ) (2240 -3776 7168 ) (2240 -3520 7168 ) (2240 -3520 5120 ) 
4 2102 2109 (2240 -3520 7168 ) (2240 -3328 7168 ) (2240 -3328 5120 ) (2240 -3520 5120 ) 
4 2102 2104 (2240 -3776 7168 ) (2240 -3776 5120 ) (3072 -3776 5120 ) (3072 -3776 7168 ) 
4 2103 2112 (2240 -3584 -2944 ) (2240 -3776 -2944 ) (2240 -3776 640 ) (2240 -3584 640 ) 
4 2103 2111 (2240 -3072 2048 ) (2240 -3072 -2944 ) (2240 -3584 -2944 ) (2240 -3584 2048 ) 
4 2103 2108 (2240 -3776 2048 ) (2240 -3776 -2944 ) (3072 -3776 -2944 ) (3072 -3776 2048 ) 
4 2104 2204 (3072 -4096 5120 ) (3072 -4096 7168 ) (2240 -4096 7168 ) (2240 -4096 5120 ) 
4 2104 2110 (2240 -4096 5120 ) (2240 -4096 7168 ) (2240 -3776 7168 ) (2240 -3776 5120 ) 
4 2105 2205 (3072 -4096 3648 ) (3072 -4096 5056 ) (2688 -4096 5056 ) (2688 -4096 3648 ) 
4 2105 2106 (2688 -4096 3648 ) (2688 -4096 5056 ) (2688 -3776 5056 ) (2688 -3776 3648 ) 
4 2106 2207 (2688 -4096 5056 ) (2368 -4096 5056 ) (2368 -4096 3264 ) (2688 -4096 3264 ) 
4 2106 2107 (2368 -3904 3264 ) (2368 -4096 3264 ) (2368 -4096 5056 ) (2368 -3904 5056 ) 
4 2107 2208 (2368 -4096 5056 ) (2240 -4096 5056 ) (2240 -4096 3264 ) (2368 -4096 3264 ) 
4 2108 2212 (3072 -4096 -2944 ) (3072 -4096 2048 ) (2240 -4096 2048 ) (2240 -4096 -2944 ) 
4 2108 2112 (2240 -4096 -2944 ) (2240 -4096 640 ) (2240 -3776 640 ) (2240 -3776 -2944 ) 
4 2109 2138 (2048 -3072 7168 ) (2048 -3072 3648 ) (2048 -3520 3648 ) (2048 -3520 7168 ) 
4 2109 2110 (2048 -3520 7168 ) (2048 -3520 5120 ) (2240 -3520 5120 ) (2240 -3520 7168 ) 
4 2110 2213 (2240 -4096 5120 ) (2240 -4096 7168 ) (2048 -4096 7168 ) (2048 -4096 5120 ) 
4 2110 2139 (2048 -4096 5120 ) (2048 -4096 7168 ) (2048 -3520 7168 ) (2048 -3520 5120 ) 
4 2111 2144 (2048 -3584 3200 ) (2048 -3072 3200 ) (2048 -3072 -2944 ) (2048 -3584 -2944 ) 
4 2111 2112 (2048 -3584 -2944 ) (2240 -3584 -2944 ) (2240 -3584 640 ) (2048 -3584 640 ) 
4 2112 2216 (2240 -4096 -2944 ) (2240 -4096 640 ) (2048 -4096 640 ) (2048 -4096 -2944 ) 
4 2112 2145 (2048 -4096 -2944 ) (2048 -4096 640 ) (2048 -3584 640 ) (2048 -3584 -2944 ) 
4 2113 2144 (2048 -3072 -1152 ) (2048 -3072 3200 ) (1792 -3072 3200 ) (1792 -3072 -1152 ) 
4 2113 2138 (2048 -3072 3648 ) (2048 -3072 7168 ) (1792 -3072 7168 ) (1792 -3072 3648 ) 
4 2113 2116 (2048 -3072 -1152 ) (1792 -3072 -1152 ) (1792 -2048 -1152 ) (2048 -2048 -1152 ) 
4 2113 2114 (1792 -2816 768 ) (1792 -2816 7168 ) (1792 -2048 7168 ) (1792 -2048 768 ) 
4 2113 2115 (1792 -2816 -1152 ) (1792 -3072 -1152 ) (1792 -3072 7168 ) (1792 -2816 7168 ) 
4 2114 2118 (1408 -2048 1408 ) (1408 -2048 1280 ) (1408 -2816 1280 ) (1408 -2816 1408 ) 
4 2114 2117 (1408 -2816 7168 ) (1408 -2048 7168 ) (1408 -2048 1408 ) (1408 -2816 1408 ) 
4 2114 2115 (1792 -2816 768 ) (1792 -2816 7168 ) (1408 -2816 7168 ) (1408 -2816 768 ) 
4 2115 2144 (1408 -3072 3200 ) (1408 -3072 -1152 ) (1792 -3072 -1152 ) (1792 -3072 3200 ) 
4 2115 2138 (1792 -3072 7168 ) (1408 -3072 7168 ) (1408 -3072 3648 ) (1792 -3072 3648 ) 
4 2115 2126 (1408 -3072 -1152 ) (1408 -3072 1280 ) (1408 -2816 1280 ) (1408 -2816 -1152 ) 
4 2115 2118 (1408 -3072 1280 ) (1408 -3072 1408 ) (1408 -2816 1408 ) (1408 -2816 1280 ) 
4 2115 2117 (1408 -3072 1408 ) (1408 -3072 7168 ) (1408 -2816 7168 ) (1408 -2816 1408 ) 
4 2115 2116 (1792 -3072 -1152 ) (1408 -3072 -1152 ) (1408 -2816 -1152 ) (1792 -2816 -1152 ) 
4 2116 2144 (2048 -3072 -2944 ) (2048 -3072 -1152 ) (1408 -3072 -1152 ) (1408 -3072 -2944 ) 
4 2116 2125 (1408 -2816 -1152 ) (1408 -2688 -1152 ) (1408 -2688 -2944 ) (1408 -2816 -2944 ) 
4 2116 2126 (1408 -3072 -2944 ) (1408 -3072 -1152 ) (1408 -2816 -1152 ) (1408 -2816 -2944 ) 
4 2116 2124 (1408 -2688 -1152 ) (1408 -2048 -1152 ) (1408 -2048 -2944 ) (1408 -2688 -2944 ) 
4 2117 2144 (1408 -3072 1408 ) (1408 -3072 3200 ) (1024 -3072 3200 ) (1024 -3072 1408 ) 
4 2117 2138 (1408 -3072 3648 ) (1408 -3072 7168 ) (1024 -3072 7168 ) (1024 -3072 3648 ) 
4 2117 2127 (1024 -2048 7168 ) (1024 -2048 1408 ) (1024 -2816 1408 ) (1024 -2816 7168 ) 
4 2117 2128 (1024 -2816 1408 ) (1024 -3072 1408 ) (1024 -3072 7168 ) (1024 -2816 7168 ) 
4 2117 2119 (1152 -2816 1408 ) (1152 -3072 1408 ) (1024 -3072 1408 ) (1024 -2816 1408 ) 
4 2117 2118 (1152 -2048 1408 ) (1408 -2048 1408 ) (1408 -3072 1408 ) (1152 -3072 1408 ) 
4 2118 2144 (1408 -3072 1280 ) (1408 -3072 1408 ) (1152 -3072 1408 ) (1152 -3072 1280 ) 
4 2118 2126 (1408 -2816 1280 ) (1408 -3072 1280 ) (1152 -3072 1280 ) (1152 -2816 1280 ) 
4 2118 2119 (1152 -2816 1280 ) (1152 -3072 1280 ) (1152 -3072 1408 ) (1152 -2816 1408 ) 
4 2119 2144 (1152 -3072 1408 ) (1024 -3072 1408 ) (1024 -3072 1280 ) (1152 -3072 1280 ) 
4 2119 2128 (1024 -2816 1280 ) (1024 -3072 1280 ) (1024 -3072 1408 ) (1024 -2816 1408 ) 
4 2119 2126 (1024 -3072 1280 ) (1024 -2816 1280 ) (1152 -2816 1280 ) (1152 -3072 1280 ) 
4 2120 2123 (1248 -2688 768 ) (1056 -2688 768 ) (1056 -2048 768 ) (1248 -2048 768 ) 
4 2120 2121 (1056 -2048 768 ) (1056 -2688 768 ) (1056 -2688 1024 ) (1056 -2048 1024 ) 
4 2121 2132 (1024 -2048 1024 ) (1024 -2048 768 ) (1024 -2688 768 ) (1024 -2688 1024 ) 
4 2121 2130 (1024 -2048 1280 ) (1024 -2048 1024 ) (1024 -2688 1024 ) (1024 -2688 1280 ) 
4 2121 2123 (1056 -2688 768 ) (1024 -2688 768 ) (1024 -2048 768 ) (1056 -2048 768 ) 
4 2122 2123 (1280 -2048 -1088 ) (1280 -2560 -1088 ) (1280 -2560 768 ) (1280 -2048 768 ) 
4 2123 2133 (1024 -2048 768 ) (1024 -2048 -1088 ) (1024 -2688 -1088 ) (1024 -2688 768 ) 
4 2124 2137 (1024 -2048 -1152 ) (1024 -2048 -2944 ) (1024 -2688 -2944 ) (1024 -2688 -1152 ) 
4 2124 2125 (1408 -2688 -2944 ) (1408 -2688 -1152 ) (1024 -2688 -1152 ) (1024 -2688 -2944 ) 
4 2125 2137 (1024 -2688 -1152 ) (1024 -2688 -2944 ) (1024 -2816 -2944 ) (1024 -2816 -1152 ) 
4 2125 2126 (1024 -2816 -2944 ) (1408 -2816 -2944 ) (1408 -2816 -1152 ) (1024 -2816 -1152 ) 
4 2126 2144 (1408 -3072 -2944 ) (1408 -3072 1280 ) (1024 -3072 1280 ) (1024 -3072 -2944 ) 
4 2126 2137 (1024 -3072 -2944 ) (1024 -3072 -1152 ) (1024 -2816 -1152 ) (1024 -2816 -2944 ) 
4 2126 2136 (1024 -3072 -1152 ) (1024 -3072 1280 ) (1024 -2816 1280 ) (1024 -2816 -1152 ) 
4 2127 2128 (384 -2816 7168 ) (384 -2816 1408 ) (1024 -2816 1408 ) (1024 -2816 7168 ) 
4 2127 2129 (384 -2816 1408 ) (384 -2816 7168 ) (384 -2048 7168 ) (384 -2048 1408 ) 
4 2128 2150 (384 -3072 1280 ) (1024 -3072 1280 ) (1024 -3072 3200 ) (384 -3072 3200 ) 
4 2128 2146 (1024 -3072 3648 ) (1024 -3072 7168 ) (384 -3072 7168 ) (384 -3072 3648 ) 
4 2128 2136 (1024 -2816 1280 ) (1024 -3072 1280 ) (384 -3072 1280 ) (384 -2816 1280 ) 
4 2128 2129 (384 -2816 1280 ) (384 -3072 1280 ) (384 -3072 7168 ) (384 -2816 7168 ) 
4 2129 2376 (0 -2816 7168 ) (0 -2048 7168 ) (0 -2048 1280 ) (0 -2816 1280 ) 
4 2129 2377 (0 -3072 1280 ) (0 -3072 7168 ) (0 -2816 7168 ) (0 -2816 1280 ) 
4 2129 2150 (0 -3072 3200 ) (0 -3072 1280 ) (384 -3072 1280 ) (384 -3072 3200 ) 
4 2129 2149 (0 -3072 3584 ) (0 -3072 3200 ) (256 -3072 3200 ) (256 -3072 3584 ) 
4 2129 2147 (0 -3072 3648 ) (0 -3072 3584 ) (256 -3072 3584 ) (256 -3072 3648 ) 
4 2129 2146 (0 -3072 7168 ) (0 -3072 3648 ) (384 -3072 3648 ) (384 -3072 7168 ) 
4 2129 2135 (0 -2816 1280 ) (0 -2048 1280 ) (128 -2048 1280 ) (128 -2816 1280 ) 
4 2129 2131 (128 -2048 1280 ) (384 -2048 1280 ) (384 -2688 1280 ) (128 -2688 1280 ) 
4 2129 2136 (384 -3072 1280 ) (0 -3072 1280 ) (0 -2816 1280 ) (384 -2816 1280 ) 
4 2130 2132 (480 -2048 1024 ) (1024 -2048 1024 ) (1024 -2688 1024 ) (480 -2688 1024 ) 
4 2131 2135 (128 -2688 1280 ) (128 -2048 1280 ) (128 -2048 1024 ) (128 -2688 1024 ) 
4 2132 2133 (288.001648 -2048 768 ) (1024 -2048 768 ) (1024 -2688 768 ) (288.002014 -2688 768 ) 
4 2133 2134 (256 -2048 -1088 ) (256 -2560 -1088 ) (256 -2560 768 ) (256 -2048 768 ) 
4 2135 2376 (0 -2816 1280 ) (0 -2048 1280 ) (0 -2048 1024 ) (0 -2816 1024 ) 
4 2135 2136 (128 -2816 1024 ) (128 -2816 1280 ) (0 -2816 1280 ) (0 -2816 1024 ) 
4 2136 2379 (0 -3072 -1152 ) (0 -3072 768 ) (0 -2816 768 ) (0 -2816 -1152 ) 
4 2136 2377 (0 -3072 768 ) (0 -3072 1280 ) (0 -2816 1280 ) (0 -2816 768 ) 
4 2136 2150 (0 -3072 1280 ) (0 -3072 -1152 ) (1024 -3072 -1152 ) (1024 -3072 1280 ) 
4 2136 2137 (1024 -3072 -1152 ) (0 -3072 -1152 ) (0 -2816 -1152 ) (1024 -2816 -1152 ) 
4 2137 2378 (0 -2816 -1152 ) (0 -2048 -1152 ) (0 -2048 -2944 ) (0 -2816 -2944 ) 
4 2137 2379 (0 -3072 -2944 ) (0 -3072 -1152 ) (0 -2816 -1152 ) (0 -2816 -2944 ) 
4 2137 2150 (0 -3072 -1152 ) (0 -3072 -2944 ) (1024 -3072 -2944 ) (1024 -3072 -1152 ) 
4 2138 2146 (1024 -3072 7168 ) (1024 -3072 3648 ) (1024 -3520 3648 ) (1024 -3520 7168 ) 
4 2138 2139 (1024 -3520 7168 ) (1024 -3520 5120 ) (2048 -3520 5120 ) (2048 -3520 7168 ) 
4 2139 2234 (2048 -4096 5120 ) (2048 -4096 7168 ) (1024 -4096 7168 ) (1024 -4096 5120 ) 
4 2139 2148 (1024 -4096 5120 ) (1024 -4096 7168 ) (1024 -3520 7168 ) (1024 -3520 5120 ) 
4 2140 2151 (1024 -3136 3264 ) (1024 -3520 3264 ) (1024 -3520 3584 ) (1024 -3136 3584 ) 
4 2140 2142 (1024 -3520 3264 ) (1536 -3520 3264 ) (1536 -3520 3520 ) (1024 -3520 3520 ) 
4 2141 2238 (1792 -4096 3584 ) (1536 -4096 3584 ) (1536 -4096 3264 ) (1792 -4096 3264 ) 
4 2141 2143 (1536 -3584 3264 ) (1536 -4096 3264 ) (1536 -4096 3584 ) (1536 -3584 3584 ) 
4 2142 2153 (1024 -3520 3264 ) (1024 -3584 3264 ) (1024 -3584 3520 ) (1024 -3520 3520 ) 
4 2142 2143 (1024 -3584 3264 ) (1536 -3584 3264 ) (1536 -3584 3520 ) (1024 -3584 3520 ) 
4 2143 2238 (1536 -4096 3584 ) (1024 -4096 3584 ) (1024 -4096 3264 ) (1536 -4096 3264 ) 
4 2143 2154 (1024 -3584 3264 ) (1024 -4096 3264 ) (1024 -4096 3584 ) (1024 -3584 3584 ) 
4 2144 2156 (1024 -3136 -2944 ) (1024 -3584 -2944 ) (1024 -3584 3200 ) (1024 -3136 3200 ) 
4 2144 2150 (1024 -3072 3200 ) (1024 -3072 -2944 ) (1024 -3136 -2944 ) (1024 -3136 3200 ) 
4 2144 2145 (1024 -3584 -2944 ) (2048 -3584 -2944 ) (2048 -3584 640 ) (1024 -3584 640 ) 
4 2145 2251 (2048 -4096 -2944 ) (2048 -4096 640 ) (1024 -4096 640 ) (1024 -4096 -2944 ) 
4 2145 2157 (1024 -3584 -2944 ) (1024 -4096 -2944 ) (1024 -4096 640 ) (1024 -3584 640 ) 
4 2146 2388 (0 -3072 3840 ) (0 -3072 3648 ) (0 -3520 3648 ) (0 -3520 3840 ) 
4 2146 2387 (0 -3072 5120 ) (0 -3072 3840 ) (0 -3520 3840 ) (0 -3520 5120 ) 
4 2146 2386 (0 -3072 7168 ) (0 -3072 5120 ) (0 -3520 5120 ) (0 -3520 7168 ) 
4 2146 2148 (1024 -3520 5120 ) (1024 -3520 7168 ) (0 -3520 7168 ) (0 -3520 5120 ) 
4 2146 2147 (256 -3520 3648 ) (0 -3520 3648 ) (0 -3072 3648 ) (256 -3072 3648 ) 
4 2147 2388 (0 -3072 3648 ) (0 -3072 3584 ) (0 -3520 3584 ) (0 -3520 3648 ) 
4 2147 2152 (256 -3520 3584 ) (0 -3520 3584 ) (0 -3136 3584 ) (256 -3136 3584 ) 
4 2147 2149 (0 -3136 3584 ) (0 -3072 3584 ) (256 -3072 3584 ) (256 -3136 3584 ) 
4 2148 2386 (0 -4096 5120 ) (0 -4096 7168 ) (0 -3520 7168 ) (0 -3520 5120 ) 
4 2148 2252 (0 -4096 7168 ) (0 -4096 5120 ) (1024 -4096 5120 ) (1024 -4096 7168 ) 
4 2149 2390 (0 -3136 3200 ) (0 -3136 3584 ) (0 -3072 3584 ) (0 -3072 3200 ) 
4 2149 2159 (0 -3136 3264 ) (0 -3136 3200 ) (256 -3136 3200 ) (256 -3136 3264 ) 
4 2149 2152 (256 -3136 3584 ) (0 -3136 3584 ) (0 -3136 3264 ) (256 -3136 3264 ) 
4 2149 2150 (256 -3136 3200 ) (0 -3136 3200 ) (0 -3072 3200 ) (256 -3072 3200 ) 
4 2150 2390 (0 -3136 -2944 ) (0 -3136 3200 ) (0 -3072 3200 ) (0 -3072 -2944 ) 
4 2150 2159 (256 -3136 3200 ) (0 -3136 3200 ) (0 -3136 2048 ) (256 -3136 2048 ) 
4 2150 2158 (320 -3136 3200 ) (256 -3136 3200 ) (256 -3136 2048 ) (320 -3136 2048 ) 
4 2150 2160 (0 -3136 2048 ) (0 -3136 -2944 ) (320 -3136 -2944 ) (320 -3136 2048 ) 
4 2150 2156 (1024 -3136 -2944 ) (1024 -3136 3200 ) (320 -3136 3200 ) (320 -3136 -2944 ) 
4 2151 2153 (832 -3520 3264 ) (1024 -3520 3264 ) (1024 -3520 3520 ) (832 -3520 3520 ) 
4 2152 2390 (0 -3520 3584 ) (0 -3136 3584 ) (0 -3136 3264 ) (0 -3520 3264 ) 
4 2152 2159 (0 -3136 3264 ) (256 -3136 3264 ) (256 -3520 3264 ) (0 -3520 3264 ) 
4 2153 2154 (832 -3584 3520 ) (832 -3584 3264 ) (1024 -3584 3264 ) (1024 -3584 3520 ) 
4 2154 2253 (832 -4096 3264 ) (1024 -4096 3264 ) (1024 -4096 3584 ) (832 -4096 3584 ) 
4 2154 2155 (832 -3584 3264 ) (832 -4096 3264 ) (832 -4096 3584 ) (832 -3584 3584 ) 
4 2155 2253 (320 -4096 3264 ) (832 -4096 3264 ) (832 -4096 3584 ) (320 -4096 3584 ) 
4 2156 2158 (320 -3520 3200 ) (320 -3136 3200 ) (320 -3136 2048 ) (320 -3520 2048 ) 
4 2156 2160 (320 -3136 -2944 ) (320 -3584 -2944 ) (320 -3584 2048 ) (320 -3136 2048 ) 
4 2156 2157 (320 -3584 640 ) (320 -3584 -2944 ) (1024 -3584 -2944 ) (1024 -3584 640 ) 
4 2157 2260 (320 -4096 -2944 ) (1024 -4096 -2944 ) (1024 -4096 640 ) (320 -4096 640 ) 
4 2157 2160 (320 -3584 -2944 ) (320 -4096 -2944 ) (320 -4096 640 ) (320 -3584 640 ) 
4 2158 2159 (256 -3136 2048 ) (256 -3520 2048 ) (256 -3520 3200 ) (256 -3136 3200 ) 
4 2158 2160 (256 -3136 2048 ) (320 -3136 2048 ) (320 -3520 2048 ) (256 -3520 2048 ) 
4 2159 2390 (0 -3520 3264 ) (0 -3136 3264 ) (0 -3136 2048 ) (0 -3520 2048 ) 
4 2159 2160 (0 -3520 2048 ) (0 -3136 2048 ) (256 -3136 2048 ) (256 -3520 2048 ) 
4 2160 2391 (0 -4096 -2944 ) (0 -4096 640 ) (0 -3520 640 ) (0 -3520 -2944 ) 
4 2160 2390 (0 -3520 2048 ) (0 -3136 2048 ) (0 -3136 -2944 ) (0 -3520 -2944 ) 
4 2160 2263 (0 -4096 2048 ) (0 -4096 -2944 ) (320 -4096 -2944 ) (320 -4096 2048 ) 
4 2161 2175 (5120 -5120 5120 ) (5120 -5120 7168 ) (4096 -5120 7168 ) (4096 -5120 5120 ) 
4 2161 2164 (4096 -5120 5120 ) (4096 -5120 7168 ) (4096 -4096 7168 ) (4096 -4096 5120 ) 
4 2162 2172 (4096 -4672 2112 ) (4096 -4716.663086 2112 ) (4096 -4716.663086 3648 ) (4096 -4672 3648 ) 
4 2162 2171 (4096 -4096 3648 ) (4096 -4096 2112 ) (4096 -4672 2112 ) (4096 -4672 3648 ) 
4 2162 2168 (4096 -4672 3648 ) (4096 -4716.663086 3648 ) (4096 -4716.663086 4096 ) (4096 -4672 4096 ) 
4 2162 2167 (4096 -4096 4096 ) (4096 -4096 3648 ) (4096 -4672 3648 ) (4096 -4672 4096 ) 
4 2162 2166 (4096 -4672 4096 ) (4096 -4716.663086 4096 ) (4096 -4716.663086 5056 ) (4096 -4672 5056 ) 
4 2162 2165 (4096 -4096 5056 ) (4096 -4096 4096 ) (4096 -4672 4096 ) (4096 -4672 5056 ) 
4 2163 2176 (5120 -5120 -2944 ) (5120 -5120 640 ) (4096 -5120 640 ) (4096 -5120 -2944 ) 
4 2163 2173 (4096 -5120 -2944 ) (4096 -5120 2048 ) (4096 -4096 2048 ) (4096 -4096 -2944 ) 
4 2164 2204 (3072 -4096 7168 ) (3072 -4096 5120 ) (3072 -5120 5120 ) (3072 -5120 7168 ) 
4 2164 2177 (3072 -5120 7168 ) (3072 -5120 5120 ) (4096 -5120 5120 ) (4096 -5120 7168 ) 
4 2165 2205 (3072 -4096 5056 ) (3072 -4096 4096 ) (3072 -4672 4096 ) (3072 -4672 5056 ) 
4 2165 2167 (3072 -4672 4096 ) (3072 -4096 4096 ) (4096 -4096 4096 ) (4096 -4672 4096 ) 
4 2165 2166 (3711.900146 -4672 4096 ) (4096 -4672 4096 ) (4096 -4672 5056 ) (3711.900146 -4672 5056 ) 
3 2166 2168 (3711.900146 -4672 4096 ) (4096 -4672 4096 ) (4096 -4716.663086 4096 ) 
4 2167 2205 (3072 -4096 4096 ) (3072 -4096 3648 ) (3072 -4672 3648 ) (3072 -4672 4096 ) 
4 2167 2171 (4096 -4096 3648 ) (4096 -4672 3648 ) (3584 -4672 3648 ) (3584 -4096 3648 ) 
4 2167 2168 (3711.902344 -4672 3648 ) (4096 -4672 3648 ) (4096 -4672 4096 ) (3711.902344 -4672 4096 ) 
3 2168 2172 (4096 -4672 3648 ) (4096 -4716.663086 3648 ) (3711.902344 -4672 3648 ) 
4 2169 2180 (3088 -5120 3648 ) (3568 -5120 3648 ) (3568 -5120 4096 ) (3088 -5120 4096 ) 
4 2169 2170 (3088 -4832 3648 ) (3088 -5120 3648 ) (3088 -5120 3968 ) (3088 -4832 3968 ) 
4 2170 2206 (3072 -4832 3648 ) (3072 -5120 3648 ) (3072 -5120 3968 ) (3072 -4832 3968 ) 
4 2170 2182 (3072 -5120 3968 ) (3072 -5120 3648 ) (3088 -5120 3648 ) (3088 -5120 3968 ) 
4 2171 2172 (3711.901611 -4672 2112 ) (4096 -4672 2112 ) (4096 -4672 3648 ) (3711.901611 -4672 3648 ) 
4 2173 2184 (4096 -5120 -2944 ) (4096 -5120 640 ) (3584 -5120 640 ) (3584 -5120 -2944 ) 
4 2173 2174 (3584 -5120 -2944 ) (3584 -5120 2048 ) (3584 -4096 2048 ) (3584 -4096 -2944 ) 
4 2174 2212 (3072 -4096 2048 ) (3072 -4096 -2944 ) (3072 -5120 -2944 ) (3072 -5120 2048 ) 
4 2174 2185 (3072 -5120 2048 ) (3072 -5120 -2944 ) (3584 -5120 -2944 ) (3584 -5120 2048 ) 
4 2175 2188 (5120 -6144 5120 ) (5120 -6144 7168 ) (4096 -6144 7168 ) (4096 -6144 5120 ) 
4 2175 2177 (4096 -5120 7168 ) (4096 -5120 5120 ) (4096 -6144 5120 ) (4096 -6144 7168 ) 
4 2176 2189 (5120 -6144 -2944 ) (5120 -6144 640 ) (4096 -6144 640 ) (4096 -6144 -2944 ) 
4 2176 2184 (4096 -5120 640 ) (4096 -5120 -2944 ) (4096 -6144 -2944 ) (4096 -6144 640 ) 
4 2177 2226 (3072 -6144 5120 ) (3072 -6144 7168 ) (3072 -5760 7168 ) (3072 -5760 5120 ) 
4 2177 2217 (3072 -5760 7168 ) (3072 -5120 7168 ) (3072 -5120 5120 ) (3072 -5760 5120 ) 
4 2177 2191 (3584 -6144 7168 ) (3072 -6144 7168 ) (3072 -6144 5120 ) (3584 -6144 5120 ) 
4 2177 2190 (4096 -6144 5120 ) (4096 -6144 7168 ) (3584 -6144 7168 ) (3584 -6144 5120 ) 
4 2177 2178 (3584 -6144 5120 ) (3072 -6144 5120 ) (3072 -5760 5120 ) (3584 -5760 5120 ) 
4 2178 2226 (3072 -6144 4096 ) (3072 -6144 5120 ) (3072 -5760 5120 ) (3072 -5760 4096 ) 
4 2178 2191 (3584 -6144 5120 ) (3072 -6144 5120 ) (3072 -6144 4096 ) (3584 -6144 4096 ) 
4 2178 2183 (3072 -6144 4096 ) (3072 -5760 4096 ) (3088 -5760 4096 ) (3088 -6144 4096 ) 
4 2178 2181 (3088 -5760 4096 ) (3568 -5760 4096 ) (3568 -6144 4096 ) (3088 -6144 4096 ) 
4 2178 2179 (3568 -5760 4096 ) (3584 -5760 4096 ) (3584 -6144 4096 ) (3568 -6144 4096 ) 
4 2179 2191 (3584 -6144 4096 ) (3568 -6144 4096 ) (3568 -6144 3648 ) (3584 -6144 3648 ) 
4 2179 2186 (3584 -6144 3648 ) (3568 -6144 3648 ) (3568 -5760 3648 ) (3584 -5760 3648 ) 
4 2179 2181 (3568 -5760 3648 ) (3568 -6144 3648 ) (3568 -6144 4096 ) (3568 -5760 4096 ) 
4 2180 2182 (3088 -5120 3648 ) (3088 -5536 3648 ) (3088 -5536 3968 ) (3088 -5120 3968 ) 
4 2181 2191 (3568 -6144 4096 ) (3088 -6144 4096 ) (3088 -6144 3648 ) (3568 -6144 3648 ) 
4 2181 2186 (3568 -6144 3648 ) (3088 -6144 3648 ) (3088 -5760 3648 ) (3568 -5760 3648 ) 
4 2181 2183 (3088 -5760 3648 ) (3088 -6144 3648 ) (3088 -6144 4096 ) (3088 -5760 4096 ) 
4 2182 2218 (3072 -5120 3968 ) (3072 -5120 3648 ) (3072 -5536 3648 ) (3072 -5536 3968 ) 
4 2183 2226 (3072 -6144 3648 ) (3072 -6144 4096 ) (3072 -5760 4096 ) (3072 -5760 3648 ) 
4 2183 2191 (3088 -6144 4096 ) (3072 -6144 4096 ) (3072 -6144 3648 ) (3088 -6144 3648 ) 
4 2183 2186 (3088 -6144 3648 ) (3072 -6144 3648 ) (3072 -5760 3648 ) (3088 -5760 3648 ) 
4 2184 2192 (4096 -6144 -2944 ) (4096 -6144 640 ) (3584 -6144 640 ) (3584 -6144 -2944 ) 
4 2184 2187 (3584 -6144 -2944 ) (3584 -6144 640 ) (3584 -5760 640 ) (3584 -5760 -2944 ) 
4 2184 2185 (3584 -5760 640 ) (3584 -5120 640 ) (3584 -5120 -2944 ) (3584 -5760 -2944 ) 
4 2185 2233 (3072 -5760 -2944 ) (3072 -5760 640 ) (3072 -5120 640 ) (3072 -5120 -2944 ) 
4 2185 2227 (3072 -5632 2048 ) (3072 -5120 2048 ) (3072 -5120 640 ) (3072 -5632 640 ) 
4 2185 2187 (3584 -5760 -2944 ) (3584 -5760 640 ) (3072 -5760 640 ) (3072 -5760 -2944 ) 
4 2186 2231 (3072 -6144 3072 ) (3072 -6144 3648 ) (3072 -5760 3648 ) (3072 -5760 3072 ) 
4 2186 2191 (3584 -6144 3072 ) (3584 -6144 3648 ) (3072 -6144 3648 ) (3072 -6144 3072 ) 
4 2187 2233 (3072 -6144 -2944 ) (3072 -6144 640 ) (3072 -5760 640 ) (3072 -5760 -2944 ) 
4 2187 2192 (3584 -6144 -2944 ) (3584 -6144 640 ) (3072 -6144 640 ) (3072 -6144 -2944 ) 
4 2188 2193 (5120 -7168 5120 ) (5120 -7168 7168 ) (4096 -7168 7168 ) (4096 -7168 5120 ) 
4 2188 2190 (4096 -7168 5120 ) (4096 -7168 7168 ) (4096 -6144 7168 ) (4096 -6144 5120 ) 
4 2189 2198 (5120 -7168 -2944 ) (5120 -7168 640 ) (4096 -7168 640 ) (4096 -7168 -2944 ) 
4 2189 2192 (4096 -7168 -2944 ) (4096 -7168 640 ) (4096 -6144 640 ) (4096 -6144 -2944 ) 
4 2190 2199 (4096 -7168 5120 ) (4096 -7168 7168 ) (3584 -7168 7168 ) (3584 -7168 5120 ) 
4 2190 2191 (3584 -7168 5120 ) (3584 -7168 7168 ) (3584 -6144 7168 ) (3584 -6144 5120 ) 
4 2191 2281 (3072 -7168 3072 ) (3072 -7168 7168 ) (3072 -6144 7168 ) (3072 -6144 3072 ) 
4 2191 2202 (3072 -7168 7168 ) (3072 -7168 3072 ) (3584 -7168 3072 ) (3584 -7168 7168 ) 
4 2192 2284 (3072 -7168 -2944 ) (3072 -7168 640 ) (3072 -6144 640 ) (3072 -6144 -2944 ) 
4 2192 2203 (3072 -7168 640 ) (3072 -7168 -2944 ) (4096 -7168 -2944 ) (4096 -7168 640 ) 
4 2193 2199 (4096 -7168 7168 ) (4096 -7168 5120 ) (4096 -7424 5120 ) (4096 -7424 7168 ) 
4 2193 2196 (4096 -7424 7168 ) (4096 -7424 5120 ) (4480 -7424 5120 ) (4480 -7424 7168 ) 
4 2193 2194 (4480 -7424 5120 ) (5120 -7424 5120 ) (5120 -7424 7168 ) (4480 -7424 7168 ) 
4 2194 2197 (5120 -7552 5120 ) (5120 -7552 7168 ) (4480 -7552 7168 ) (4480 -7552 5120 ) 
4 2194 2196 (4480 -7424 7168 ) (4480 -7424 5120 ) (4480 -7552 5120 ) (4480 -7552 7168 ) 
4 2195 2197 (4800 -7552 2912 ) (4800 -7552 3232 ) (4480 -7552 3232 ) (4480 -7552 2912 ) 
4 2196 2199 (4096 -7552 5120 ) (4096 -7552 7168 ) (4096 -7424 7168 ) (4096 -7424 5120 ) 
4 2196 2197 (4480 -7552 5120 ) (4480 -7552 7168 ) (4096 -7552 7168 ) (4096 -7552 5120 ) 
4 2197 2319 (5120 -8192 640 ) (5120 -8192 7168 ) (4096 -8192 7168 ) (4096 -8192 640 ) 
4 2197 2200 (4096 -7552 640 ) (4096 -8192 640 ) (4096 -8192 5120 ) (4096 -7552 5120 ) 
4 2197 2199 (4096 -8192 5120 ) (4096 -8192 7168 ) (4096 -7552 7168 ) (4096 -7552 5120 ) 
4 2197 2198 (5120 -8192 640 ) (4096 -8192 640 ) (4096 -7552 640 ) (5120 -7552 640 ) 
4 2198 2319 (5120 -8192 -2944 ) (5120 -8192 640 ) (4096 -8192 640 ) (4096 -8192 -2944 ) 
4 2198 2203 (4096 -7168 640 ) (4096 -7168 -2944 ) (4096 -8192 -2944 ) (4096 -8192 640 ) 
4 2199 2320 (4096 -8192 5120 ) (4096 -8192 7168 ) (3584 -8192 7168 ) (3584 -8192 5120 ) 
4 2199 2202 (3584 -7168 7168 ) (3584 -7168 5120 ) (3584 -8192 5120 ) (3584 -8192 7168 ) 
4 2199 2201 (3584 -8192 5120 ) (3584 -7552 5120 ) (3968 -7552 5120 ) (3968 -8192 5120 ) 
4 2199 2200 (3968 -7552 5120 ) (4096 -7552 5120 ) (4096 -8192 5120 ) (3968 -8192 5120 ) 
4 2200 2320 (4096 -8192 640 ) (4096 -8192 5120 ) (3968 -8192 5120 ) (3968 -8192 640 ) 
4 2200 2203 (4096 -7552 640 ) (4096 -8192 640 ) (3968 -8192 640 ) (3968 -7552 640 ) 
4 2200 2201 (3968 -7552 5120 ) (3968 -7552 3072 ) (3968 -8192 3072 ) (3968 -8192 5120 ) 
4 2201 2320 (3968 -8192 5120 ) (3584 -8192 5120 ) (3584 -8192 3072 ) (3968 -8192 3072 ) 
4 2201 2202 (3584 -8192 3072 ) (3584 -8192 5120 ) (3584 -7552 5120 ) (3584 -7552 3072 ) 
4 2202 2320 (3072 -8192 7168 ) (3072 -8192 3072 ) (3584 -8192 3072 ) (3584 -8192 7168 ) 
4 2202 2285 (3072 -8192 3072 ) (3072 -8192 7168 ) (3072 -7168 7168 ) (3072 -7168 3072 ) 
4 2203 2320 (4096 -8192 -2944 ) (4096 -8192 640 ) (3072 -8192 640 ) (3072 -8192 -2944 ) 
4 2203 2287 (3072 -8192 -2944 ) (3072 -8192 640 ) (3072 -7168 640 ) (3072 -7168 -2944 ) 
4 2204 2217 (3072 -5120 5120 ) (3072 -5120 7168 ) (2240 -5120 7168 ) (2240 -5120 5120 ) 
4 2204 2213 (2240 -4096 7168 ) (2240 -4096 5120 ) (2240 -5120 5120 ) (2240 -5120 7168 ) 
4 2205 2207 (2688 -4096 5056 ) (2688 -4096 3648 ) (2688 -4672 3648 ) (2688 -4672 5056 ) 
4 2205 2206 (2688 -4672 4096 ) (2688 -4672 3648 ) (3072 -4672 3648 ) (3072 -4672 4096 ) 
4 2206 2218 (3072 -5120 3648 ) (3072 -5120 4096 ) (2688 -5120 4096 ) (2688 -5120 3648 ) 
4 2206 2211 (2688 -5120 3648 ) (2688 -5120 4096 ) (2688 -4928 4096 ) (2688 -4928 3648 ) 
4 2206 2209 (2688 -4928 4096 ) (2688 -4672 4096 ) (2688 -4672 3648 ) (2688 -4928 3648 ) 
4 2207 2209 (2688 -4672 3392 ) (2688 -4672 4096 ) (2368 -4672 4096 ) (2368 -4672 3392 ) 
4 2207 2208 (2368 -4096 3264 ) (2368 -4544 3264 ) (2368 -4544 5056 ) (2368 -4096 5056 ) 
4 2208 2214 (2240 -4096 3456 ) (2240 -4096 3264 ) (2240 -4352 3264 ) (2240 -4352 3456 ) 
4 2209 2211 (2688 -4928 3520 ) (2688 -4928 4096 ) (2240 -4928 4096 ) (2240 -4928 3520 ) 
4 2210 2212 (2240 -4928 2048 ) (2240 -4864 2048 ) (2688 -4864 2048 ) (2688 -4928 2048 ) 
4 2211 2228 (2240 -5120 3648 ) (2240 -5120 3520 ) (2688 -5120 3520 ) (2688 -5120 3648 ) 
4 2211 2218 (2240 -5120 4096 ) (2240 -5120 3648 ) (2688 -5120 3648 ) (2688 -5120 4096 ) 
4 2212 2233 (3072 -5120 -2944 ) (3072 -5120 640 ) (2240 -5120 640 ) (2240 -5120 -2944 ) 
4 2212 2229 (2688 -5120 2048 ) (2240 -5120 2048 ) (2240 -5120 640 ) (2688 -5120 640 ) 
4 2212 2227 (3072 -5120 640 ) (3072 -5120 2048 ) (2688 -5120 2048 ) (2688 -5120 640 ) 
4 2212 2216 (2240 -4096 640 ) (2240 -4096 -2944 ) (2240 -5120 -2944 ) (2240 -5120 640 ) 
4 2213 2234 (2048 -4096 7168 ) (2048 -4096 5120 ) (2048 -5120 5120 ) (2048 -5120 7168 ) 
4 2213 2217 (2240 -5120 5120 ) (2240 -5120 7168 ) (2048 -5120 7168 ) (2048 -5120 5120 ) 
4 2214 2215 (2224 -4096 3264 ) (2224 -4352 3264 ) (2224 -4352 3456 ) (2224 -4096 3456 ) 
4 2215 2236 (2048 -4096 3584 ) (2048 -4096 3264 ) (2048 -4352 3264 ) (2048 -4352 3584 ) 
4 2216 2251 (2048 -4096 640 ) (2048 -4096 -2944 ) (2048 -5120 -2944 ) (2048 -5120 640 ) 
4 2216 2233 (2240 -5120 -2944 ) (2240 -5120 640 ) (2048 -5120 640 ) (2048 -5120 -2944 ) 
4 2217 2269 (2048 -5120 7168 ) (2048 -5120 5120 ) (2048 -5760 5120 ) (2048 -5760 7168 ) 
4 2217 2226 (3072 -5760 5120 ) (3072 -5760 7168 ) (2048 -5760 7168 ) (2048 -5760 5120 ) 
4 2218 2228 (2240 -5120 3648 ) (2688 -5120 3648 ) (2688 -5184 3648 ) (2240 -5184 3648 ) 
4 2218 2225 (2304 -5696 3648 ) (2312 -5696 3648 ) (2312 -5696 3968 ) (2304 -5696 3968 ) 
4 2218 2221 (3000 -5696 3656 ) (3000 -5696 3960 ) (2312 -5696 3960 ) (2312 -5696 3656 ) 
4 2218 2220 (3000 -5696 3960 ) (3000 -5696 3968 ) (2312 -5696 3968 ) (2312 -5696 3960 ) 
4 2218 2224 (2312 -5696 3648 ) (3000 -5696 3648 ) (3000 -5696 3656 ) (2312 -5696 3656 ) 
4 2218 2219 (3000 -5696 3648 ) (3008 -5696 3648 ) (3008 -5696 3968 ) (3000 -5696 3968 ) 
4 2219 2226 (3000 -5760 3648 ) (3008 -5760 3648 ) (3008 -5760 3968 ) (3000 -5760 3968 ) 
4 2219 2222 (3000 -5758 3960 ) (3000 -5750 3960 ) (3000 -5750 3656 ) (3000 -5758 3656 ) 
4 2219 2221 (3000 -5750 3960 ) (3000 -5696 3960 ) (3000 -5696 3656 ) (3000 -5750 3656 ) 
4 2219 2223 (3000 -5760 3656 ) (3000 -5760 3960 ) (3000 -5758 3960 ) (3000 -5758 3656 ) 
4 2219 2220 (3000 -5760 3960 ) (3000 -5760 3968 ) (3000 -5696 3968 ) (3000 -5696 3960 ) 
4 2219 2224 (3000 -5760 3648 ) (3000 -5760 3656 ) (3000 -5696 3656 ) (3000 -5696 3648 ) 
4 2220 2226 (3000 -5760 3960 ) (3000 -5760 3968 ) (2312 -5760 3968 ) (2312 -5760 3960 ) 
4 2220 2225 (2312 -5760 3960 ) (2312 -5760 3968 ) (2312 -5696 3968 ) (2312 -5696 3960 ) 
4 2220 2222 (2312 -5758 3960 ) (2312 -5750 3960 ) (3000 -5750 3960 ) (3000 -5758 3960 ) 
4 2220 2221 (2312 -5750 3960 ) (2312 -5696 3960 ) (3000 -5696 3960 ) (3000 -5750 3960 ) 
4 2220 2223 (2312 -5760 3960 ) (2312 -5758 3960 ) (3000 -5758 3960 ) (3000 -5760 3960 ) 
4 2221 2225 (2312 -5750 3960 ) (2312 -5696 3960 ) (2312 -5696 3656 ) (2312 -5750 3656 ) 
4 2221 2224 (2312 -5750 3656 ) (2312 -5696 3656 ) (3000 -5696 3656 ) (3000 -5750 3656 ) 
4 2221 2222 (2312 -5750 3656 ) (3000 -5750 3656 ) (3000 -5750 3960 ) (2312 -5750 3960 ) 
4 2222 2225 (2312 -5758 3960 ) (2312 -5750 3960 ) (2312 -5750 3656 ) (2312 -5758 3656 ) 
4 2222 2223 (2312 -5758 3656 ) (3000 -5758 3656 ) (3000 -5758 3960 ) (2312 -5758 3960 ) 
4 2222 2224 (2312 -5758 3656 ) (2312 -5750 3656 ) (3000 -5750 3656 ) (3000 -5758 3656 ) 
4 2223 2226 (3000 -5760 3656 ) (3000 -5760 3960 ) (2312 -5760 3960 ) (2312 -5760 3656 ) 
4 2223 2225 (2312 -5760 3656 ) (2312 -5760 3960 ) (2312 -5758 3960 ) (2312 -5758 3656 ) 
4 2223 2224 (2312 -5760 3656 ) (2312 -5758 3656 ) (3000 -5758 3656 ) (3000 -5760 3656 ) 
4 2224 2226 (2312 -5760 3648 ) (3000 -5760 3648 ) (3000 -5760 3656 ) (2312 -5760 3656 ) 
4 2224 2225 (2312 -5760 3648 ) (2312 -5760 3656 ) (2312 -5696 3656 ) (2312 -5696 3648 ) 
4 2225 2226 (2304 -5760 3648 ) (2312 -5760 3648 ) (2312 -5760 3968 ) (2304 -5760 3968 ) 
4 2226 2282 (2176 -6144 7168 ) (2048 -6144 7168 ) (2048 -6144 3648 ) (2176 -6144 3648 ) 
4 2226 2281 (3072 -6144 3648 ) (3072 -6144 7168 ) (2176 -6144 7168 ) (2176 -6144 3648 ) 
4 2226 2269 (2048 -6144 3648 ) (2048 -6144 7168 ) (2048 -5760 7168 ) (2048 -5760 3648 ) 
4 2226 2232 (2048 -6144 3648 ) (2048 -5760 3648 ) (2176 -5760 3648 ) (2176 -6144 3648 ) 
4 2226 2231 (2176 -5760 3648 ) (3072 -5760 3648 ) (3072 -6144 3648 ) (2176 -6144 3648 ) 
4 2227 2233 (2688 -5120 640 ) (3072 -5120 640 ) (3072 -5632 640 ) (2688 -5632 640 ) 
4 2227 2230 (2688 -5184 640 ) (2688 -5632 640 ) (2688 -5632 2048 ) (2688 -5184 2048 ) 
4 2227 2229 (2688 -5120 640 ) (2688 -5184 640 ) (2688 -5184 2048 ) (2688 -5120 2048 ) 
4 2229 2233 (2240 -5120 640 ) (2688 -5120 640 ) (2688 -5184 640 ) (2240 -5184 640 ) 
4 2229 2230 (2240 -5184 2048 ) (2240 -5184 640 ) (2688 -5184 640 ) (2688 -5184 2048 ) 
4 2230 2233 (2688 -5184 640 ) (2688 -5632 640 ) (2240 -5632 640 ) (2240 -5184 640 ) 
5 2231 2281 (3072 -6144 3072.001221 ) (3072 -6144 3648 ) (2176 -6144 3648 ) (2176 -6144 640 ) (2688 -6144 640 ) 
4 2231 2233 (2688 -6144 640 ) (2176 -6144 640 ) (2176 -5760 640 ) (2688 -5760 640 ) 
4 2231 2232 (2176 -5760 3648 ) (2176 -5760 3200 ) (2176 -6144 3200 ) (2176 -6144 3648 ) 
4 2232 2282 (2176 -6144 3648 ) (2048 -6144 3648 ) (2048 -6144 3200 ) (2176 -6144 3200 ) 
4 2232 2271 (2048 -6144 3200 ) (2048 -6144 3456 ) (2048 -5760 3456 ) (2048 -5760 3200 ) 
4 2232 2269 (2048 -6144 3456 ) (2048 -6144 3648 ) (2048 -5760 3648 ) (2048 -5760 3456 ) 
4 2233 2284 (3072 -6144 -2944 ) (3072 -6144 640 ) (2048 -6144 640 ) (2048 -6144 -2944 ) 
4 2233 2274 (2048 -6144 -2944 ) (2048 -6144 640 ) (2048 -5120 640 ) (2048 -5120 -2944 ) 
4 2234 2269 (2048 -5120 5120 ) (2048 -5120 7168 ) (1024 -5120 7168 ) (1024 -5120 5120 ) 
4 2234 2265 (1024 -4864 5120 ) (1024 -5120 5120 ) (1024 -5120 7168 ) (1024 -4864 7168 ) 
4 2234 2252 (1024 -4096 7168 ) (1024 -4096 5120 ) (1024 -4864 5120 ) (1024 -4864 7168 ) 
4 2234 2235 (2048 -5120 5120 ) (1024 -5120 5120 ) (1024 -4864 5120 ) (2048 -4864 5120 ) 
4 2235 2269 (2048 -5120 3584 ) (2048 -5120 5120 ) (1024 -5120 5120 ) (1024 -5120 3584 ) 
4 2235 2266 (1024 -4864 3584 ) (1024 -5120 3584 ) (1024 -5120 5120 ) (1024 -4864 5120 ) 
4 2235 2247 (1536 -4864 3584 ) (2048 -4864 3584 ) (2048 -5120 3584 ) (1536 -5120 3584 ) 
4 2235 2248 (1024 -5120 3584 ) (1024 -4864 3584 ) (1536 -4864 3584 ) (1536 -5120 3584 ) 
4 2236 2237 (1808 -4096 3264 ) (1808 -4352 3264 ) (1808 -4352 3456 ) (1808 -4096 3456 ) 
4 2237 2238 (1792 -4096 3264 ) (1792 -4352 3264 ) (1792 -4352 3456 ) (1792 -4096 3456 ) 
4 2238 2253 (1024 -4096 3584 ) (1024 -4096 3264 ) (1024 -4352 3264 ) (1024 -4352 3584 ) 
4 2238 2243 (1400 -4352 3272 ) (1400 -4352 3512 ) (1024 -4352 3512 ) (1024 -4352 3272 ) 
4 2238 2242 (1400 -4352 3512 ) (1400 -4352 3520 ) (1024 -4352 3520 ) (1024 -4352 3512 ) 
4 2238 2246 (1024 -4352 3264 ) (1400 -4352 3264 ) (1400 -4352 3272 ) (1024 -4352 3272 ) 
4 2238 2241 (1400 -4352 3264 ) (1408 -4352 3264 ) (1408 -4352 3520 ) (1400 -4352 3520 ) 
4 2238 2240 (1408 -4352 3520 ) (1408 -4352 3584 ) (1024 -4352 3584 ) (1024 -4352 3520 ) 
4 2238 2239 (1408 -4352 3264 ) (1792 -4352 3264 ) (1792 -4352 3584 ) (1408 -4352 3584 ) 
4 2239 2241 (1408 -4352 3520 ) (1408 -4352 3264 ) (1408 -4800 3264 ) (1408 -4800 3520 ) 
4 2239 2240 (1408 -4352 3584 ) (1408 -4352 3520 ) (1408 -4800 3520 ) (1408 -4800 3584 ) 
4 2240 2253 (1024 -4800 3584 ) (1024 -4352 3584 ) (1024 -4352 3520 ) (1024 -4800 3520 ) 
4 2240 2242 (1024 -4352 3520 ) (1400 -4352 3520 ) (1400 -4800 3520 ) (1024 -4800 3520 ) 
4 2240 2241 (1400 -4352 3520 ) (1408 -4352 3520 ) (1408 -4800 3520 ) (1400 -4800 3520 ) 
4 2241 2248 (1400 -4864 3264 ) (1408 -4864 3264 ) (1408 -4864 3520 ) (1400 -4864 3520 ) 
4 2241 2244 (1400 -4862 3512 ) (1400 -4854 3512 ) (1400 -4854 3272 ) (1400 -4862 3272 ) 
4 2241 2243 (1400 -4854 3512 ) (1400 -4352 3512 ) (1400 -4352 3272 ) (1400 -4854 3272 ) 
4 2241 2245 (1400 -4864 3272 ) (1400 -4864 3512 ) (1400 -4862 3512 ) (1400 -4862 3272 ) 
4 2241 2242 (1400 -4864 3512 ) (1400 -4864 3520 ) (1400 -4352 3520 ) (1400 -4352 3512 ) 
4 2241 2246 (1400 -4864 3264 ) (1400 -4864 3272 ) (1400 -4352 3272 ) (1400 -4352 3264 ) 
4 2242 2254 (1024 -4864 3512 ) (1024 -4864 3520 ) (1024 -4800 3520 ) (1024 -4800 3512 ) 
4 2242 2253 (1024 -4800 3520 ) (1024 -4352 3520 ) (1024 -4352 3512 ) (1024 -4800 3512 ) 
4 2242 2248 (1400 -4864 3512 ) (1400 -4864 3520 ) (1024 -4864 3520 ) (1024 -4864 3512 ) 
4 2242 2244 (1400 -4854 3512 ) (1400 -4862 3512 ) (1024 -4862 3512 ) (1024 -4854 3512 ) 
4 2242 2243 (1024 -4352 3512 ) (1400 -4352 3512 ) (1400 -4854 3512 ) (1024 -4854 3512 ) 
4 2242 2245 (1400 -4862 3512 ) (1400 -4864 3512 ) (1024 -4864 3512 ) (1024 -4862 3512 ) 
4 2243 2255 (1024 -4854 3512 ) (1024 -4800 3512 ) (1024 -4800 3272 ) (1024 -4854 3272 ) 
4 2243 2253 (1024 -4800 3512 ) (1024 -4352 3512 ) (1024 -4352 3272 ) (1024 -4800 3272 ) 
4 2243 2246 (1024 -4352 3272 ) (1400 -4352 3272 ) (1400 -4854 3272 ) (1024 -4854 3272 ) 
4 2243 2244 (1024 -4854 3272 ) (1400 -4854 3272 ) (1400 -4854 3512 ) (1024 -4854 3512 ) 
4 2244 2256 (1024 -4862 3512 ) (1024 -4854 3512 ) (1024 -4854 3272 ) (1024 -4862 3272 ) 
4 2244 2245 (1024 -4862 3272 ) (1400 -4862 3272 ) (1400 -4862 3512 ) (1024 -4862 3512 ) 
4 2244 2246 (1400 -4854 3272 ) (1400 -4862 3272 ) (1024 -4862 3272 ) (1024 -4854 3272 ) 
4 2245 2257 (1024 -4864 3272 ) (1024 -4864 3512 ) (1024 -4862 3512 ) (1024 -4862 3272 ) 
4 2245 2248 (1400 -4864 3272 ) (1400 -4864 3512 ) (1024 -4864 3512 ) (1024 -4864 3272 ) 
4 2245 2246 (1400 -4862 3272 ) (1400 -4864 3272 ) (1024 -4864 3272 ) (1024 -4862 3272 ) 
4 2246 2258 (1024 -4800 3264 ) (1024 -4864 3264 ) (1024 -4864 3272 ) (1024 -4800 3272 ) 
4 2246 2253 (1024 -4352 3264 ) (1024 -4800 3264 ) (1024 -4800 3272 ) (1024 -4352 3272 ) 
4 2246 2248 (1024 -4864 3264 ) (1400 -4864 3264 ) (1400 -4864 3272 ) (1024 -4864 3272 ) 
4 2247 2269 (2048 -5120 3456 ) (2048 -5120 3584 ) (1536 -5120 3584 ) (1536 -5120 3456 ) 
4 2247 2248 (1536 -4864 3584 ) (1536 -4864 3456 ) (1536 -5120 3456 ) (1536 -5120 3584 ) 
4 2248 2270 (1024 -5120 3456 ) (1024 -5120 3264 ) (1536 -5120 3264 ) (1536 -5120 3456 ) 
4 2248 2269 (1536 -5120 3584 ) (1024 -5120 3584 ) (1024 -5120 3456 ) (1536 -5120 3456 ) 
4 2248 2266 (1024 -4864 3264 ) (1024 -5120 3264 ) (1024 -5120 3584 ) (1024 -4864 3584 ) 
4 2248 2249 (1536 -5120 3264 ) (1024 -5120 3264 ) (1024 -4864 3264 ) (1536 -4864 3264 ) 
4 2249 2270 (1536 -5120 3264 ) (1024 -5120 3264 ) (1024 -5120 3200 ) (1536 -5120 3200 ) 
4 2249 2266 (1024 -4864 3200 ) (1024 -5120 3200 ) (1024 -5120 3264 ) (1024 -4864 3264 ) 
4 2249 2250 (1024 -5120 3200 ) (1024 -4864 3200 ) (1536 -4864 3200 ) (1536 -5120 3200 ) 
4 2250 2273 (1536 -5120 3200 ) (1024 -5120 3200 ) (1024 -5120 640 ) (1536 -5120 640 ) 
4 2250 2267 (1024 -4864 640 ) (1024 -5120 640 ) (1024 -5120 3200 ) (1024 -4864 3200 ) 
4 2250 2251 (1536 -5120 640 ) (1024 -5120 640 ) (1024 -4864 640 ) (1536 -4864 640 ) 
4 2251 2274 (2048 -5120 -2944 ) (2048 -5120 640 ) (1024 -5120 640 ) (1024 -5120 -2944 ) 
4 2251 2268 (1024 -4864 -2944 ) (1024 -5120 -2944 ) (1024 -5120 640 ) (1024 -4864 640 ) 
4 2251 2260 (1024 -4096 640 ) (1024 -4096 -2944 ) (1024 -4864 -2944 ) (1024 -4864 640 ) 
4 2252 2482 (0 -4864 5120 ) (0 -4864 7168 ) (0 -4096 7168 ) (0 -4096 5120 ) 
4 2252 2265 (0 -4864 7168 ) (0 -4864 5120 ) (1024 -4864 5120 ) (1024 -4864 7168 ) 
4 2253 2261 (320 -4128 3264 ) (320 -4320 3264 ) (320 -4320 3456 ) (320 -4128 3456 ) 
4 2253 2255 (1024 -4800 3272 ) (1024 -4800 3512 ) (712 -4800 3512 ) (712 -4800 3272 ) 
4 2253 2258 (712 -4800 3264 ) (1024 -4800 3264 ) (1024 -4800 3272 ) (712 -4800 3272 ) 
4 2253 2259 (704 -4800 3264 ) (712 -4800 3264 ) (712 -4800 3512 ) (704 -4800 3512 ) 
4 2253 2254 (1024 -4800 3512 ) (1024 -4800 3520 ) (704 -4800 3520 ) (704 -4800 3512 ) 
4 2254 2266 (1024 -4864 3512 ) (1024 -4864 3520 ) (704 -4864 3520 ) (704 -4864 3512 ) 
4 2254 2256 (712 -4862 3512 ) (712 -4854 3512 ) (1024 -4854 3512 ) (1024 -4862 3512 ) 
4 2254 2255 (712 -4854 3512 ) (712 -4800 3512 ) (1024 -4800 3512 ) (1024 -4854 3512 ) 
4 2254 2257 (1024 -4864 3512 ) (712 -4864 3512 ) (712 -4862 3512 ) (1024 -4862 3512 ) 
4 2254 2259 (712 -4864 3512 ) (704 -4864 3512 ) (704 -4800 3512 ) (712 -4800 3512 ) 
4 2255 2259 (712 -4854 3512 ) (712 -4800 3512 ) (712 -4800 3272 ) (712 -4854 3272 ) 
4 2255 2258 (712 -4854 3272 ) (712 -4800 3272 ) (1024 -4800 3272 ) (1024 -4854 3272 ) 
4 2255 2256 (712 -4854 3512 ) (712 -4854 3272 ) (1024 -4854 3272 ) (1024 -4854 3512 ) 
4 2256 2257 (712 -4862 3512 ) (712 -4862 3272 ) (1024 -4862 3272 ) (1024 -4862 3512 ) 
4 2256 2259 (712 -4862 3512 ) (712 -4854 3512 ) (712 -4854 3272 ) (712 -4862 3272 ) 
4 2256 2258 (712 -4862 3272 ) (712 -4854 3272 ) (1024 -4854 3272 ) (1024 -4862 3272 ) 
4 2257 2266 (1024 -4864 3272 ) (1024 -4864 3512 ) (712 -4864 3512 ) (712 -4864 3272 ) 
4 2257 2258 (1024 -4864 3272 ) (712 -4864 3272 ) (712 -4862 3272 ) (1024 -4862 3272 ) 
4 2257 2259 (712 -4864 3512 ) (712 -4862 3512 ) (712 -4862 3272 ) (712 -4864 3272 ) 
4 2258 2266 (1024 -4864 3264 ) (1024 -4864 3272 ) (712 -4864 3272 ) (712 -4864 3264 ) 
4 2258 2259 (712 -4800 3272 ) (712 -4800 3264 ) (712 -4864 3264 ) (712 -4864 3272 ) 
4 2259 2266 (712 -4864 3512 ) (704 -4864 3512 ) (704 -4864 3264 ) (712 -4864 3264 ) 
4 2260 2268 (1024 -4864 -2944 ) (1024 -4864 640 ) (320 -4864 640 ) (320 -4864 -2944 ) 
4 2260 2264 (320 -4864 -2944 ) (320 -4864 640 ) (320 -4352 640 ) (320 -4352 -2944 ) 
4 2260 2263 (320 -4352 640 ) (320 -4096 640 ) (320 -4096 -2944 ) (320 -4352 -2944 ) 
4 2261 2262 (288 -4128 3264 ) (288 -4320 3264 ) (288 -4320 3456 ) (288 -4128 3456 ) 
4 2263 2486 (0 -4352 -2944 ) (0 -4352 640 ) (0 -4096 640 ) (0 -4096 -2944 ) 
4 2263 2264 (320 -4352 -2944 ) (320 -4352 2048 ) (0 -4352 2048 ) (0 -4352 -2944 ) 
4 2264 2486 (0 -4864 -2944 ) (0 -4864 640 ) (0 -4352 640 ) (0 -4352 -2944 ) 
4 2264 2268 (0 -4864 640 ) (0 -4864 -2944 ) (320 -4864 -2944 ) (320 -4864 640 ) 
4 2265 2482 (0 -5120 5120 ) (0 -5120 7168 ) (0 -4864 7168 ) (0 -4864 5120 ) 
4 2265 2276 (0 -5120 7168 ) (0 -5120 5120 ) (320 -5120 5120 ) (320 -5120 7168 ) 
4 2265 2275 (320 -5120 5120 ) (1024 -5120 5120 ) (1024 -5120 7168 ) (320 -5120 7168 ) 
4 2265 2266 (320 -4864 5120 ) (1024 -4864 5120 ) (1024 -5120 5120 ) (320 -5120 5120 ) 
4 2266 2275 (320 -5120 3200 ) (1024 -5120 3200 ) (1024 -5120 5120 ) (320 -5120 5120 ) 
4 2266 2267 (1024 -5120 3200 ) (576 -5120 3200 ) (576 -4864 3200 ) (1024 -4864 3200 ) 
4 2267 2278 (576 -5120 640 ) (1024 -5120 640 ) (1024 -5120 3200 ) (576 -5120 3200 ) 
4 2267 2268 (576 -4864 640 ) (1024 -4864 640 ) (1024 -5120 640 ) (576 -5120 640 ) 
4 2268 2486 (0 -5120 -2944 ) (0 -5120 640 ) (0 -4864 640 ) (0 -4864 -2944 ) 
4 2268 2280 (0 -5120 640 ) (0 -5120 -2944 ) (576 -5120 -2944 ) (576 -5120 640 ) 
4 2268 2278 (576 -5120 -2944 ) (1024 -5120 -2944 ) (1024 -5120 640 ) (576 -5120 640 ) 
4 2269 2288 (2048 -6144 3456 ) (2048 -6144 7168 ) (1536 -6144 7168 ) (1536 -6144 3456 ) 
4 2269 2290 (1536 -6144 7168 ) (1024 -6144 7168 ) (1024 -6144 3456 ) (1536 -6144 3456 ) 
4 2269 2275 (1024 -5120 7168 ) (1024 -5120 3456 ) (1024 -6144 3456 ) (1024 -6144 7168 ) 
4 2269 2271 (2048 -6144 3456 ) (1856 -6144 3456 ) (1856 -5312 3456 ) (2048 -5312 3456 ) 
4 2269 2272 (1856 -6144 3456 ) (1024 -6144 3456 ) (1024 -5312 3456 ) (1856 -5312 3456 ) 
4 2269 2270 (1024 -5312 3456 ) (1024 -5120 3456 ) (1536 -5120 3456 ) (1536 -5312 3456 ) 
4 2270 2275 (1024 -5120 3456 ) (1024 -5120 3200 ) (1024 -5312 3200 ) (1024 -5312 3456 ) 
4 2270 2273 (1024 -5120 3200 ) (1536 -5120 3200 ) (1536 -5312 3200 ) (1024 -5312 3200 ) 
4 2270 2272 (1024 -5312 3200 ) (1536 -5312 3200 ) (1536 -5312 3456 ) (1024 -5312 3456 ) 
4 2271 2288 (2048 -6144 3200 ) (2048 -6144 3456 ) (1856 -6144 3456 ) (1856 -6144 3200 ) 
4 2271 2272 (1856 -5312 3456 ) (1856 -5760 3200 ) (1856 -6144 3200 ) (1856 -6144 3456 ) 
4 2272 2288 (1856 -6144 3456 ) (1536 -6144 3456 ) (1536 -6144 3200 ) (1856 -6144 3200 ) 
4 2272 2290 (1536 -6144 3456 ) (1024 -6144 3456 ) (1024 -6144 3200 ) (1536 -6144 3200 ) 
4 2272 2275 (1024 -5312 3200 ) (1024 -6144 3200 ) (1024 -6144 3456 ) (1024 -5312 3456 ) 
4 2272 2273 (1536 -6144 3200 ) (1024 -6144 3200 ) (1024 -5312 3200 ) (1536 -5312 3200 ) 
4 2273 2290 (1536 -6144 3200 ) (1024 -6144 3200 ) (1024 -6144 640 ) (1536 -6144 640 ) 
4 2273 2278 (1024 -5120 3200 ) (1024 -5120 640 ) (1024 -6144 640 ) (1024 -6144 3200 ) 
4 2273 2274 (1536 -6144 640 ) (1024 -6144 640 ) (1024 -5120 640 ) (1536 -5120 640 ) 
4 2274 2291 (2048 -6144 -2944 ) (2048 -6144 640 ) (1024 -6144 640 ) (1024 -6144 -2944 ) 
4 2274 2278 (1024 -5120 640 ) (1024 -5120 -2944 ) (1024 -6144 -2944 ) (1024 -6144 640 ) 
4 2275 2292 (320 -6144 3200 ) (1024 -6144 3200 ) (1024 -6144 7168 ) (320 -6144 7168 ) 
4 2275 2279 (576 -6144 3200 ) (320 -6144 3200 ) (320 -5504 3200 ) (576 -5504 3200 ) 
4 2275 2278 (1024 -5120 3200 ) (1024 -6144 3200 ) (576 -6144 3200 ) (576 -5120 3200 ) 
4 2275 2276 (320 -5248 5120 ) (320 -5248 7168 ) (320 -5120 7168 ) (320 -5120 5120 ) 
4 2275 2277 (320 -5248 3200 ) (320 -6144 3200 ) (320 -6144 7168 ) (320 -5248 7168 ) 
4 2276 2490 (0 -5248 7168 ) (0 -5120 7168 ) (0 -5120 5120 ) (0 -5248 5120 ) 
4 2276 2277 (320 -5248 5120 ) (320 -5248 7168 ) (0 -5248 7168 ) (0 -5248 5120 ) 
4 2277 2496 (0 -6144 3200 ) (0 -6144 7168 ) (0 -5504 7168 ) (0 -5504 3200 ) 
4 2277 2492 (0 -5504 7168 ) (0 -5248 7168 ) (0 -5248 3200 ) (0 -5504 3200 ) 
4 2277 2292 (0 -6144 7168 ) (0 -6144 3200 ) (320 -6144 3200 ) (320 -6144 7168 ) 
4 2277 2279 (320 -6144 3200 ) (0 -6144 3200 ) (0 -5504 3200 ) (320 -5504 3200 ) 
4 2278 2292 (576 -6144 -2944 ) (1024 -6144 -2944 ) (1024 -6144 3200 ) (576 -6144 3200 ) 
4 2278 2279 (576 -6144 640 ) (576 -6144 3200 ) (576 -5504 3200 ) (576 -6016 640 ) 
4 2278 2280 (576 -5120 -2944 ) (576 -6144 -2944 ) (576 -6144 640 ) (576 -5120 640 ) 
4 2279 2497 (0 -6144 640 ) (0 -6144 3200 ) (0 -5504 3200 ) (0 -6016 640 ) 
4 2279 2292 (0 -6144 3200 ) (0 -6144 640 ) (576 -6144 640 ) (576 -6144 3200 ) 
4 2279 2280 (0 -6144 640 ) (0 -6016 640 ) (576 -6016 640 ) (576 -6144 640 ) 
4 2280 2498 (0 -6144 -2944 ) (0 -6144 640 ) (0 -5120 640 ) (0 -5120 -2944 ) 
4 2280 2292 (0 -6144 640 ) (0 -6144 -2944 ) (576 -6144 -2944 ) (576 -6144 640 ) 
4 2281 2286 (3072 -7168 3072 ) (2176 -7168 3072 ) (2176 -7168 640 ) (2688 -7168 640 ) 
4 2281 2285 (3072 -7168 3072 ) (3072 -7168 7168 ) (2176 -7168 7168 ) (2176 -7168 3072 ) 
4 2281 2284 (2176 -6144 640 ) (2688 -6144 640 ) (2688 -7168 640 ) (2176 -7168 640 ) 
4 2281 2282 (2176 -6272 3200 ) (2176 -6272 7168 ) (2176 -6144 7168 ) (2176 -6144 3200 ) 
4 2281 2283 (2176 -6272 640 ) (2176 -7168 640 ) (2176 -7168 7168 ) (2176 -6272 7168 ) 
4 2282 2288 (2048 -6144 7168 ) (2048 -6144 3200 ) (2048 -6272 3200 ) (2048 -6272 7168 ) 
4 2282 2283 (2176 -6272 3200 ) (2176 -6272 7168 ) (2048 -6272 7168 ) (2048 -6272 3200 ) 
4 2283 2289 (2048 -6272 640 ) (2048 -7168 640 ) (2048 -7168 7168 ) (2048 -6272 7168 ) 
4 2283 2286 (2048 -7168 3072 ) (2048 -7168 640 ) (2176 -7168 640 ) (2176 -7168 3072 ) 
4 2283 2285 (2176 -7168 7168 ) (2048 -7168 7168 ) (2048 -7168 3072 ) (2176 -7168 3072 ) 
4 2283 2284 (2048 -7168 640 ) (2048 -6272 640 ) (2176 -6272 640 ) (2176 -7168 640 ) 
4 2284 2291 (2048 -6144 640 ) (2048 -6144 -2944 ) (2048 -7168 -2944 ) (2048 -7168 640 ) 
4 2284 2287 (3072 -7168 -2944 ) (3072 -7168 640 ) (2048 -7168 640 ) (2048 -7168 -2944 ) 
4 2285 2323 (3072 -8192 3072 ) (3072 -8192 7168 ) (2048 -8192 7168 ) (2048 -8192 3072 ) 
4 2285 2293 (2048 -8192 3072 ) (2048 -8192 7168 ) (2048 -7168 7168 ) (2048 -7168 3072 ) 
4 2285 2286 (3072 -8192 3072 ) (2048 -8192 3072 ) (2048 -7168 3072 ) (3072 -7168 3072 ) 
4 2286 2323 (3072 -8192 3072 ) (2048 -8192 3072 ) (2048 -8192 640 ) (2688 -8192 640 ) 
4 2286 2293 (2048 -8192 640 ) (2048 -8192 3072 ) (2048 -7168 3072 ) (2048 -7168 640 ) 
4 2286 2287 (2688 -8192 640 ) (2048 -8192 640 ) (2048 -7168 640 ) (2688 -7168 640 ) 
4 2287 2323 (3072 -8192 -2944 ) (3072 -8192 640 ) (2048 -8192 640 ) (2048 -8192 -2944 ) 
4 2287 2293 (2048 -8192 -2944 ) (2048 -8192 640 ) (2048 -7168 640 ) (2048 -7168 -2944 ) 
4 2288 2289 (1536 -6272 7168 ) (1536 -6272 3200 ) (2048 -6272 3200 ) (2048 -6272 7168 ) 
4 2288 2290 (1536 -6272 3200 ) (1536 -6272 7168 ) (1536 -6144 7168 ) (1536 -6144 3200 ) 
4 2289 2293 (2048 -7168 640 ) (2048 -7168 7168 ) (1536 -7168 7168 ) (1536 -7168 640 ) 
4 2289 2291 (2048 -7168 640 ) (1536 -7168 640 ) (1536 -6272 640 ) (2048 -6272 640 ) 
4 2289 2290 (1536 -6272 640 ) (1536 -7168 640 ) (1536 -7168 7168 ) (1536 -6272 7168 ) 
4 2290 2293 (1536 -7168 7168 ) (1024 -7168 7168 ) (1024 -7168 640 ) (1536 -7168 640 ) 
4 2290 2292 (1024 -6144 7168 ) (1024 -6144 640 ) (1024 -7168 640 ) (1024 -7168 7168 ) 
4 2290 2291 (1536 -7168 640 ) (1024 -7168 640 ) (1024 -6144 640 ) (1536 -6144 640 ) 
4 2291 2293 (2048 -7168 -2944 ) (2048 -7168 640 ) (1024 -7168 640 ) (1024 -7168 -2944 ) 
4 2291 2292 (1024 -6144 640 ) (1024 -6144 -2944 ) (1024 -7168 -2944 ) (1024 -7168 640 ) 
4 2292 2514 (0 -7168 -2944 ) (0 -7168 7168 ) (0 -6144 7168 ) (0 -6144 -2944 ) 
4 2292 2294 (0 -7168 7168 ) (0 -7168 -2944 ) (1024 -7168 -2944 ) (1024 -7168 7168 ) 
4 2293 2325 (2048 -8192 -2944 ) (2048 -8192 7168 ) (1024 -8192 7168 ) (1024 -8192 -2944 ) 
4 2293 2294 (1024 -7168 7168 ) (1024 -7168 -2944 ) (1024 -8192 -2944 ) (1024 -8192 7168 ) 
4 2294 2516 (0 -8192 -2944 ) (0 -8192 7168 ) (0 -7168 7168 ) (0 -7168 -2944 ) 
4 2294 2326 (1024 -8192 -2944 ) (1024 -8192 7168 ) (0 -8192 7168 ) (0 -8192 -2944 ) 
4 2295 2297 (13312 -8192 7168 ) (13312 -8192 -2944 ) (13312 -9216 -2944 ) (13312 -9216 7168 ) 
4 2295 2296 (14336 -9216 -2944 ) (14336 -9216 7168 ) (13312 -9216 7168 ) (13312 -9216 -2944 ) 
4 2296 2299 (13312 -9600 7168 ) (13312 -9216 7168 ) (13312 -9216 -2944 ) (13312 -9600 -2944 ) 
4 2297 2299 (13312 -9216 -2944 ) (13312 -9216 7168 ) (12288 -9216 7168 ) (12288 -9216 -2944 ) 
4 2297 2298 (12288 -8192 7168 ) (12288 -8192 -2944 ) (12288 -9216 -2944 ) (12288 -9216 7168 ) 
4 2298 2301 (11264 -8192 7168 ) (11264 -8192 -2944 ) (11264 -9216 -2944 ) (11264 -9216 7168 ) 
4 2298 2300 (12288 -9216 -2944 ) (12288 -9216 7168 ) (11264 -9216 7168 ) (11264 -9216 -2944 ) 
4 2299 2300 (12288 -9216 7168 ) (12288 -9216 -2944 ) (12288 -9600 -2944 ) (12288 -9600 7168 ) 
4 2300 2303 (11264 -9600 7168 ) (11264 -9216 7168 ) (11264 -9216 -2944 ) (11264 -9600 -2944 ) 
4 2301 2303 (11264 -9216 -2944 ) (11264 -9216 7168 ) (10240 -9216 7168 ) (10240 -9216 -2944 ) 
4 2301 2302 (10240 -8192 7168 ) (10240 -8192 -2944 ) (10240 -9216 -2944 ) (10240 -9216 7168 ) 
4 2302 2308 (9216 -8192 640 ) (9216 -8192 -2944 ) (9216 -9216 -2944 ) (9216 -9216 640 ) 
4 2302 2306 (9216 -8192 3072 ) (9216 -8192 640 ) (9216 -9216 640 ) (9216 -9216 3072 ) 
4 2302 2305 (9216 -8192 7168 ) (9216 -8192 3072 ) (9216 -9216 3072 ) (9216 -9216 7168 ) 
4 2302 2304 (10240 -9216 -2944 ) (10240 -9216 7168 ) (9216 -9216 7168 ) (9216 -9216 -2944 ) 
4 2303 2304 (10240 -9216 7168 ) (10240 -9216 -2944 ) (10240 -9600 -2944 ) (10240 -9600 7168 ) 
4 2304 2313 (9216 -9600 7168 ) (9216 -9216 7168 ) (9216 -9216 -2944 ) (9216 -9600 -2944 ) 
4 2305 2313 (9216 -9216 3072 ) (9216 -9216 7168 ) (8192 -9216 7168 ) (8192 -9216 3072 ) 
4 2305 2309 (8192 -8192 7168 ) (8192 -8192 3072 ) (8192 -8704 3072 ) (8192 -8704 7168 ) 
4 2305 2310 (8192 -8704 3072 ) (8192 -9216 3072 ) (8192 -9216 7168 ) (8192 -8704 7168 ) 
4 2305 2307 (8192 -9216 3072 ) (8192 -8704 3072 ) (8576 -8704 3072 ) (8576 -9216 3072 ) 
5 2305 2306 (8832 -8192 3072 ) (9216 -8192 3072 ) (9216 -9216 3072 ) (8576 -9216 3072 ) (8576 -8448 3072 ) 
4 2306 2313 (9216 -9216 640 ) (9216 -9216 3072 ) (8576 -9216 3072 ) (8576 -9216 640 ) 
5 2306 2308 (9216 -9216 640 ) (8576 -9216 640 ) (8576 -8448 640 ) (8832 -8192 640 ) (9216 -8192 640 ) 
4 2306 2307 (8576 -8704 640 ) (8576 -9216 640 ) (8576 -9216 3072 ) (8576 -8704 3072 ) 
4 2307 2313 (8576 -9216 3072 ) (8192 -9216 3072 ) (8192 -9216 640 ) (8576 -9216 640 ) 
4 2307 2310 (8192 -8704 640 ) (8192 -9216 640 ) (8192 -9216 3072 ) (8192 -8704 3072 ) 
4 2307 2308 (8576 -9216 640 ) (8192 -9216 640 ) (8192 -8704 640 ) (8576 -8704 640 ) 
4 2308 2313 (9216 -9216 -2944 ) (9216 -9216 640 ) (8192 -9216 640 ) (8192 -9216 -2944 ) 
4 2308 2312 (8192 -8192 640 ) (8192 -8192 -2944 ) (8192 -9216 -2944 ) (8192 -9216 640 ) 
4 2309 2310 (7936 -8704 7168 ) (7936 -8704 3072 ) (8192 -8704 3072 ) (8192 -8704 7168 ) 
4 2309 2311 (7936 -8704 3072 ) (7936 -8704 7168 ) (7936 -8192 7168 ) (7936 -8192 3072 ) 
4 2310 2314 (8192 -9216 640 ) (8192 -9216 7168 ) (7936 -9216 7168 ) (7936 -9216 640 ) 
4 2310 2312 (8192 -8704 640 ) (8192 -9216 640 ) (7936 -9216 640 ) (7936 -8704 640 ) 
4 2310 2311 (7936 -8704 640 ) (7936 -9216 640 ) (7936 -9216 7168 ) (7936 -8704 7168 ) 
4 2311 2315 (7168 -8192 7168 ) (7168 -8192 640 ) (7168 -9216 640 ) (7168 -9216 7168 ) 
4 2311 2314 (7936 -9216 7168 ) (7168 -9216 7168 ) (7168 -9216 640 ) (7936 -9216 640 ) 
4 2311 2312 (7168 -8192 640 ) (7936 -8192 640 ) (7936 -9216 640 ) (7168 -9216 640 ) 
4 2312 2315 (7168 -8192 640 ) (7168 -8192 -2944 ) (7168 -9216 -2944 ) (7168 -9216 640 ) 
4 2312 2314 (8192 -9216 -2944 ) (8192 -9216 640 ) (7168 -9216 640 ) (7168 -9216 -2944 ) 
4 2313 2314 (8192 -9216 7168 ) (8192 -9216 -2944 ) (8192 -9600 -2944 ) (8192 -9600 7168 ) 
4 2314 2317 (7168 -9600 7168 ) (7168 -9216 7168 ) (7168 -9216 -2944 ) (7168 -9600 -2944 ) 
4 2315 2317 (7168 -9216 -2944 ) (7168 -9216 7168 ) (6144 -9216 7168 ) (6144 -9216 -2944 ) 
4 2315 2316 (6144 -8192 7168 ) (6144 -8192 -2944 ) (6144 -9216 -2944 ) (6144 -9216 7168 ) 
4 2316 2319 (5120 -8192 7168 ) (5120 -8192 -2944 ) (5120 -9216 -2944 ) (5120 -9216 7168 ) 
4 2316 2318 (6144 -9216 -2944 ) (6144 -9216 7168 ) (5120 -9216 7168 ) (5120 -9216 -2944 ) 
4 2317 2318 (6144 -9216 7168 ) (6144 -9216 -2944 ) (6144 -9600 -2944 ) (6144 -9600 7168 ) 
4 2318 2321 (5120 -9600 7168 ) (5120 -9216 7168 ) (5120 -9216 -2944 ) (5120 -9600 -2944 ) 
4 2319 2321 (5120 -9216 -2944 ) (5120 -9216 7168 ) (4096 -9216 7168 ) (4096 -9216 -2944 ) 
4 2319 2320 (4096 -8192 7168 ) (4096 -8192 -2944 ) (4096 -9216 -2944 ) (4096 -9216 7168 ) 
4 2320 2323 (3072 -9216 -2944 ) (3072 -9216 7168 ) (3072 -8192 7168 ) (3072 -8192 -2944 ) 
4 2320 2322 (3072 -9216 7168 ) (3072 -9216 -2944 ) (4096 -9216 -2944 ) (4096 -9216 7168 ) 
4 2321 2322 (4096 -9216 7168 ) (4096 -9216 -2944 ) (4096 -9600 -2944 ) (4096 -9600 7168 ) 
4 2322 2324 (3072 -9600 7168 ) (3072 -9216 7168 ) (3072 -9216 -2944 ) (3072 -9600 -2944 ) 
4 2323 2325 (2048 -9216 -2944 ) (2048 -9216 7168 ) (2048 -8192 7168 ) (2048 -8192 -2944 ) 
4 2323 2324 (3072 -9216 -2944 ) (3072 -9216 7168 ) (2048 -9216 7168 ) (2048 -9216 -2944 ) 
4 2324 2327 (2048 -9600 7168 ) (2048 -9216 7168 ) (2048 -9216 -2944 ) (2048 -9600 -2944 ) 
4 2325 2327 (2048 -9216 -2944 ) (2048 -9216 7168 ) (1024 -9216 7168 ) (1024 -9216 -2944 ) 
4 2325 2326 (1024 -9216 -2944 ) (1024 -9216 7168 ) (1024 -8192 7168 ) (1024 -8192 -2944 ) 
4 2326 2546 (0 -9216 -2944 ) (0 -9216 7168 ) (0 -8192 7168 ) (0 -8192 -2944 ) 
4 2326 2328 (0 -9216 7168 ) (0 -9216 -2944 ) (1024 -9216 -2944 ) (1024 -9216 7168 ) 
4 2327 2328 (1024 -9216 7168 ) (1024 -9216 -2944 ) (1024 -9600 -2944 ) (1024 -9600 7168 ) 
4 2328 2548 (0 -9600 7168 ) (0 -9216 7168 ) (0 -9216 -2944 ) (0 -9600 -2944 ) 
4 2329 2349 (0 -1024 1024 ) (0 -1024 7168 ) (-1024 -1024 7168 ) (-1024 -1024 1024 ) 
4 2329 2342 (-1024 0 7168 ) (-1024 0 1024 ) (-1024 -1024 1024 ) (-1024 -1024 7168 ) 
4 2330 2350 (0 -1024 0 ) (0 -1024 768 ) (-256 -1024 768 ) (-256 -1024 0 ) 
4 2330 2331 (-256 0 0 ) (-256 -64 0 ) (-256 -64 768 ) (-256 0 768 ) 
4 2330 2332 (-256 -192 0 ) (-256 -960 0 ) (-256 -960 768 ) (-256 -192 768 ) 
4 2331 2333 (-384 0 0 ) (-384 -64 0 ) (-384 -64 768 ) (-384 0 768 ) 
4 2332 2336 (-384 -576 0 ) (-384 -960 0 ) (-384 -960 768 ) (-384 -576 768 ) 
4 2332 2333 (-384 -192 0 ) (-384 -576 0 ) (-384 -576 768 ) (-384 -192 768 ) 
4 2333 2336 (-704 -576 0 ) (-384 -576 0 ) (-384 -576 768 ) (-704 -576 768 ) 
4 2333 2335 (-704 -576 224 ) (-704 -576 768 ) (-704 -192 768 ) (-704 -192 224 ) 
4 2333 2334 (-704 0 0 ) (-704 -192 0 ) (-704 -192 768 ) (-704 0 768 ) 
4 2334 2335 (-896 -192 768 ) (-896 -192 224 ) (-704 -192 224 ) (-704 -192 768 ) 
4 2335 2337 (-896 -576 768 ) (-896 -576 448 ) (-704 -576 448 ) (-704 -576 768 ) 
4 2336 2351 (-384 -1024 768 ) (-704 -1024 768 ) (-704 -1024 0 ) (-384 -1024 0 ) 
4 2336 2337 (-704 -576 768 ) (-704 -576 448 ) (-704 -1024 448 ) (-704 -1024 768 ) 
4 2337 2352 (-704 -1024 768 ) (-896 -1024 768 ) (-896 -1024 448 ) (-704 -1024 448 ) 
4 2338 2340 (0 -576 -2944 ) (0 -576 -384 ) (-256 -576 -384 ) (-256 -576 -2944 ) 
4 2338 2339 (-256 -576 -2944 ) (-256 -576 -384 ) (-256 0 -384 ) (-256 0 -2944 ) 
4 2339 2341 (-896 0 -128 ) (-896 0 -2944 ) (-896 -576 -2944 ) (-896 -576 -128 ) 
4 2339 2340 (-896 -576 -384 ) (-896 -576 -2944 ) (-256 -576 -2944 ) (-256 -576 -384 ) 
4 2340 2353 (0 -1024 -2944 ) (0 -1024 -384 ) (-896 -1024 -384 ) (-896 -1024 -2944 ) 
4 2340 2341 (-896 -576 -384 ) (-896 -576 -2944 ) (-896 -1024 -2944 ) (-896 -1024 -384 ) 
4 2341 2354 (-896 -1024 -2944 ) (-896 -1024 -128 ) (-1024 -1024 -128 ) (-1024 -1024 -2944 ) 
4 2341 2346 (-1024 0 -128 ) (-1024 0 -2944 ) (-1024 -1024 -2944 ) (-1024 -1024 -128 ) 
4 2342 2359 (-1024 -1024 1024 ) (-1024 -1024 7168 ) (-1152 -1024 7168 ) (-1152 -1024 1024 ) 
4 2342 2344 (-1152 0 1344 ) (-1152 0 1024 ) (-1152 -1024 1024 ) (-1152 -1024 1344 ) 
4 2342 2343 (-1152 0 7168 ) (-1152 0 1344 ) (-1152 -1024 1344 ) (-1152 -1024 7168 ) 
4 2343 2365 (-2048 0 7168 ) (-2048 0 1344 ) (-2048 -64 1344 ) (-2048 -64 7168 ) 
4 2343 2366 (-2048 -64 1344 ) (-2048 -1024 1344 ) (-2048 -1024 7168 ) (-2048 -64 7168 ) 
4 2343 2360 (-2048 -1024 7168 ) (-2048 -1024 1344 ) (-1152 -1024 1344 ) (-1152 -1024 7168 ) 
4 2343 2345 (-1792 -64 1344 ) (-1792 -1024 1344 ) (-2048 -1024 1344 ) (-2048 -64 1344 ) 
4 2343 2344 (-1792 0 1344 ) (-1152 0 1344 ) (-1152 -1024 1344 ) (-1792 -1024 1344 ) 
4 2344 2364 (-1792 -1024 -128 ) (-1152 -1024 -128 ) (-1152 -1024 768 ) (-1792 -1024 768 ) 
4 2344 2360 (-1152 -1024 768 ) (-1152 -1024 1344 ) (-1792 -1024 1344 ) (-1792 -1024 768 ) 
4 2344 2346 (-1792 0 -128 ) (-1152 0 -128 ) (-1152 -1024 -128 ) (-1792 -1024 -128 ) 
4 2344 2345 (-1792 -64 -128 ) (-1792 -1024 -128 ) (-1792 -1024 1344 ) (-1792 -64 1344 ) 
4 2345 2366 (-2048 -64 -128 ) (-2048 -1024 -128 ) (-2048 -1024 1344 ) (-2048 -64 1344 ) 
4 2345 2364 (-2048 -1024 768 ) (-2048 -1024 -128 ) (-1792 -1024 -128 ) (-1792 -1024 768 ) 
4 2345 2360 (-2048 -1024 1344 ) (-2048 -1024 768 ) (-1792 -1024 768 ) (-1792 -1024 1344 ) 
4 2345 2348 (-1792 -64 -128 ) (-1792 -1024 -128 ) (-2048 -1024 -128 ) (-2048 -64 -128 ) 
4 2346 2364 (-1152 -1024 -128 ) (-1792 -1024 -128 ) (-1792 -1024 -2944 ) (-1152 -1024 -2944 ) 
4 2346 2361 (-1024 -1024 -2944 ) (-1024 -1024 -128 ) (-1152 -1024 -128 ) (-1152 -1024 -2944 ) 
4 2346 2347 (-1792 0 -2944 ) (-1792 -64 -2944 ) (-1792 -64 -1280 ) (-1792 0 -1280 ) 
4 2346 2348 (-1792 -64 -2944 ) (-1792 -1024 -2944 ) (-1792 -1024 -128 ) (-1792 -64 -128 ) 
4 2347 2369 (-2048 0 -1280 ) (-2048 0 -2944 ) (-2048 -64 -2944 ) (-2048 -64 -1280 ) 
4 2347 2348 (-2048 -64 -2944 ) (-1792 -64 -2944 ) (-1792 -64 -1280 ) (-2048 -64 -1280 ) 
4 2348 2369 (-2048 -64 -2944 ) (-2048 -1024 -2944 ) (-2048 -1024 -1280 ) (-2048 -64 -1280 ) 
4 2348 2367 (-2048 -1024 -1280 ) (-2048 -1024 -128 ) (-2048 -64 -128 ) (-2048 -64 -1280 ) 
4 2348 2364 (-1792 -1024 -128 ) (-2048 -1024 -128 ) (-2048 -1024 -2944 ) (-1792 -1024 -2944 ) 
4 2349 2376 (0 -2048 1024 ) (0 -2048 7168 ) (-1024 -2048 7168 ) (-1024 -2048 1024 ) 
4 2349 2359 (-1024 -1024 7168 ) (-1024 -1024 1024 ) (-1024 -2048 1024 ) (-1024 -2048 7168 ) 
4 2350 2355 (0 -1088 768 ) (-256 -1088 768 ) (-256 -1088 448 ) (0 -1088 448 ) 
4 2351 2355 (-384 -1088 768 ) (-704 -1088 768 ) (-704 -1088 448 ) (-384 -1088 448 ) 
4 2351 2352 (-704 -1088 448 ) (-704 -1088 768 ) (-704 -1024 768 ) (-704 -1024 448 ) 
4 2352 2355 (-704 -1088 768 ) (-896 -1088 768 ) (-896 -1088 448 ) (-704 -1088 448 ) 
4 2353 2357 (0 -1088 -2944 ) (0 -1088 -640 ) (-896 -1088 -640 ) (-896 -1088 -2944 ) 
4 2353 2354 (-896 -1088 -2944 ) (-896 -1088 -384 ) (-896 -1024 -384 ) (-896 -1024 -2944 ) 
4 2354 2361 (-1024 -1024 -128 ) (-1024 -1024 -2944 ) (-1024 -1088 -2944 ) (-1024 -1088 -128 ) 
4 2354 2357 (-1024 -1088 -640 ) (-1024 -1088 -2944 ) (-896 -1088 -2944 ) (-896 -1088 -640 ) 
4 2355 2356 (-896 -1088 768 ) (-896 -1088 448 ) (-896 -1600 448 ) (-896 -1600 768 ) 
4 2357 2362 (-1024 -1728 -2944 ) (-1024 -1728 -640 ) (-1024 -1088 -640 ) (-1024 -1088 -2944 ) 
4 2357 2358 (0 -1728 -2944 ) (0 -1728 -1152 ) (-1024 -1728 -1152 ) (-1024 -1728 -2944 ) 
4 2358 2378 (0 -2048 -2944 ) (0 -2048 -1152 ) (-1024 -2048 -1152 ) (-1024 -2048 -2944 ) 
4 2358 2363 (-1024 -2048 -2944 ) (-1024 -2048 -1152 ) (-1024 -1728 -1152 ) (-1024 -1728 -2944 ) 
4 2359 2380 (-1024 -2048 1024 ) (-1024 -2048 7168 ) (-1152 -2048 7168 ) (-1152 -2048 1024 ) 
4 2359 2360 (-1152 -2048 1024 ) (-1152 -2048 7168 ) (-1152 -1024 7168 ) (-1152 -1024 1024 ) 
4 2360 2382 (-1152 -2048 7168 ) (-2048 -2048 7168 ) (-2048 -2048 768 ) (-1152 -2048 768 ) 
4 2360 2374 (-2048 -2048 768 ) (-2048 -2048 7168 ) (-2048 -1024 7168 ) (-2048 -1024 768 ) 
4 2360 2364 (-1152 -2048 768 ) (-2048 -2048 768 ) (-2048 -1024 768 ) (-1152 -1024 768 ) 
4 2361 2364 (-1152 -1024 -128 ) (-1152 -1024 -2944 ) (-1152 -1088 -2944 ) (-1152 -1088 -128 ) 
4 2361 2362 (-1152 -1088 -128 ) (-1152 -1088 -2944 ) (-1024 -1088 -2944 ) (-1024 -1088 -128 ) 
4 2362 2364 (-1152 -1088 -128 ) (-1152 -1088 -2944 ) (-1152 -1728 -2944 ) (-1152 -1728 -128 ) 
4 2362 2363 (-1152 -1728 -1152 ) (-1152 -1728 -2944 ) (-1024 -1728 -2944 ) (-1024 -1728 -1152 ) 
4 2363 2383 (-1024 -2048 -2944 ) (-1024 -2048 -1152 ) (-1152 -2048 -1152 ) (-1152 -2048 -2944 ) 
4 2363 2364 (-1152 -1728 -1152 ) (-1152 -1728 -2944 ) (-1152 -2048 -2944 ) (-1152 -2048 -1152 ) 
4 2364 2385 (-1152 -2048 -2944 ) (-1152 -2048 768 ) (-2048 -2048 768 ) (-2048 -2048 -2944 ) 
4 2364 2374 (-2048 -2048 -2944 ) (-2048 -2048 768 ) (-2048 -1024 768 ) (-2048 -1024 -2944 ) 
4 2365 2370 (-3072 0 7168 ) (-3072 0 1344 ) (-3072 -64 1344 ) (-3072 -64 7168 ) 
4 2365 2366 (-2048 -64 1344 ) (-2048 -64 7168 ) (-3072 -64 7168 ) (-3072 -64 1344 ) 
4 2366 2374 (-2048 -1024 -128 ) (-2048 -1024 7168 ) (-3072 -1024 7168 ) (-3072 -1024 -128 ) 
4 2366 2371 (-3072 -64 -128 ) (-3072 -1024 -128 ) (-3072 -1024 7168 ) (-3072 -64 7168 ) 
4 2366 2368 (-2816 -1024 -128 ) (-3072 -1024 -128 ) (-3072 -64 -128 ) (-2816 -64 -128 ) 
4 2366 2367 (-2048 -1024 -128 ) (-2816 -1024 -128 ) (-2816 -64 -128 ) (-2048 -64 -128 ) 
4 2367 2374 (-2048 -1024 -1280 ) (-2048 -1024 -128 ) (-2816 -1024 -128 ) (-2816 -1024 -1280 ) 
4 2367 2369 (-2048 -64 -1280 ) (-2048 -1024 -1280 ) (-2816 -1024 -1280 ) (-2816 -64 -1280 ) 
4 2367 2368 (-2816 -64 -1280 ) (-2816 -1024 -1280 ) (-2816 -1024 -128 ) (-2816 -64 -128 ) 
4 2368 2374 (-2816 -1024 -128 ) (-3072 -1024 -128 ) (-3072 -1024 -1280 ) (-2816 -1024 -1280 ) 
4 2368 2373 (-3072 -64 -1280 ) (-3072 -1024 -1280 ) (-3072 -1024 -128 ) (-3072 -64 -128 ) 
4 2368 2369 (-3072 -1024 -1280 ) (-3072 -64 -1280 ) (-2816 -64 -1280 ) (-2816 -1024 -1280 ) 
4 2369 2374 (-2048 -1024 -2944 ) (-2048 -1024 -1280 ) (-3072 -1024 -1280 ) (-3072 -1024 -2944 ) 
4 2369 2372 (-3072 0 -1280 ) (-3072 0 -2944 ) (-3072 -64 -2944 ) (-3072 -64 -1280 ) 
4 2369 2373 (-3072 -64 -2944 ) (-3072 -1024 -2944 ) (-3072 -1024 -1280 ) (-3072 -64 -1280 ) 
4 2370 2402 (-4096 0 7168 ) (-4096 0 1344 ) (-4096 -64 1344 ) (-4096 -64 7168 ) 
4 2370 2371 (-3072 -64 1344 ) (-3072 -64 7168 ) (-4096 -64 7168 ) (-4096 -64 1344 ) 
4 2371 2403 (-4096 -64 -128 ) (-4096 -1024 -128 ) (-4096 -1024 1344 ) (-4096 -64 1344 ) 
4 2371 2402 (-4096 -1024 1344 ) (-4096 -1024 7168 ) (-4096 -64 7168 ) (-4096 -64 1344 ) 
4 2371 2375 (-3072 -1024 -128 ) (-3072 -1024 7168 ) (-4096 -1024 7168 ) (-4096 -1024 -128 ) 
4 2371 2373 (-3072 -64 -128 ) (-3072 -1024 -128 ) (-4096 -1024 -128 ) (-4096 -64 -128 ) 
4 2372 2405 (-4096 0 -1280 ) (-4096 0 -2944 ) (-4096 -64 -2944 ) (-4096 -64 -1280 ) 
4 2372 2373 (-4096 -64 -2944 ) (-3072 -64 -2944 ) (-3072 -64 -1280 ) (-4096 -64 -1280 ) 
4 2373 2405 (-4096 -64 -2944 ) (-4096 -1024 -2944 ) (-4096 -1024 -1280 ) (-4096 -64 -1280 ) 
4 2373 2404 (-4096 -1024 -1280 ) (-4096 -1024 -128 ) (-4096 -64 -128 ) (-4096 -64 -1280 ) 
4 2373 2375 (-3072 -1024 -2944 ) (-3072 -1024 -128 ) (-4096 -1024 -128 ) (-4096 -1024 -2944 ) 
4 2374 2398 (-2048 -2048 -2944 ) (-2048 -2048 7168 ) (-3072 -2048 7168 ) (-3072 -2048 -2944 ) 
4 2374 2375 (-3072 -1024 7168 ) (-3072 -1024 -2944 ) (-3072 -2048 -2944 ) (-3072 -2048 7168 ) 
4 2375 2432 (-4096 -2048 -2944 ) (-4096 -2048 7168 ) (-4096 -1024 7168 ) (-4096 -1024 -2944 ) 
4 2375 2399 (-3072 -2048 -2944 ) (-3072 -2048 7168 ) (-4096 -2048 7168 ) (-4096 -2048 -2944 ) 
4 2376 2380 (-1024 -2048 7168 ) (-1024 -2048 1024 ) (-1024 -2816 1024 ) (-1024 -2816 7168 ) 
4 2376 2377 (0 -2816 1024 ) (0 -2816 7168 ) (-1024 -2816 7168 ) (-1024 -2816 1024 ) 
4 2377 2390 (0 -3072 768 ) (0 -3072 3584 ) (-1024 -3072 3584 ) (-1024 -3072 768 ) 
4 2377 2389 (-896 -3072 3840 ) (-1024 -3072 3840 ) (-1024 -3072 3584 ) (-896 -3072 3584 ) 
4 2377 2388 (0 -3072 3584 ) (0 -3072 3840 ) (-896 -3072 3840 ) (-896 -3072 3584 ) 
4 2377 2387 (0 -3072 3840 ) (0 -3072 5120 ) (-1024 -3072 5120 ) (-1024 -3072 3840 ) 
4 2377 2386 (0 -3072 5120 ) (0 -3072 7168 ) (-1024 -3072 7168 ) (-1024 -3072 5120 ) 
4 2377 2381 (-1024 -2816 768 ) (-1024 -3072 768 ) (-1024 -3072 7168 ) (-1024 -2816 7168 ) 
4 2377 2379 (0 -3072 768 ) (-1024 -3072 768 ) (-1024 -2816 768 ) (0 -2816 768 ) 
4 2378 2383 (-1024 -2048 -1152 ) (-1024 -2048 -2944 ) (-1024 -2816 -2944 ) (-1024 -2816 -1152 ) 
4 2378 2379 (-1024 -2816 -2944 ) (0 -2816 -2944 ) (0 -2816 -1152 ) (-1024 -2816 -1152 ) 
4 2379 2390 (0 -3072 -2944 ) (0 -3072 768 ) (-1024 -3072 768 ) (-1024 -3072 -2944 ) 
4 2379 2384 (-1024 -2816 -2944 ) (-1024 -3072 -2944 ) (-1024 -3072 768 ) (-1024 -2816 768 ) 
4 2380 2381 (-1152 -2816 7168 ) (-1152 -2816 1024 ) (-1024 -2816 1024 ) (-1024 -2816 7168 ) 
4 2380 2382 (-1152 -2816 1024 ) (-1152 -2816 7168 ) (-1152 -2048 7168 ) (-1152 -2048 1024 ) 
4 2381 2396 (-1024 -3072 768 ) (-1024 -3072 3584 ) (-1152 -3072 3584 ) (-1152 -3072 768 ) 
4 2381 2394 (-1024 -3072 3584 ) (-1024 -3072 3840 ) (-1152 -3072 3840 ) (-1152 -3072 3584 ) 
4 2381 2393 (-1024 -3072 3840 ) (-1024 -3072 5120 ) (-1152 -3072 5120 ) (-1152 -3072 3840 ) 
4 2381 2392 (-1024 -3072 5120 ) (-1024 -3072 7168 ) (-1152 -3072 7168 ) (-1152 -3072 5120 ) 
4 2381 2384 (-1024 -2816 768 ) (-1024 -3072 768 ) (-1152 -3072 768 ) (-1152 -2816 768 ) 
4 2381 2382 (-1152 -2816 768 ) (-1152 -3072 768 ) (-1152 -3072 7168 ) (-1152 -2816 7168 ) 
4 2382 2398 (-2048 -2048 7168 ) (-2048 -2048 768 ) (-2048 -3072 768 ) (-2048 -3072 7168 ) 
4 2382 2396 (-2048 -3072 3584 ) (-2048 -3072 768 ) (-1152 -3072 768 ) (-1152 -3072 3584 ) 
4 2382 2395 (-2048 -3072 3840 ) (-2048 -3072 3584 ) (-1408 -3072 3584 ) (-1408 -3072 3840 ) 
4 2382 2394 (-1408 -3072 3584 ) (-1152 -3072 3584 ) (-1152 -3072 3840 ) (-1408 -3072 3840 ) 
4 2382 2393 (-2048 -3072 5120 ) (-2048 -3072 3840 ) (-1152 -3072 3840 ) (-1152 -3072 5120 ) 
4 2382 2392 (-1152 -3072 7168 ) (-2048 -3072 7168 ) (-2048 -3072 5120 ) (-1152 -3072 5120 ) 
4 2382 2385 (-2048 -2048 768 ) (-1152 -2048 768 ) (-1152 -3072 768 ) (-2048 -3072 768 ) 
4 2383 2384 (-1152 -2816 -1152 ) (-1152 -2816 -2944 ) (-1024 -2816 -2944 ) (-1024 -2816 -1152 ) 
4 2383 2385 (-1152 -2048 -2944 ) (-1152 -2816 -2944 ) (-1152 -2816 -1152 ) (-1152 -2048 -1152 ) 
4 2384 2396 (-1024 -3072 -2944 ) (-1024 -3072 768 ) (-1152 -3072 768 ) (-1152 -3072 -2944 ) 
4 2384 2385 (-1152 -2816 -2944 ) (-1152 -3072 -2944 ) (-1152 -3072 768 ) (-1152 -2816 768 ) 
4 2385 2398 (-2048 -2048 768 ) (-2048 -2048 -2944 ) (-2048 -3072 -2944 ) (-2048 -3072 768 ) 
4 2385 2396 (-1152 -3072 768 ) (-2048 -3072 768 ) (-2048 -3072 -2944 ) (-1152 -3072 -2944 ) 
4 2386 2482 (0 -4096 5120 ) (0 -4096 7168 ) (-1024 -4096 7168 ) (-1024 -4096 5120 ) 
4 2386 2392 (-1024 -3072 7168 ) (-1024 -3072 5120 ) (-1024 -4096 5120 ) (-1024 -4096 7168 ) 
4 2386 2387 (-1024 -3520 5120 ) (-1024 -3072 5120 ) (0 -3072 5120 ) (0 -3520 5120 ) 
4 2387 2393 (-1024 -3072 5120 ) (-1024 -3072 3840 ) (-1024 -3520 3840 ) (-1024 -3520 5120 ) 
4 2387 2389 (-1024 -3520 3840 ) (-1024 -3072 3840 ) (-896 -3072 3840 ) (-896 -3520 3840 ) 
4 2387 2388 (-896 -3072 3840 ) (0 -3072 3840 ) (0 -3520 3840 ) (-896 -3520 3840 ) 
4 2388 2390 (-896 -3520 3584 ) (-896 -3072 3584 ) (0 -3072 3584 ) (0 -3520 3584 ) 
4 2388 2389 (-896 -3072 3584 ) (-896 -3520 3584 ) (-896 -3520 3840 ) (-896 -3072 3840 ) 
4 2389 2394 (-1024 -3072 3840 ) (-1024 -3072 3584 ) (-1024 -3520 3584 ) (-1024 -3520 3840 ) 
4 2389 2390 (-1024 -3520 3584 ) (-1024 -3072 3584 ) (-896 -3072 3584 ) (-896 -3520 3584 ) 
4 2390 2396 (-1024 -3072 3584 ) (-1024 -3072 -2944 ) (-1024 -3520 -2944 ) (-1024 -3520 3584 ) 
4 2390 2391 (-1024 -3520 -2944 ) (0 -3520 -2944 ) (0 -3520 640 ) (-1024 -3520 640 ) 
4 2391 2486 (0 -4096 -2944 ) (0 -4096 640 ) (-1024 -4096 640 ) (-1024 -4096 -2944 ) 
4 2391 2397 (-1024 -3520 -2944 ) (-1024 -4096 -2944 ) (-1024 -4096 640 ) (-1024 -3520 640 ) 
4 2392 2487 (-1024 -4096 5120 ) (-1024 -4096 7168 ) (-2048 -4096 7168 ) (-2048 -4096 5120 ) 
4 2392 2400 (-2048 -4096 5120 ) (-2048 -4096 7168 ) (-2048 -3072 7168 ) (-2048 -3072 5120 ) 
4 2392 2393 (-1024 -3072 5120 ) (-1024 -3520 5120 ) (-2048 -3520 5120 ) (-2048 -3072 5120 ) 
4 2393 2400 (-2048 -3520 5120 ) (-2048 -3072 5120 ) (-2048 -3072 3840 ) (-2048 -3520 3840 ) 
4 2393 2395 (-2048 -3520 3840 ) (-2048 -3072 3840 ) (-1408 -3072 3840 ) (-1408 -3520 3840 ) 
4 2393 2394 (-1408 -3072 3840 ) (-1024 -3072 3840 ) (-1024 -3520 3840 ) (-1408 -3520 3840 ) 
4 2394 2396 (-1024 -3072 3584 ) (-1024 -3520 3584 ) (-1408 -3520 3584 ) (-1408 -3072 3584 ) 
4 2394 2395 (-1408 -3072 3584 ) (-1408 -3520 3584 ) (-1408 -3520 3840 ) (-1408 -3072 3840 ) 
4 2395 2400 (-2048 -3520 3840 ) (-2048 -3072 3840 ) (-2048 -3072 3584 ) (-2048 -3520 3584 ) 
4 2395 2396 (-2048 -3520 3584 ) (-2048 -3072 3584 ) (-1408 -3072 3584 ) (-1408 -3520 3584 ) 
4 2396 2400 (-2048 -3520 3584 ) (-2048 -3072 3584 ) (-2048 -3072 -2944 ) (-2048 -3520 -2944 ) 
4 2396 2397 (-2048 -3520 -2944 ) (-1024 -3520 -2944 ) (-1024 -3520 640 ) (-2048 -3520 640 ) 
4 2397 2489 (-1024 -4096 -2944 ) (-1024 -4096 640 ) (-2048 -4096 640 ) (-2048 -4096 -2944 ) 
4 2397 2400 (-2048 -4096 -2944 ) (-2048 -4096 640 ) (-2048 -3520 640 ) (-2048 -3520 -2944 ) 
4 2398 2400 (-2048 -3072 -2944 ) (-2048 -3072 7168 ) (-3072 -3072 7168 ) (-3072 -3072 -2944 ) 
4 2398 2399 (-3072 -2048 7168 ) (-3072 -2048 -2944 ) (-3072 -3072 -2944 ) (-3072 -3072 7168 ) 
4 2399 2474 (-4096 -3072 -2944 ) (-4096 -3072 7168 ) (-4096 -2048 7168 ) (-4096 -2048 -2944 ) 
4 2399 2401 (-3072 -3072 -2944 ) (-3072 -3072 7168 ) (-4096 -3072 7168 ) (-4096 -3072 -2944 ) 
4 2400 2510 (-2048 -4096 -2944 ) (-2048 -4096 7168 ) (-3072 -4096 7168 ) (-3072 -4096 -2944 ) 
4 2400 2401 (-3072 -3072 7168 ) (-3072 -3072 -2944 ) (-3072 -4096 -2944 ) (-3072 -4096 7168 ) 
4 2401 2511 (-3072 -4096 -2944 ) (-3072 -4096 7168 ) (-4096 -4096 7168 ) (-4096 -4096 -2944 ) 
4 2401 2476 (-4096 -4096 -2944 ) (-4096 -4096 7168 ) (-4096 -3072 7168 ) (-4096 -3072 -2944 ) 
4 2402 2432 (-4096 -1024 1344 ) (-4096 -1024 7168 ) (-4928 -1024 7168 ) (-4928 -1024 1344 ) 
4 2402 2411 (-4928 -1024 1344 ) (-4928 -1024 7168 ) (-4928 -960 7168 ) (-4928 -960 1344 ) 
4 2402 2406 (-4928 -960 7168 ) (-4928 0 7168 ) (-4928 0 1344 ) (-4928 -960 1344 ) 
4 2402 2403 (-4096 -1024 1344 ) (-4928 -1024 1344 ) (-4928 -64 1344 ) (-4096 -64 1344 ) 
4 2403 2432 (-4096 -1024 -128 ) (-4096 -1024 1344 ) (-4928 -1024 1344 ) (-4928 -1024 -128 ) 
4 2403 2411 (-4928 -1024 736 ) (-4928 -1024 1344 ) (-4928 -960 1344 ) (-4928 -960 736 ) 
4 2403 2406 (-4928 -960 1344 ) (-4928 -64 1344 ) (-4928 -64 736 ) (-4928 -960 736 ) 
4 2403 2404 (-4928 -1024 -128 ) (-4928 -64 -128 ) (-4096 -64 -128 ) (-4096 -1024 -128 ) 
4 2404 2432 (-4096 -1024 -1280 ) (-4096 -1024 -128 ) (-4928 -1024 -128 ) (-4928 -1024 -1280 ) 
4 2404 2405 (-4096 -1024 -1280 ) (-4928 -1024 -1280 ) (-4928 -64 -1280 ) (-4096 -64 -1280 ) 
4 2405 2432 (-4096 -1024 -2944 ) (-4096 -1024 -1280 ) (-4928 -1024 -1280 ) (-4928 -1024 -2944 ) 
4 2405 2412 (-4928 -1024 -2944 ) (-4928 -1024 -1376 ) (-4928 -960 -1376 ) (-4928 -960 -2944 ) 
4 2405 2407 (-4928 0 -1376 ) (-4928 0 -2944 ) (-4928 -960 -2944 ) (-4928 -960 -1376 ) 
4 2406 2413 (-5120 0 7168 ) (-5120 0 736 ) (-5120 -960 736 ) (-5120 -960 7168 ) 
4 2406 2411 (-5120 -960 7168 ) (-5120 -960 736 ) (-4928 -960 736 ) (-4928 -960 7168 ) 
4 2407 2412 (-4928 -960 -2944 ) (-4928 -960 -1376 ) (-5056 -960 -1376 ) (-5056 -960 -2944 ) 
4 2407 2410 (-5056 -960 -2944 ) (-5056 -960 -1376 ) (-5056 0 -1376 ) (-5056 0 -2944 ) 
4 2408 2416 (-5120 0 -416 ) (-5120 0 -640 ) (-5120 -960 -640 ) (-5120 -960 -416 ) 
4 2408 2415 (-5120 0 -160 ) (-5120 0 -416 ) (-5120 -960 -416 ) (-5120 -960 -160 ) 
4 2409 2428 (-5120 -704 -1056 ) (-5120 -960 -1056 ) (-5120 -960 -1040 ) (-5120 -704 -1040 ) 
4 2409 2423 (-5120 0 -1040 ) (-5120 0 -1056 ) (-5120 -704 -1056 ) (-5120 -704 -1040 ) 
4 2409 2422 (-5120 -704 -1040 ) (-5120 -960 -1040 ) (-5120 -960 -928 ) (-5120 -704 -928 ) 
4 2409 2420 (-5120 0 -928 ) (-5120 0 -1040 ) (-5120 -704 -1040 ) (-5120 -704 -928 ) 
4 2409 2417 (-5120 0 -672 ) (-5120 0 -928 ) (-5120 -960 -928 ) (-5120 -960 -672 ) 
4 2410 2430 (-5120 0 -1248 ) (-5120 0 -2944 ) (-5120 -960 -2944 ) (-5120 -960 -1248 ) 
4 2410 2412 (-5120 -960 -1376 ) (-5120 -960 -2944 ) (-5056 -960 -2944 ) (-5056 -960 -1376 ) 
4 2411 2432 (-4928 -1024 736 ) (-4928 -1024 7168 ) (-5120 -1024 7168 ) (-5120 -1024 736 ) 
4 2411 2413 (-5120 -1024 736 ) (-5120 -1024 7168 ) (-5120 -960 7168 ) (-5120 -960 736 ) 
4 2412 2432 (-4928 -1024 -2944 ) (-4928 -1024 -1376 ) (-5120 -1024 -1376 ) (-5120 -1024 -2944 ) 
4 2412 2431 (-5120 -1024 -2944 ) (-5120 -1024 -1376 ) (-5120 -960 -1376 ) (-5120 -960 -2944 ) 
4 2413 2450 (-6144 -960 736 ) (-6144 -1024 736 ) (-6144 -1024 7168 ) (-6144 -960 7168 ) 
4 2413 2434 (-6144 0 7168 ) (-6144 0 800 ) (-6144 -960 800 ) (-6144 -960 7168 ) 
4 2413 2433 (-5120 -1024 736 ) (-5120 -1024 7168 ) (-6144 -1024 7168 ) (-6144 -1024 736 ) 
4 2414 2436 (-6144 0 437.332489 ) (-6144 0 -160 ) (-6144 -960 -160 ) (-6144 -960 437.332520 ) 
4 2414 2415 (-5888 -960 -160 ) (-6144 -960 -160 ) (-6144 0 -160 ) (-5888 0 -160 ) 
4 2415 2438 (-6144 -704 -416 ) (-6144 -960 -416 ) (-6144 -960 -160 ) (-6144 -704 -160 ) 
4 2415 2437 (-6144 0 -160 ) (-6144 0 -416 ) (-6144 -704 -416 ) (-6144 -704 -160 ) 
4 2415 2419 (-6144 -704 -416 ) (-6144 0 -416 ) (-5888 0 -416 ) (-5888 -704 -416 ) 
4 2415 2416 (-5712 0 -416 ) (-5120 0 -416 ) (-5120 -960 -416 ) (-5712 -960 -416 ) 
4 2415 2418 (-5888 0 -416 ) (-5712 0 -416 ) (-5712 -960 -416 ) (-5888 -960 -416 ) 
4 2416 2418 (-5712 -960 -640 ) (-5712 -960 -416 ) (-5712 0 -416 ) (-5712 0 -640 ) 
4 2417 2422 (-5120 -960 -928 ) (-5712 -960 -928 ) (-5712 -704 -928 ) (-5120 -704 -928 ) 
4 2417 2420 (-5712 -704 -928 ) (-5712 0 -928 ) (-5120 0 -928 ) (-5120 -704 -928 ) 
4 2417 2418 (-5712 0 -928 ) (-5712 -960 -928 ) (-5712 -960 -672 ) (-5712 0 -672 ) 
4 2418 2422 (-5712 -960 -928 ) (-5888 -960 -928 ) (-5888 -704 -928 ) (-5712 -704 -928 ) 
4 2418 2420 (-5888 -704 -928 ) (-5888 0 -928 ) (-5712 0 -928 ) (-5712 -704 -928 ) 
4 2418 2419 (-5888 0 -928 ) (-5888 -704 -928 ) (-5888 -704 -416 ) (-5888 0 -416 ) 
4 2419 2445 (-6144 -448 -928 ) (-6144 -704 -928 ) (-6144 -704 -672 ) (-6144 -448 -672 ) 
4 2419 2444 (-6144 0 -672 ) (-6144 0 -928 ) (-6144 -448 -928 ) (-6144 -448 -672 ) 
4 2419 2437 (-6144 0 -416 ) (-6144 0 -672 ) (-6144 -704 -672 ) (-6144 -704 -416 ) 
4 2419 2421 (-6144 -448 -928 ) (-6144 0 -928 ) (-5888 0 -928 ) (-5888 -448 -928 ) 
4 2420 2427 (-5760 -448 -1040 ) (-5760 -704 -1040 ) (-5888 -704 -1040 ) (-5888 -448 -1040 ) 
4 2420 2426 (-5760 -320 -1040 ) (-5760 -448 -1040 ) (-5888 -448 -1040 ) (-5888 -192 -1040 ) 
4 2420 2425 (-5760 -64 -1040 ) (-5760 -320 -1040 ) (-5888 -192 -1040 ) (-5888 -64 -1040 ) 
4 2420 2424 (-5888 0 -1040 ) (-5760 0 -1040 ) (-5760 -64 -1040 ) (-5888 -64 -1040 ) 
4 2420 2423 (-5760 0 -1040 ) (-5120 0 -1040 ) (-5120 -704 -1040 ) (-5760 -704 -1040 ) 
4 2420 2422 (-5888 -704 -1040 ) (-5120 -704 -1040 ) (-5120 -704 -928 ) (-5888 -704 -928 ) 
4 2420 2421 (-5888 0 -1040 ) (-5888 -448 -1040 ) (-5888 -448 -928 ) (-5888 0 -928 ) 
4 2421 2444 (-6144 0 -928 ) (-6144 0 -1040 ) (-6144 -448 -1040 ) (-6144 -448 -928 ) 
5 2421 2426 (-5888 -192 -1040 ) (-5888 -448 -1040 ) (-6144 -448 -1040 ) (-6144 -64 -1040 ) (-6016 -64 -1040 ) 
3 2421 2425 (-5888 -64 -1040 ) (-5888 -192 -1040 ) (-6016 -64 -1040 ) 
4 2421 2424 (-6144 0 -1040 ) (-5888 0 -1040 ) (-5888 -64 -1040 ) (-6144 -64 -1040 ) 
4 2422 2429 (-5760 -960 -1040 ) (-5888 -960 -1040 ) (-5888 -704 -1040 ) (-5760 -704 -1040 ) 
4 2422 2428 (-5120 -704 -1040 ) (-5120 -960 -1040 ) (-5760 -960 -1040 ) (-5760 -704 -1040 ) 
4 2423 2428 (-5760 -704 -1056 ) (-5120 -704 -1056 ) (-5120 -704 -1040 ) (-5760 -704 -1040 ) 
4 2423 2427 (-5760 -448 -1056 ) (-5760 -704 -1056 ) (-5760 -704 -1040 ) (-5760 -448 -1040 ) 
4 2423 2426 (-5760 -320 -1056 ) (-5760 -448 -1056 ) (-5760 -448 -1040 ) (-5760 -320 -1040 ) 
4 2423 2425 (-5760 -64 -1056 ) (-5760 -320 -1056 ) (-5760 -320 -1040 ) (-5760 -64 -1040 ) 
4 2423 2424 (-5760 0 -1056 ) (-5760 -64 -1056 ) (-5760 -64 -1040 ) (-5760 0 -1040 ) 
4 2424 2451 (-6144 0 -1040 ) (-6144 0 -1056 ) (-6144 -64 -1056 ) (-6144 -64 -1040 ) 
4 2424 2426 (-6144 -64 -1056 ) (-6016 -64 -1056 ) (-6016 -64 -1040 ) (-6144 -64 -1040 ) 
4 2424 2425 (-6016 -64 -1056 ) (-5760 -64 -1056 ) (-5760 -64 -1040 ) (-6016 -64 -1040 ) 
4 2425 2426 (-6016.001953 -64 -1040 ) (-6016.001953 -64 -1056 ) (-5760 -320.001923 -1056 ) (-5760 -320.001923 -1040 ) 
4 2426 2452 (-6144 -64 -1056 ) (-6144 -448 -1056 ) (-6144 -448 -1040 ) (-6144 -64 -1040 ) 
4 2426 2427 (-5888 -448 -1056 ) (-5760 -448 -1056 ) (-5760 -448 -1040 ) (-5888 -448 -1040 ) 
4 2427 2429 (-5888 -704 -1056 ) (-5760 -704 -1056 ) (-5760 -704 -1040 ) (-5888 -704 -1040 ) 
4 2428 2429 (-5760 -704 -1040 ) (-5760 -704 -1056 ) (-5760 -960 -1056 ) (-5760 -960 -1040 ) 
4 2430 2460 (-6144 0 -1248 ) (-6144 0 -2944 ) (-6144 -960 -2944 ) (-6144 -960 -1248 ) 
4 2430 2431 (-6144 -960 -2944 ) (-5120 -960 -2944 ) (-5120 -960 -1376 ) (-6144 -960 -1376 ) 
4 2431 2461 (-6144 -960 -2944 ) (-6144 -1024 -2944 ) (-6144 -1024 -1376 ) (-6144 -960 -1376 ) 
4 2431 2433 (-5120 -1024 -2944 ) (-5120 -1024 -1376 ) (-6144 -1024 -1376 ) (-6144 -1024 -2944 ) 
4 2432 2474 (-4096 -2048 -2944 ) (-4096 -2048 7168 ) (-5120 -2048 7168 ) (-5120 -2048 -2944 ) 
4 2432 2433 (-5120 -1024 7168 ) (-5120 -1024 -2944 ) (-5120 -2048 -2944 ) (-5120 -2048 7168 ) 
4 2433 2475 (-5120 -2048 -2944 ) (-5120 -2048 7168 ) (-6144 -2048 7168 ) (-6144 -2048 -2944 ) 
4 2433 2472 (-6144 -2048 -2944 ) (-6144 -2048 7168 ) (-6144 -1024 7168 ) (-6144 -1024 -2944 ) 
4 2434 2462 (-7168 0 7168 ) (-7168 0 800 ) (-7168 -960 800 ) (-7168 -960 7168 ) 
4 2434 2450 (-7168 -960 7168 ) (-7168 -960 800 ) (-6144 -960 800 ) (-6144 -960 7168 ) 
4 2434 2435 (-6528 -960 800 ) (-7168 -960 800 ) (-7168 0 800 ) (-6528 0 800 ) 
4 2435 2462 (-7168 0 800 ) (-7168 0 736 ) (-7168 -960 736 ) (-7168 -960 800 ) 
4 2435 2450 (-7168 -960 800 ) (-7168 -960 736 ) (-6528 -960 736 ) (-6528 -960 800 ) 
4 2436 2440 (-6168 -960 -160 ) (-6504 -960 -160 ) (-6504 -704 -160 ) (-6168 -704 -160 ) 
4 2436 2439 (-6504 -704 -160 ) (-6504 0 -160 ) (-6168 0 -160 ) (-6168 -704 -160 ) 
4 2436 2441 (-6504 -960 -160 ) (-6784 -960 -160 ) (-6784 0 -160 ) (-6504 0 -160 ) 
4 2436 2438 (-6144 -960 -160 ) (-6168 -960 -160 ) (-6168 -704 -160 ) (-6144 -704 -160 ) 
4 2436 2437 (-6168 -704 -160 ) (-6168 0 -160 ) (-6144 0 -160 ) (-6144 -704 -160 ) 
4 2437 2445 (-6168 -704 -672 ) (-6168 -448 -672 ) (-6144 -448 -672 ) (-6144 -704 -672 ) 
4 2437 2444 (-6168 -448 -672 ) (-6168 0 -672 ) (-6144 0 -672 ) (-6144 -448 -672 ) 
4 2437 2442 (-6168 0 -672 ) (-6168 -704 -672 ) (-6168 -704 -640 ) (-6168 0 -640 ) 
4 2437 2439 (-6168 -704 -640 ) (-6168 -704 -160 ) (-6168 0 -160 ) (-6168 0 -640 ) 
4 2437 2438 (-6168 -704 -160 ) (-6168 -704 -416 ) (-6144 -704 -416 ) (-6144 -704 -160 ) 
4 2438 2440 (-6168 -960 -416 ) (-6168 -960 -160 ) (-6168 -704 -160 ) (-6168 -704 -416 ) 
4 2439 2442 (-6504 0 -640 ) (-6168 0 -640 ) (-6168 -704 -640 ) (-6504 -704 -640 ) 
4 2439 2440 (-6504 -704 -160 ) (-6504 -704 -544 ) (-6168 -704 -544 ) (-6168 -704 -160 ) 
4 2439 2441 (-6504 0 -640 ) (-6504 -704 -640 ) (-6504 -704 -160 ) (-6504 0 -160 ) 
4 2440 2441 (-6504 -960 -544 ) (-6504 -960 -160 ) (-6504 -704 -160 ) (-6504 -704 -544 ) 
4 2441 2464 (-7168 0 -160 ) (-7168 0 -640 ) (-7168 -960 -640 ) (-7168 -960 -160 ) 
4 2441 2443 (-6960 0 -640 ) (-6504 0 -640 ) (-6504 -960 -640 ) (-6960 -960 -640 ) 
4 2442 2447 (-6504 -704 -672 ) (-6504 -448 -672 ) (-6168 -448 -672 ) (-6168 -704 -672 ) 
4 2442 2446 (-6504 -448 -672 ) (-6504 0 -672 ) (-6168 0 -672 ) (-6168 -448 -672 ) 
4 2442 2443 (-6504 0 -672 ) (-6504 -704 -672 ) (-6504 -704 -640 ) (-6504 0 -640 ) 
4 2443 2448 (-6784 -448 -672 ) (-6784 0 -672 ) (-6504 0 -672 ) (-6504 -448 -672 ) 
4 2443 2449 (-6784 -960 -672 ) (-6960 -960 -672 ) (-6960 0 -672 ) (-6784 0 -672 ) 
4 2444 2452 (-6144 -64 -1040 ) (-6144 -448 -1040 ) (-6168 -448 -1040 ) (-6168 -64 -1040 ) 
4 2444 2451 (-6168 0 -1040 ) (-6144 0 -1040 ) (-6144 -64 -1040 ) (-6168 -64 -1040 ) 
4 2444 2446 (-6168 0 -1040 ) (-6168 -448 -1040 ) (-6168 -448 -672 ) (-6168 0 -672 ) 
4 2444 2445 (-6168 -448 -672 ) (-6168 -448 -928 ) (-6144 -448 -928 ) (-6144 -448 -672 ) 
4 2445 2447 (-6168 -704 -800 ) (-6168 -704 -672 ) (-6168 -448 -672 ) (-6168 -448 -800 ) 
4 2446 2454 (-6168 -64 -1040 ) (-6168 -448 -1040 ) (-6504 -448 -1040 ) (-6504 -64 -1040 ) 
4 2446 2453 (-6504 0 -1040 ) (-6168 0 -1040 ) (-6168 -64 -1040 ) (-6504 -64 -1040 ) 
4 2446 2448 (-6504 0 -1040 ) (-6504 -448 -1040 ) (-6504 -448 -672 ) (-6504 0 -672 ) 
4 2446 2447 (-6504 -448 -672 ) (-6504 -448 -800 ) (-6168 -448 -800 ) (-6168 -448 -672 ) 
5 2448 2457 (-6504 -64 -1040 ) (-6504 -448 -1040 ) (-6784 -448 -1040 ) (-6784 -192 -1040 ) (-6656 -64 -1040 ) 
3 2448 2456 (-6784 -192 -1040 ) (-6784 -64 -1040 ) (-6656 -64 -1040 ) 
4 2448 2455 (-6784 0 -1040 ) (-6504 0 -1040 ) (-6504 -64 -1040 ) (-6784 -64 -1040 ) 
4 2448 2449 (-6784 0 -1040 ) (-6784 -448 -1040 ) (-6784 -448 -672 ) (-6784 0 -672 ) 
4 2449 2465 (-7168 0 -672 ) (-7168 0 -1040 ) (-7168 -960 -1040 ) (-7168 -960 -672 ) 
4 2449 2458 (-6784 -448 -1040 ) (-6784 -960 -1040 ) (-6912 -960 -1040 ) (-6912 -448 -1040 ) 
4 2449 2457 (-6784 -192 -1040 ) (-6784 -448 -1040 ) (-6912 -448 -1040 ) (-6912 -320 -1040 ) 
4 2449 2456 (-6784 -64 -1040 ) (-6784 -192 -1040 ) (-6912 -320 -1040 ) (-6912 -64 -1040 ) 
4 2449 2455 (-6912 0 -1040 ) (-6784 0 -1040 ) (-6784 -64 -1040 ) (-6912 -64 -1040 ) 
4 2449 2459 (-7168 -960 -1040 ) (-7168 0 -1040 ) (-6912 0 -1040 ) (-6912 -960 -1040 ) 
4 2450 2472 (-6144 -1024 736 ) (-6144 -1024 7168 ) (-7168 -1024 7168 ) (-7168 -1024 736 ) 
4 2450 2469 (-7168 -1024 736 ) (-7168 -1024 7168 ) (-7168 -960 7168 ) (-7168 -960 736 ) 
4 2451 2453 (-6168 0 -1056 ) (-6168 -64 -1056 ) (-6168 -64 -1040 ) (-6168 0 -1040 ) 
4 2451 2452 (-6168 -64 -1040 ) (-6168 -64 -1056 ) (-6144 -64 -1056 ) (-6144 -64 -1040 ) 
4 2452 2454 (-6168 -64 -1056 ) (-6168 -448 -1056 ) (-6168 -448 -1040 ) (-6168 -64 -1040 ) 
4 2453 2455 (-6504 0 -1056 ) (-6504 -64 -1056 ) (-6504 -64 -1040 ) (-6504 0 -1040 ) 
4 2453 2454 (-6504 -64 -1040 ) (-6504 -64 -1056 ) (-6168 -64 -1056 ) (-6168 -64 -1040 ) 
4 2454 2457 (-6504 -64 -1056 ) (-6504 -448 -1056 ) (-6504 -448 -1040 ) (-6504 -64 -1040 ) 
4 2455 2457 (-6656 -64 -1056 ) (-6504 -64 -1056 ) (-6504 -64 -1040 ) (-6656 -64 -1040 ) 
4 2455 2456 (-6912 -64 -1040 ) (-6912 -64 -1056 ) (-6656 -64 -1056 ) (-6656 -64 -1040 ) 
4 2455 2459 (-6912 0 -1056 ) (-6912 -64 -1056 ) (-6912 -64 -1040 ) (-6912 0 -1040 ) 
4 2456 2459 (-6912 -64 -1056 ) (-6912 -320 -1056 ) (-6912 -320 -1040 ) (-6912 -64 -1040 ) 
4 2456 2457 (-6912 -320 -1040 ) (-6912 -320 -1056 ) (-6656 -64 -1056 ) (-6656 -64 -1040 ) 
4 2457 2458 (-6912 -448 -1040 ) (-6912 -448 -1056 ) (-6784 -448 -1056 ) (-6784 -448 -1040 ) 
4 2457 2459 (-6912 -320 -1056 ) (-6912 -448 -1056 ) (-6912 -448 -1040 ) (-6912 -320 -1040 ) 
4 2458 2459 (-6912 -448 -1056 ) (-6912 -960 -1056 ) (-6912 -960 -1040 ) (-6912 -448 -1040 ) 
4 2459 2465 (-7168 0 -1040 ) (-7168 0 -1056 ) (-7168 -960 -1056 ) (-7168 -960 -1040 ) 
4 2460 2466 (-7168 0 -1248 ) (-7168 0 -2944 ) (-7168 -960 -2944 ) (-7168 -960 -1248 ) 
4 2460 2461 (-7168 -960 -2944 ) (-6144 -960 -2944 ) (-6144 -960 -1376 ) (-7168 -960 -1376 ) 
4 2461 2472 (-6144 -1024 -2944 ) (-6144 -1024 -1376 ) (-7168 -1024 -1376 ) (-7168 -1024 -2944 ) 
4 2461 2471 (-7168 -960 -2944 ) (-7168 -1024 -2944 ) (-7168 -1024 -1376 ) (-7168 -960 -1376 ) 
4 2462 2538 (-8192 0 7168 ) (-8192 0 736 ) (-8192 -960 736 ) (-8192 -960 7168 ) 
4 2462 2469 (-7168 -960 736 ) (-7168 -960 7168 ) (-7744 -960 7168 ) (-7744 -960 736 ) 
4 2462 2470 (-7744 -960 7168 ) (-8192 -960 7168 ) (-8192 -960 736 ) (-7744 -960 736 ) 
4 2462 2463 (-7744 -960 736 ) (-8192 -960 736 ) (-8192 0 736 ) (-7744 0 736 ) 
4 2463 2538 (-8192 0 736 ) (-8192 0 -160 ) (-8192 -960 -160 ) (-8192 -960 736 ) 
4 2463 2470 (-7744 -960 736 ) (-8192 -960 736 ) (-8192 -960 -160 ) (-7744 -960 -160 ) 
4 2463 2468 (-7744 -960 -160 ) (-8192 -960 -160 ) (-8192 0 -160 ) (-7744 0 -160 ) 
4 2466 2471 (-7168 -960 -2944 ) (-7168 -960 -1376 ) (-7616 -960 -1376 ) (-7616 -960 -2944 ) 
4 2466 2467 (-7616 -960 -2944 ) (-7616 -960 -1376 ) (-7616 0 -1376 ) (-7616 0 -2944 ) 
4 2467 2471 (-7616 -960 -2944 ) (-7616 -960 -1376 ) (-7744 -960 -1376 ) (-7744 -960 -2944 ) 
4 2467 2468 (-7744 0 -2944 ) (-7744 -960 -2944 ) (-7744 -960 -1376 ) (-7744 0 -1376 ) 
4 2468 2538 (-8192 0 -160 ) (-8192 0 -2944 ) (-8192 -960 -2944 ) (-8192 -960 -160 ) 
4 2468 2471 (-8192 -960 -1376 ) (-8192 -960 -2944 ) (-7744 -960 -2944 ) (-7744 -960 -1376 ) 
4 2468 2470 (-7744 -960 -160 ) (-8192 -960 -160 ) (-8192 -960 -1376 ) (-7744 -960 -1376 ) 
4 2469 2473 (-7168 -1024 736 ) (-7168 -1024 7168 ) (-7744 -1024 7168 ) (-7744 -1024 736 ) 
4 2469 2470 (-7744 -1024 736 ) (-7744 -1024 7168 ) (-7744 -960 7168 ) (-7744 -960 736 ) 
4 2470 2538 (-8192 -1024 -1376 ) (-8192 -1024 7168 ) (-8192 -960 7168 ) (-8192 -960 -1376 ) 
4 2470 2473 (-7744 -1024 7168 ) (-8192 -1024 7168 ) (-8192 -1024 -1376 ) (-7744 -1024 -1376 ) 
4 2470 2471 (-8192 -960 -1376 ) (-7744 -960 -1376 ) (-7744 -1024 -1376 ) (-8192 -1024 -1376 ) 
4 2471 2538 (-8192 -1024 -2944 ) (-8192 -1024 -1376 ) (-8192 -960 -1376 ) (-8192 -960 -2944 ) 
4 2471 2473 (-7168 -1024 -2944 ) (-7168 -1024 -1376 ) (-8192 -1024 -1376 ) (-8192 -1024 -2944 ) 
4 2472 2478 (-6144 -2048 -2944 ) (-6144 -2048 7168 ) (-7168 -2048 7168 ) (-7168 -2048 -2944 ) 
4 2472 2473 (-7168 -1024 7168 ) (-7168 -1024 -2944 ) (-7168 -2048 -2944 ) (-7168 -2048 7168 ) 
4 2473 2539 (-8192 -2048 -2944 ) (-8192 -2048 7168 ) (-8192 -1024 7168 ) (-8192 -1024 -2944 ) 
4 2473 2479 (-7168 -2048 -2944 ) (-7168 -2048 7168 ) (-8192 -2048 7168 ) (-8192 -2048 -2944 ) 
4 2474 2476 (-4096 -3072 -2944 ) (-4096 -3072 7168 ) (-5120 -3072 7168 ) (-5120 -3072 -2944 ) 
4 2474 2475 (-5120 -2048 7168 ) (-5120 -2048 -2944 ) (-5120 -3072 -2944 ) (-5120 -3072 7168 ) 
4 2475 2478 (-6144 -2048 7168 ) (-6144 -2048 -2944 ) (-6144 -3072 -2944 ) (-6144 -3072 7168 ) 
4 2475 2477 (-5120 -3072 -2944 ) (-5120 -3072 7168 ) (-6144 -3072 7168 ) (-6144 -3072 -2944 ) 
4 2476 2522 (-4096 -4096 -2944 ) (-4096 -4096 7168 ) (-5120 -4096 7168 ) (-5120 -4096 -2944 ) 
4 2476 2477 (-5120 -3072 7168 ) (-5120 -3072 -2944 ) (-5120 -4096 -2944 ) (-5120 -4096 7168 ) 
4 2477 2523 (-5120 -4096 -2944 ) (-5120 -4096 7168 ) (-6144 -4096 7168 ) (-6144 -4096 -2944 ) 
4 2477 2480 (-6144 -4096 -2944 ) (-6144 -4096 7168 ) (-6144 -3072 7168 ) (-6144 -3072 -2944 ) 
4 2478 2480 (-6144 -3072 -2944 ) (-6144 -3072 7168 ) (-7168 -3072 7168 ) (-7168 -3072 -2944 ) 
4 2478 2479 (-7168 -2048 7168 ) (-7168 -2048 -2944 ) (-7168 -3072 -2944 ) (-7168 -3072 7168 ) 
4 2479 2540 (-8192 -3072 -2944 ) (-8192 -3072 7168 ) (-8192 -2048 7168 ) (-8192 -2048 -2944 ) 
4 2479 2481 (-7168 -3072 -2944 ) (-7168 -3072 7168 ) (-8192 -3072 7168 ) (-8192 -3072 -2944 ) 
4 2480 2526 (-6144 -4096 -2944 ) (-6144 -4096 7168 ) (-7168 -4096 7168 ) (-7168 -4096 -2944 ) 
4 2480 2481 (-7168 -3072 7168 ) (-7168 -3072 -2944 ) (-7168 -4096 -2944 ) (-7168 -4096 7168 ) 
4 2481 2541 (-8192 -4096 -2944 ) (-8192 -4096 7168 ) (-8192 -3072 7168 ) (-8192 -3072 -2944 ) 
4 2481 2527 (-7168 -4096 -2944 ) (-7168 -4096 7168 ) (-8192 -4096 7168 ) (-8192 -4096 -2944 ) 
4 2482 2490 (0 -5120 5120 ) (0 -5120 7168 ) (-1024 -5120 7168 ) (-1024 -5120 5120 ) 
4 2482 2487 (-1024 -4096 7168 ) (-1024 -4096 5120 ) (-1024 -5120 5120 ) (-1024 -5120 7168 ) 
4 2483 2484 (-864 -4560 3776 ) (-864 -4560 3584 ) (-864 -4784 3584 ) (-864 -4784 3776 ) 
4 2484 2485 (-896 -4560 3584 ) (-896 -4784 3584 ) (-896 -4784 3776 ) (-896 -4560 3776 ) 
4 2485 2491 (-896 -5120 3840 ) (-1024 -5120 3840 ) (-1024 -5120 3584 ) (-896 -5120 3584 ) 
4 2485 2488 (-1024 -4416 3584 ) (-1024 -5120 3584 ) (-1024 -5120 3840 ) (-1024 -4416 3840 ) 
4 2486 2498 (0 -5120 -2944 ) (0 -5120 640 ) (-1024 -5120 640 ) (-1024 -5120 -2944 ) 
4 2486 2489 (-1024 -4096 640 ) (-1024 -4096 -2944 ) (-1024 -5120 -2944 ) (-1024 -5120 640 ) 
4 2487 2510 (-2048 -4096 7168 ) (-2048 -4096 5120 ) (-2048 -5120 5120 ) (-2048 -5120 7168 ) 
4 2487 2499 (-1024 -5120 5120 ) (-1024 -5120 7168 ) (-2048 -5120 7168 ) (-2048 -5120 5120 ) 
4 2488 2502 (-1280 -5120 3840 ) (-1408 -5120 3840 ) (-1408 -5120 3584 ) (-1280 -5120 3584 ) 
4 2488 2500 (-1024 -5120 3584 ) (-1024 -5120 3840 ) (-1280 -5120 3840 ) (-1280 -5120 3584 ) 
4 2489 2510 (-2048 -4096 640 ) (-2048 -4096 -2944 ) (-2048 -5120 -2944 ) (-2048 -5120 640 ) 
4 2489 2503 (-1024 -5120 -2944 ) (-1024 -5120 640 ) (-2048 -5120 640 ) (-2048 -5120 -2944 ) 
4 2490 2499 (-1024 -5120 7168 ) (-1024 -5120 5120 ) (-1024 -5248 5120 ) (-1024 -5248 7168 ) 
4 2490 2495 (-1024 -5248 7168 ) (-1024 -5248 5120 ) (-512 -5248 5120 ) (-512 -5248 7168 ) 
4 2490 2494 (-512 -5248 5120 ) (-320 -5248 5120 ) (-320 -5248 7168 ) (-512 -5248 7168 ) 
4 2490 2493 (-320 -5248 5120 ) (-128 -5248 5120 ) (-128 -5248 7168 ) (-320 -5248 7168 ) 
4 2490 2492 (-128 -5248 5120 ) (0 -5248 5120 ) (0 -5248 7168 ) (-128 -5248 7168 ) 
4 2491 2500 (-1024 -5120 3840 ) (-1024 -5120 3584 ) (-1024 -5232 3584 ) (-1024 -5232 3840 ) 
4 2492 2496 (-128 -5504 3200 ) (0 -5504 3200 ) (0 -5504 7168 ) (-128 -5504 7168 ) 
4 2492 2493 (-128 -5504 3328 ) (-128 -5504 7168 ) (-128 -5248 7168 ) (-128 -5248 3328 ) 
4 2493 2496 (-128 -5504 3328 ) (-128 -5504 7168 ) (-320 -5504 7168 ) (-320 -5504 3328 ) 
4 2493 2494 (-320 -5248 7168 ) (-320 -5248 3456 ) (-320 -5504 3456 ) (-320 -5504 7168 ) 
4 2494 2496 (-320 -5504 3456 ) (-320 -5504 7168 ) (-512 -5504 7168 ) (-512 -5504 3456 ) 
4 2494 2495 (-512 -5248 7168 ) (-512 -5248 3584 ) (-512 -5504 3584 ) (-512 -5504 7168 ) 
4 2495 2504 (-1024 -5504 3584 ) (-1024 -5504 7168 ) (-1024 -5248 7168 ) (-1024 -5248 3584 ) 
4 2495 2496 (-512 -5504 3584 ) (-512 -5504 7168 ) (-1024 -5504 7168 ) (-1024 -5504 3584 ) 
4 2496 2514 (0 -6144 3200 ) (0 -6144 7168 ) (-1024 -6144 7168 ) (-1024 -6144 3200 ) 
4 2496 2505 (-1024 -5504 3200 ) (-1024 -6144 3200 ) (-1024 -6144 3584 ) (-1024 -5504 3584 ) 
4 2496 2504 (-1024 -6144 3584 ) (-1024 -6144 7168 ) (-1024 -5504 7168 ) (-1024 -5504 3584 ) 
4 2496 2497 (0 -6144 3200 ) (-1024 -6144 3200 ) (-1024 -5504 3200 ) (0 -5504 3200 ) 
4 2497 2514 (0 -6144 640 ) (0 -6144 3200 ) (-1024 -6144 3200 ) (-1024 -6144 640 ) 
4 2497 2507 (-1024 -6016 640 ) (-1024 -6144 640 ) (-1024 -6144 3200 ) (-1024 -5504 3200 ) 
4 2497 2498 (0 -6144 640 ) (-1024 -6144 640 ) (-1024 -6016 640 ) (0 -6016 640 ) 
4 2498 2514 (0 -6144 -2944 ) (0 -6144 640 ) (-1024 -6144 640 ) (-1024 -6144 -2944 ) 
4 2498 2509 (-1024 -5248 -2944 ) (-1024 -6144 -2944 ) (-1024 -6144 640 ) (-1024 -5248 640 ) 
4 2498 2503 (-1024 -5120 640 ) (-1024 -5120 -2944 ) (-1024 -5248 -2944 ) (-1024 -5248 640 ) 
4 2499 2512 (-2048 -5248 5120 ) (-2048 -5248 7168 ) (-2048 -5120 7168 ) (-2048 -5120 5120 ) 
4 2499 2504 (-1024 -5248 5120 ) (-1024 -5248 7168 ) (-2048 -5248 7168 ) (-2048 -5248 5120 ) 
4 2500 2502 (-1280 -5120 3584 ) (-1280 -5232 3584 ) (-1280 -5232 3840 ) (-1280 -5120 3840 ) 
4 2500 2501 (-1280 -5232 3776 ) (-1280 -5232 3584 ) (-1024 -5232 3584 ) (-1024 -5232 3776 ) 
4 2501 2504 (-1024 -5248 3584 ) (-1024 -5248 3776 ) (-1280 -5248 3776 ) (-1280 -5248 3584 ) 
4 2503 2512 (-2048 -5248 -2944 ) (-2048 -5248 640 ) (-2048 -5120 640 ) (-2048 -5120 -2944 ) 
4 2503 2509 (-1024 -5248 -2944 ) (-1024 -5248 640 ) (-2048 -5248 640 ) (-2048 -5248 -2944 ) 
4 2504 2515 (-1024 -6144 3584 ) (-1024 -6144 7168 ) (-2048 -6144 7168 ) (-2048 -6144 3584 ) 
4 2504 2512 (-2048 -6144 3584 ) (-2048 -6144 7168 ) (-2048 -5248 7168 ) (-2048 -5248 3584 ) 
4 2504 2505 (-1024 -5504 3584 ) (-1024 -6144 3584 ) (-1408 -6144 3584 ) (-1408 -5504 3584 ) 
4 2504 2506 (-2048 -5248 3584 ) (-1408 -5248 3584 ) (-1408 -6144 3584 ) (-2048 -6144 3584 ) 
4 2505 2515 (-1024 -6144 3200 ) (-1024 -6144 3584 ) (-1408 -6144 3584 ) (-1408 -6144 3200 ) 
4 2505 2507 (-1024 -6144 3200 ) (-1408 -6144 3200 ) (-1408 -5504 3200 ) (-1024 -5504 3200 ) 
4 2505 2506 (-1408 -5504 3200 ) (-1408 -6144 3200 ) (-1408 -6144 3584 ) (-1408 -5504 3584 ) 
4 2506 2515 (-1408 -6144 3584 ) (-2048 -6144 3584 ) (-2048 -6144 3200 ) (-1408 -6144 3200 ) 
4 2506 2512 (-2048 -6144 3200 ) (-2048 -6144 3584 ) (-2048 -5248 3584 ) (-2048 -5248 3200 ) 
4 2506 2508 (-1408 -6144 3200 ) (-2048 -6144 3200 ) (-2048 -5248 3200 ) (-1408 -5248 3200 ) 
4 2507 2515 (-1024 -6144 640 ) (-1024 -6144 3200 ) (-1408 -6144 3200 ) (-1408 -6144 640 ) 
4 2507 2509 (-1024 -6016 640 ) (-1024 -6144 640 ) (-1408 -6144 640 ) (-1408 -6016 640 ) 
4 2507 2508 (-1408 -6016 640 ) (-1408 -6144 640 ) (-1408 -6144 3200 ) (-1408 -5504 3200 ) 
4 2508 2515 (-1408 -6144 3200 ) (-2048 -6144 3200 ) (-2048 -6144 640 ) (-1408 -6144 640 ) 
4 2508 2512 (-2048 -6144 640 ) (-2048 -6144 3200 ) (-2048 -5248 3200 ) (-2048 -5248 640 ) 
4 2508 2509 (-2048 -5248 640 ) (-1408 -5248 640 ) (-1408 -6144 640 ) (-2048 -6144 640 ) 
4 2509 2515 (-1024 -6144 -2944 ) (-1024 -6144 640 ) (-2048 -6144 640 ) (-2048 -6144 -2944 ) 
4 2509 2512 (-2048 -6144 -2944 ) (-2048 -6144 640 ) (-2048 -5248 640 ) (-2048 -5248 -2944 ) 
4 2510 2512 (-2048 -5120 -2944 ) (-2048 -5120 7168 ) (-3072 -5120 7168 ) (-3072 -5120 -2944 ) 
4 2510 2511 (-3072 -4096 7168 ) (-3072 -4096 -2944 ) (-3072 -5120 -2944 ) (-3072 -5120 7168 ) 
4 2511 2522 (-4096 -4096 7168 ) (-4096 -4096 -2944 ) (-4096 -5120 -2944 ) (-4096 -5120 7168 ) 
4 2511 2513 (-3072 -5120 -2944 ) (-3072 -5120 7168 ) (-4096 -5120 7168 ) (-4096 -5120 -2944 ) 
4 2512 2518 (-2048 -6144 -2944 ) (-2048 -6144 7168 ) (-3072 -6144 7168 ) (-3072 -6144 -2944 ) 
4 2512 2513 (-3072 -5120 7168 ) (-3072 -5120 -2944 ) (-3072 -6144 -2944 ) (-3072 -6144 7168 ) 
4 2513 2524 (-4096 -6144 -2944 ) (-4096 -6144 7168 ) (-4096 -5120 7168 ) (-4096 -5120 -2944 ) 
4 2513 2519 (-3072 -6144 -2944 ) (-3072 -6144 7168 ) (-4096 -6144 7168 ) (-4096 -6144 -2944 ) 
4 2514 2516 (0 -7168 -2944 ) (0 -7168 7168 ) (-1024 -7168 7168 ) (-1024 -7168 -2944 ) 
4 2514 2515 (-1024 -6144 7168 ) (-1024 -6144 -2944 ) (-1024 -7168 -2944 ) (-1024 -7168 7168 ) 
4 2515 2518 (-2048 -6144 7168 ) (-2048 -6144 -2944 ) (-2048 -7168 -2944 ) (-2048 -7168 7168 ) 
4 2515 2517 (-1024 -7168 -2944 ) (-1024 -7168 7168 ) (-2048 -7168 7168 ) (-2048 -7168 -2944 ) 
4 2516 2546 (0 -8192 -2944 ) (0 -8192 7168 ) (-1024 -8192 7168 ) (-1024 -8192 -2944 ) 
4 2516 2517 (-1024 -7168 7168 ) (-1024 -7168 -2944 ) (-1024 -8192 -2944 ) (-1024 -8192 7168 ) 
4 2517 2547 (-1024 -8192 -2944 ) (-1024 -8192 7168 ) (-2048 -8192 7168 ) (-2048 -8192 -2944 ) 
4 2517 2520 (-2048 -8192 -2944 ) (-2048 -8192 7168 ) (-2048 -7168 7168 ) (-2048 -7168 -2944 ) 
4 2518 2520 (-2048 -7168 -2944 ) (-2048 -7168 7168 ) (-3072 -7168 7168 ) (-3072 -7168 -2944 ) 
4 2518 2519 (-3072 -6144 7168 ) (-3072 -6144 -2944 ) (-3072 -7168 -2944 ) (-3072 -7168 7168 ) 
4 2519 2530 (-4096 -7168 -2944 ) (-4096 -7168 7168 ) (-4096 -6144 7168 ) (-4096 -6144 -2944 ) 
4 2519 2521 (-3072 -7168 -2944 ) (-3072 -7168 7168 ) (-4096 -7168 7168 ) (-4096 -7168 -2944 ) 
4 2520 2550 (-2048 -8192 -2944 ) (-2048 -8192 7168 ) (-3072 -8192 7168 ) (-3072 -8192 -2944 ) 
4 2520 2521 (-3072 -7168 7168 ) (-3072 -7168 -2944 ) (-3072 -8192 -2944 ) (-3072 -8192 7168 ) 
4 2521 2551 (-3072 -8192 -2944 ) (-3072 -8192 7168 ) (-4096 -8192 7168 ) (-4096 -8192 -2944 ) 
4 2521 2532 (-4096 -8192 -2944 ) (-4096 -8192 7168 ) (-4096 -7168 7168 ) (-4096 -7168 -2944 ) 
4 2522 2524 (-4096 -5120 -2944 ) (-4096 -5120 7168 ) (-5120 -5120 7168 ) (-5120 -5120 -2944 ) 
4 2522 2523 (-5120 -4096 7168 ) (-5120 -4096 -2944 ) (-5120 -5120 -2944 ) (-5120 -5120 7168 ) 
4 2523 2526 (-6144 -4096 7168 ) (-6144 -4096 -2944 ) (-6144 -5120 -2944 ) (-6144 -5120 7168 ) 
4 2523 2525 (-5120 -5120 -2944 ) (-5120 -5120 7168 ) (-6144 -5120 7168 ) (-6144 -5120 -2944 ) 
4 2524 2530 (-4096 -6144 -2944 ) (-4096 -6144 7168 ) (-5120 -6144 7168 ) (-5120 -6144 -2944 ) 
4 2524 2525 (-5120 -5120 7168 ) (-5120 -5120 -2944 ) (-5120 -6144 -2944 ) (-5120 -6144 7168 ) 
4 2525 2531 (-5120 -6144 -2944 ) (-5120 -6144 7168 ) (-6144 -6144 7168 ) (-6144 -6144 -2944 ) 
4 2525 2528 (-6144 -6144 -2944 ) (-6144 -6144 7168 ) (-6144 -5120 7168 ) (-6144 -5120 -2944 ) 
4 2526 2528 (-6144 -5120 -2944 ) (-6144 -5120 7168 ) (-7168 -5120 7168 ) (-7168 -5120 -2944 ) 
4 2526 2527 (-7168 -4096 7168 ) (-7168 -4096 -2944 ) (-7168 -5120 -2944 ) (-7168 -5120 7168 ) 
4 2527 2542 (-8192 -5120 -2944 ) (-8192 -5120 7168 ) (-8192 -4096 7168 ) (-8192 -4096 -2944 ) 
4 2527 2529 (-7168 -5120 -2944 ) (-7168 -5120 7168 ) (-8192 -5120 7168 ) (-8192 -5120 -2944 ) 
4 2528 2534 (-6144 -6144 -2944 ) (-6144 -6144 7168 ) (-7168 -6144 7168 ) (-7168 -6144 -2944 ) 
4 2528 2529 (-7168 -5120 7168 ) (-7168 -5120 -2944 ) (-7168 -6144 -2944 ) (-7168 -6144 7168 ) 
4 2529 2543 (-8192 -6144 -2944 ) (-8192 -6144 7168 ) (-8192 -5120 7168 ) (-8192 -5120 -2944 ) 
4 2529 2535 (-7168 -6144 -2944 ) (-7168 -6144 7168 ) (-8192 -6144 7168 ) (-8192 -6144 -2944 ) 
4 2530 2532 (-4096 -7168 -2944 ) (-4096 -7168 7168 ) (-5120 -7168 7168 ) (-5120 -7168 -2944 ) 
4 2530 2531 (-5120 -6144 7168 ) (-5120 -6144 -2944 ) (-5120 -7168 -2944 ) (-5120 -7168 7168 ) 
4 2531 2534 (-6144 -6144 7168 ) (-6144 -6144 -2944 ) (-6144 -7168 -2944 ) (-6144 -7168 7168 ) 
4 2531 2533 (-5120 -7168 -2944 ) (-5120 -7168 7168 ) (-6144 -7168 7168 ) (-6144 -7168 -2944 ) 
4 2532 2554 (-4096 -8192 -2944 ) (-4096 -8192 7168 ) (-5120 -8192 7168 ) (-5120 -8192 -2944 ) 
4 2532 2533 (-5120 -7168 7168 ) (-5120 -7168 -2944 ) (-5120 -8192 -2944 ) (-5120 -8192 7168 ) 
4 2533 2555 (-5120 -8192 -2944 ) (-5120 -8192 7168 ) (-6144 -8192 7168 ) (-6144 -8192 -2944 ) 
4 2533 2536 (-6144 -8192 -2944 ) (-6144 -8192 7168 ) (-6144 -7168 7168 ) (-6144 -7168 -2944 ) 
4 2534 2536 (-6144 -7168 -2944 ) (-6144 -7168 7168 ) (-7168 -7168 7168 ) (-7168 -7168 -2944 ) 
4 2534 2535 (-7168 -6144 7168 ) (-7168 -6144 -2944 ) (-7168 -7168 -2944 ) (-7168 -7168 7168 ) 
4 2535 2544 (-8192 -7168 -2944 ) (-8192 -7168 7168 ) (-8192 -6144 7168 ) (-8192 -6144 -2944 ) 
4 2535 2537 (-7168 -7168 -2944 ) (-7168 -7168 7168 ) (-8192 -7168 7168 ) (-8192 -7168 -2944 ) 
4 2536 2558 (-6144 -8192 -2944 ) (-6144 -8192 7168 ) (-7168 -8192 7168 ) (-7168 -8192 -2944 ) 
4 2536 2537 (-7168 -7168 7168 ) (-7168 -7168 -2944 ) (-7168 -8192 -2944 ) (-7168 -8192 7168 ) 
4 2537 2559 (-7168 -8192 -2944 ) (-7168 -8192 7168 ) (-8192 -8192 7168 ) (-8192 -8192 -2944 ) 
4 2537 2545 (-8192 -8192 -2944 ) (-8192 -8192 7168 ) (-8192 -7168 7168 ) (-8192 -7168 -2944 ) 
4 2538 2539 (-8192 -1024 -2944 ) (-8192 -1024 7168 ) (-8896 -1024 7168 ) (-8896 -1024 -2944 ) 
4 2539 2540 (-8192 -2048 -2944 ) (-8192 -2048 7168 ) (-8896 -2048 7168 ) (-8896 -2048 -2944 ) 
4 2540 2541 (-8192 -3072 -2944 ) (-8192 -3072 7168 ) (-8896 -3072 7168 ) (-8896 -3072 -2944 ) 
4 2541 2542 (-8192 -4096 -2944 ) (-8192 -4096 7168 ) (-8896 -4096 7168 ) (-8896 -4096 -2944 ) 
4 2542 2543 (-8192 -5120 -2944 ) (-8192 -5120 7168 ) (-8896 -5120 7168 ) (-8896 -5120 -2944 ) 
4 2543 2544 (-8192 -6144 -2944 ) (-8192 -6144 7168 ) (-8896 -6144 7168 ) (-8896 -6144 -2944 ) 
4 2544 2545 (-8192 -7168 -2944 ) (-8192 -7168 7168 ) (-8896 -7168 7168 ) (-8896 -7168 -2944 ) 
4 2545 2562 (-8192 -8192 -2944 ) (-8192 -8192 7168 ) (-8896 -8192 7168 ) (-8896 -8192 -2944 ) 
4 2546 2548 (0 -9216 -2944 ) (0 -9216 7168 ) (-1024 -9216 7168 ) (-1024 -9216 -2944 ) 
4 2546 2547 (-1024 -8192 7168 ) (-1024 -8192 -2944 ) (-1024 -9216 -2944 ) (-1024 -9216 7168 ) 
4 2547 2550 (-2048 -8192 7168 ) (-2048 -8192 -2944 ) (-2048 -9216 -2944 ) (-2048 -9216 7168 ) 
4 2547 2549 (-1024 -9216 -2944 ) (-1024 -9216 7168 ) (-2048 -9216 7168 ) (-2048 -9216 -2944 ) 
4 2548 2549 (-1024 -9216 7168 ) (-1024 -9216 -2944 ) (-1024 -9600 -2944 ) (-1024 -9600 7168 ) 
4 2549 2552 (-2048 -9600 7168 ) (-2048 -9216 7168 ) (-2048 -9216 -2944 ) (-2048 -9600 -2944 ) 
4 2550 2552 (-2048 -9216 -2944 ) (-2048 -9216 7168 ) (-3072 -9216 7168 ) (-3072 -9216 -2944 ) 
4 2550 2551 (-3072 -8192 7168 ) (-3072 -8192 -2944 ) (-3072 -9216 -2944 ) (-3072 -9216 7168 ) 
4 2551 2554 (-4096 -8192 7168 ) (-4096 -8192 -2944 ) (-4096 -9216 -2944 ) (-4096 -9216 7168 ) 
4 2551 2553 (-3072 -9216 -2944 ) (-3072 -9216 7168 ) (-4096 -9216 7168 ) (-4096 -9216 -2944 ) 
4 2552 2553 (-3072 -9216 7168 ) (-3072 -9216 -2944 ) (-3072 -9600 -2944 ) (-3072 -9600 7168 ) 
4 2553 2556 (-4096 -9600 7168 ) (-4096 -9216 7168 ) (-4096 -9216 -2944 ) (-4096 -9600 -2944 ) 
4 2554 2556 (-4096 -9216 -2944 ) (-4096 -9216 7168 ) (-5120 -9216 7168 ) (-5120 -9216 -2944 ) 
4 2554 2555 (-5120 -8192 7168 ) (-5120 -8192 -2944 ) (-5120 -9216 -2944 ) (-5120 -9216 7168 ) 
4 2555 2558 (-6144 -8192 7168 ) (-6144 -8192 -2944 ) (-6144 -9216 -2944 ) (-6144 -9216 7168 ) 
4 2555 2557 (-5120 -9216 -2944 ) (-5120 -9216 7168 ) (-6144 -9216 7168 ) (-6144 -9216 -2944 ) 
4 2556 2557 (-5120 -9216 7168 ) (-5120 -9216 -2944 ) (-5120 -9600 -2944 ) (-5120 -9600 7168 ) 
4 2557 2560 (-6144 -9600 7168 ) (-6144 -9216 7168 ) (-6144 -9216 -2944 ) (-6144 -9600 -2944 ) 
4 2558 2560 (-6144 -9216 -2944 ) (-6144 -9216 7168 ) (-7168 -9216 7168 ) (-7168 -9216 -2944 ) 
4 2558 2559 (-7168 -8192 7168 ) (-7168 -8192 -2944 ) (-7168 -9216 -2944 ) (-7168 -9216 7168 ) 
4 2559 2562 (-8192 -8192 7168 ) (-8192 -8192 -2944 ) (-8192 -9216 -2944 ) (-8192 -9216 7168 ) 
4 2559 2561 (-7168 -9216 -2944 ) (-7168 -9216 7168 ) (-8192 -9216 7168 ) (-8192 -9216 -2944 ) 
4 2560 2561 (-7168 -9216 7168 ) (-7168 -9216 -2944 ) (-7168 -9600 -2944 ) (-7168 -9600 7168 ) 
4 2561 2563 (-8192 -9600 7168 ) (-8192 -9216 7168 ) (-8192 -9216 -2944 ) (-8192 -9600 -2944 ) 
4 2562 2563 (-8192 -9216 -2944 ) (-8192 -9216 7168 ) (-8896 -9216 7168 ) (-8896 -9216 -2944 ) 
